seller_id,seller_name,tier,province,join_date,total_products,rating,is_official
5fd4515b-a8d2-4aa1-b1d6-eb3b1fabc4bc,Toko_00000,SILVER,DKI Jakarta,2021-01-31,130,3.45,False
d1adf080-fe0a-4c58-9751-ee3cf156eb4d,Toko_00001,SILVER,Yogyakarta,2018-12-23,307,3.84,True
cbeda219-301f-4adf-8cb3-de6650e4d604,Toko_00002,BRONZE,Sulawesi Tengah,2018-04-19,292,3.4,False
16effc01-e2f9-4d1d-aab4-784fb39afef3,Toko_00003,SILVER,Sumatera Barat,2023-01-14,306,3.56,False
3975c068-1f7e-43b4-85a5-34cbbd1bb6d9,Toko_00004,GOLD,Sumatera Utara,2022-09-28,179,3.56,False
bb404f68-27ae-45d9-a3c3-152b39480017,Toko_00005,GOLD,Jawa Timur,2019-01-15,199,3.19,False
3c9579da-6a7b-485f-871e-79d03811a971,Toko_00006,SILVER,Jambi,2018-06-27,378,3.92,True
43cac27e-b29a-4a1a-b800-a89f0d6df6ec,Toko_00007,GOLD,Jawa Tengah,2021-04-15,429,4.26,False
a0c9d8ac-6306-4d55-9bdc-76ee74041ad9,Toko_00008,BRONZE,Sumatera Selatan,2018-10-12,28,4.32,False
2dc8b40b-6b4e-4a14-b1c0-33fc3e4d71a9,Toko_00009,PLATINUM,Bangka Belitung,2020-08-11,448,3.2,False
b263e9bc-6b02-4e13-bfa8-66b230b11d49,Toko_00010,SILVER,Kalimantan Selatan,2019-10-29,194,3.71,False
44742bba-a12d-4857-a3de-b696f2a122aa,Toko_00011,SILVER,Papua,2018-10-20,316,4.27,False
d4bbab88-5549-4f1f-ae50-cc96bcc53dfb,Toko_00012,BRONZE,Sulawesi Selatan,2022-04-04,143,4.98,False
3c9c336a-6b69-486c-8e75-7d7f8f7f8ab4,Toko_00013,SILVER,Papua,2021-08-21,436,4.54,True
5caeeccf-fb3a-4c02-bf61-9cf36229b871,Toko_00014,GOLD,Jambi,2021-07-16,210,3.54,False
7175817c-f0b5-457e-bf90-fae2a9c32a15,Toko_00015,PLATINUM,Yogyakarta,2021-07-12,113,4.31,False
3567fee1-76a0-4210-a6bd-cb0377836a32,Toko_00016,GOLD,Sulawesi Selatan,2019-08-09,140,3.28,False
6df81ad2-ac77-437c-8b1e-2b6f0cc02f49,Toko_00017,SILVER,Aceh,2022-10-21,464,4.17,False
ff3eb093-d881-4cbf-943d-6988476452bf,Toko_00018,PLATINUM,Banten,2023-09-19,257,3.18,True
a2f1baef-16f9-4063-b879-dcbc08d1f018,Toko_00019,BRONZE,Nusa Tenggara Timur,2019-10-18,410,4.36,False
bd8e2b00-36c0-42df-ae33-348ad70c386d,Toko_00020,BRONZE,Nusa Tenggara Barat,2023-04-02,275,3.5,False
40d7e669-134d-42e1-bd64-f32ab2f8796c,Toko_00021,PLATINUM,Papua,2019-04-15,354,4.77,False
4af05e1e-e6b0-4730-b9fb-c904d5bfb963,Toko_00022,GOLD,Kalimantan Timur,2019-04-02,155,3.87,False
529e36c5-edee-4831-9339-3c5e617350d8,Toko_00023,PLATINUM,Yogyakarta,2020-12-14,261,4.52,False
579aa906-5548-45e0-85f7-c53046bda8c8,Toko_00024,BRONZE,Nusa Tenggara Timur,2021-05-07,435,4.28,False
ea9158ac-1b22-431a-92c3-857fb9dedd13,Toko_00025,BRONZE,Bengkulu,2019-10-24,281,4.91,False
51aa0796-059d-48c1-8e00-9b8999f94240,Toko_00026,GOLD,Nusa Tenggara Barat,2021-08-20,255,3.04,False
29908c03-83a6-4615-9046-449b71be599f,Toko_00027,GOLD,Kepulauan Riau,2021-06-13,127,3.12,False
07757f91-f435-4c03-82c8-a5899a54ae7c,Toko_00028,PLATINUM,Jawa Tengah,2023-06-14,422,3.14,False
4b97f646-6e5f-4480-af7c-9126d69a013f,Toko_00029,GOLD,Banten,2023-05-01,489,4.1,False
4b86be35-15bb-48a8-b03e-e9ebee1c6961,Toko_00030,GOLD,Kalimantan Tengah,2020-05-17,480,4.08,False
653e70aa-7fe8-4494-9910-fe6162288a21,Toko_00031,BRONZE,Lampung,2022-06-23,348,4.3,False
62515552-6f1f-43a6-8b53-813452458483,Toko_00032,SILVER,Jawa Timur,2020-10-12,120,3.13,True
9cf067a9-d17b-4d91-b218-ddc82de9c092,Toko_00033,SILVER,Bali,2020-06-21,8,3.14,False
39030b87-61bc-4571-b8ba-4253d87c05da,Toko_00034,BRONZE,Yogyakarta,2018-05-09,445,3.66,False
483a19fa-87e0-4b36-89b2-2ba6322568dd,Toko_00035,BRONZE,Sulawesi Utara,2020-05-27,281,3.26,False
2f653962-aa54-4c57-8eac-32c4768f532b,Toko_00036,SILVER,Sulawesi Utara,2020-09-22,406,3.95,False
f4a7c793-6a7b-47d1-abc0-3a88ee0bf8e5,Toko_00037,BRONZE,Papua,2022-11-01,186,3.85,False
13547da0-33d1-4301-89d8-d8f749b11db3,Toko_00038,SILVER,Papua,2019-02-08,36,3.81,False
12016e6f-3422-477d-a288-12f9f4b16de7,Toko_00039,GOLD,Sumatera Barat,2020-02-24,102,4.07,True
5e809c71-a40d-4efb-b374-5627b52101b8,Toko_00040,BRONZE,Sulawesi Selatan,2020-10-20,452,4.85,False
9eca7764-edb0-437b-865c-1692e186f0c5,Toko_00041,GOLD,Sulawesi Tenggara,2019-02-06,30,4.3,False
fb4cd33e-0a3e-44e8-b581-0cdbf0d7b47d,Toko_00042,BRONZE,Jawa Tengah,2020-08-26,90,3.81,False
52bf2279-2477-440c-bd35-1a250df9bb8c,Toko_00043,GOLD,Yogyakarta,2018-08-29,89,3.76,False
068c5170-0c03-4259-8ac7-94bb9fbeefdb,Toko_00044,BRONZE,Jambi,2023-02-07,151,3.85,False
cb8cb3e2-a866-4ff4-9b95-466a8d492b0f,Toko_00045,PLATINUM,Sulawesi Tenggara,2023-06-17,84,3.38,False
29ead1b4-85c3-4557-8f31-069a697e537d,Toko_00046,BRONZE,Aceh,2018-09-07,387,3.63,True
d12a35d0-faab-443c-8693-a21936f9611a,Toko_00047,SILVER,Gorontalo,2023-12-16,85,3.11,False
424be737-d21a-4cfe-9c25-9f0ae9426296,Toko_00048,GOLD,Jawa Tengah,2018-10-06,350,4.72,False
b9a72daa-dfc9-4da2-9055-3a959df96f0c,Toko_00049,PLATINUM,Bali,2020-10-05,301,4.19,False
69bb200f-b368-4eee-b6ea-13c4a9ba0d89,Toko_00050,BRONZE,Bali,2023-11-12,166,4.87,False
76384240-71c1-4571-a4cd-d12c8b5a517d,Toko_00051,SILVER,Sumatera Barat,2020-12-23,207,3.26,False
8f30dc30-1edd-4a89-b66a-66d4e56e7d18,Toko_00052,SILVER,Gorontalo,2018-10-25,9,3.92,False
62d30ffa-e5ee-4c48-94e2-9c5e9b42db2d,Toko_00053,PLATINUM,Jawa Tengah,2020-05-23,264,3.53,False
8824cfa5-0d66-4d2d-9300-83afa18fc80b,Toko_00054,GOLD,Yogyakarta,2020-09-27,194,3.57,False
aa9198dc-c0dc-4c5c-9b39-280f1c7a60d2,Toko_00055,SILVER,Lampung,2023-12-07,9,4.34,False
9352b4bb-f459-4a84-b16b-20c3f87c8535,Toko_00056,PLATINUM,Jawa Timur,2019-07-05,140,3.23,True
519ee8cf-8061-4879-b0b4-7921d68c19b9,Toko_00057,SILVER,Riau,2021-02-28,314,3.42,False
bb8e584e-ea08-4292-bda3-f2940031b526,Toko_00058,SILVER,Bangka Belitung,2020-12-17,263,3.98,False
c039c688-93dd-4ce3-b0da-82c39fa40ca0,Toko_00059,GOLD,Jawa Tengah,2022-10-01,429,3.55,True
a4399ba8-95dd-4d1a-bcdd-3bc0ff36eb77,Toko_00060,GOLD,Nusa Tenggara Timur,2020-12-08,87,4.48,False
8f47823c-4004-4933-9fad-c687b0a4073f,Toko_00061,BRONZE,DKI Jakarta,2019-04-04,43,4.89,False
150e0c40-9718-46c7-9e0a-d82a2c91fcd0,Toko_00062,BRONZE,Jawa Barat,2022-02-21,303,4.11,False
b4a4aff5-eaaa-43c3-ba34-1bf7934aee7c,Toko_00063,BRONZE,Kalimantan Selatan,2018-06-13,465,3.72,False
41ea83f3-426f-4ee0-a480-cfac19888933,Toko_00064,SILVER,Kalimantan Selatan,2022-07-23,322,4.5,False
51b0279a-15e9-4468-8002-59522e2b1f30,Toko_00065,BRONZE,Sumatera Utara,2019-12-27,456,3.82,False
caef3c4b-4984-4fe3-b8d1-3f2d17e3f1c7,Toko_00066,GOLD,Jambi,2022-08-14,415,4.34,False
aad02df0-bf7e-4765-8003-b53ede51c9fa,Toko_00067,BRONZE,Sumatera Utara,2019-03-19,200,4.74,False
9bb7c4a8-75c8-4ba0-9223-1871fb79062b,Toko_00068,BRONZE,Kepulauan Riau,2023-03-01,184,3.61,False
723900d2-16f7-4c27-b227-15295d42de1f,Toko_00069,BRONZE,DKI Jakarta,2020-03-02,209,3.66,False
c9018779-548a-4dde-a771-c1e5aacd60b7,Toko_00070,PLATINUM,Riau,2021-12-09,333,4.02,False
00c76559-b6d1-44b2-a720-09863e2278c4,Toko_00071,GOLD,Kalimantan Timur,2018-04-24,64,4.75,False
a322c69d-60dd-474f-a803-e5de4b1718f0,Toko_00072,SILVER,Riau,2018-06-06,60,4.19,False
6a8b14d1-a509-4c20-b31f-cb2948ee9a78,Toko_00073,GOLD,Kalimantan Tengah,2023-09-26,64,3.77,False
d8689596-3721-46a3-b28f-18034fbe368c,Toko_00074,BRONZE,Maluku,2022-11-22,5,4.04,False
fff2538e-b199-4c4d-b293-e2a87058b8cd,Toko_00075,SILVER,Aceh,2020-03-18,191,3.86,False
fc5aeb8c-51ef-4cf1-95ed-af458a8ee793,Toko_00076,GOLD,Nusa Tenggara Barat,2021-07-09,344,4.7,False
e2a6041c-2a4f-41a6-b047-0e74d0585dca,Toko_00077,BRONZE,Lampung,2022-07-31,172,3.8,False
a5b1b013-ac7e-4c0f-8785-47bda55906c4,Toko_00078,BRONZE,Kalimantan Tengah,2022-04-02,351,4.5,False
1d1733d1-4cf4-4236-9887-d52160b79da5,Toko_00079,SILVER,Kalimantan Barat,2018-01-02,160,3.57,False
6ee79f45-533d-42aa-b283-f3d6c1184f3b,Toko_00080,SILVER,Nusa Tenggara Timur,2021-08-12,243,3.88,False
5d73e1ab-420b-4695-b893-a9d722af20ea,Toko_00081,SILVER,Jambi,2019-11-27,342,3.17,False
04862d31-ae52-4308-80e4-1e78d8f11430,Toko_00082,SILVER,Kalimantan Timur,2019-01-18,424,4.9,False
fabe4c35-9f49-4e7e-8830-eebebc615712,Toko_00083,BRONZE,Jambi,2020-03-26,80,3.05,False
4562f9c3-adf2-47c5-a352-bb8e66593bca,Toko_00084,SILVER,Bangka Belitung,2018-10-26,238,3.83,False
7808ee05-dcb5-412a-bcf5-4eddb8239aa6,Toko_00085,BRONZE,Maluku,2022-04-22,258,3.8,True
cf8e6959-b833-46ce-b44c-8bc113227874,Toko_00086,SILVER,Yogyakarta,2019-03-13,403,3.85,False
76cad2d8-2b2c-4a7f-a761-2da489afa598,Toko_00087,PLATINUM,Sulawesi Tengah,2023-03-18,30,4.11,False
05ba9985-6da4-4899-bec8-8818e0a80dce,Toko_00088,BRONZE,Banten,2023-03-19,346,4.06,False
da98b9e5-20f6-4d4a-8650-13774aaf5004,Toko_00089,BRONZE,Bengkulu,2022-12-18,318,4.63,False
686b2021-fad2-475b-af98-c5527d15bd83,Toko_00090,BRONZE,Gorontalo,2023-01-01,464,3.32,False
12adaa23-d6c0-451f-93e8-dfd507fb2605,Toko_00091,SILVER,Bengkulu,2020-10-09,435,4.28,False
92836e25-cea2-4aa2-a100-3e00fc49afb9,Toko_00092,SILVER,Nusa Tenggara Timur,2020-09-06,145,3.88,False
8f376229-2897-4934-b862-c81da5bd03e0,Toko_00093,BRONZE,Kalimantan Timur,2021-08-02,462,4.08,True
1bd8bd17-d639-4547-ac53-c6b4ff8f47d3,Toko_00094,BRONZE,Maluku,2019-09-18,366,3.43,False
4d3c1ba9-055d-4d49-9c6b-feab6b004a31,Toko_00095,BRONZE,Sulawesi Selatan,2022-08-31,36,3.41,False
dc9e7efa-c042-45f1-9204-4a38043800ac,Toko_00096,GOLD,Bali,2018-03-22,443,4.76,False
06586cb0-331d-461e-890f-4c8d0aa6de11,Toko_00097,SILVER,Kalimantan Selatan,2021-05-08,390,3.78,False
a6ef018b-446f-4db6-831c-0338bf7f651f,Toko_00098,GOLD,Sulawesi Tenggara,2020-06-22,254,3.44,False
08bc693f-702b-4d7e-a15f-1a8c2e7a097e,Toko_00099,BRONZE,Kalimantan Timur,2022-07-15,375,3.33,False
c983c52d-8c93-4da5-a923-b417e0ba767d,Toko_00100,BRONZE,Nusa Tenggara Barat,2023-12-28,18,4.81,False
789575db-d5e4-4b2b-b6fc-097e44d3b08b,Toko_00101,SILVER,Jawa Tengah,2022-10-22,74,4.73,False
51c96af7-cdc2-489c-8e1a-a799389579f9,Toko_00102,BRONZE,Kalimantan Timur,2020-05-16,237,3.65,False
928a6de9-0aa1-4c92-88a4-8beedd4873ca,Toko_00103,BRONZE,Bengkulu,2022-09-23,134,4.67,False
aa08dc35-c34c-48e6-a953-a41c2ad0952c,Toko_00104,SILVER,Jawa Barat,2021-12-04,119,4.3,False
2a1e99e9-6970-42a9-b1c9-6aeeab142b84,Toko_00105,SILVER,Bengkulu,2018-05-08,491,3.49,False
d3d7fbf5-5e0f-458c-9f47-ae6fb8e6d025,Toko_00106,SILVER,Sumatera Barat,2019-06-02,247,4.34,False
2bfce101-7af5-4827-9386-ff26d9445718,Toko_00107,BRONZE,Maluku,2020-11-15,397,3.74,False
bca6f0d2-88fc-4afd-81ad-f87551d3bb6b,Toko_00108,PLATINUM,Maluku,2019-04-15,403,4.64,False
1ec33334-52f1-4ef2-95d5-2f587b4d55d5,Toko_00109,BRONZE,DKI Jakarta,2021-07-01,299,4.35,False
e6b612e5-cf1c-48be-90dc-843107c4ae97,Toko_00110,BRONZE,Maluku,2020-03-23,43,4.18,False
207bed42-8d43-42d1-a181-ef0e63a16535,Toko_00111,BRONZE,Maluku,2021-05-20,440,4.37,False
dbbfac60-cd99-464c-9ac3-173e21442a5f,Toko_00112,GOLD,Bali,2018-06-18,182,4.07,False
1124497b-5204-42c7-934a-70aed177a332,Toko_00113,BRONZE,Nusa Tenggara Timur,2021-10-29,11,4.7,False
14299b5f-746f-4d24-8c40-4e30b7f68d57,Toko_00114,BRONZE,Kalimantan Selatan,2023-02-27,367,3.31,False
22288737-2eed-4be6-981e-1bcb9e4af6a0,Toko_00115,SILVER,Nusa Tenggara Timur,2021-01-11,320,4.62,False
e69c4609-ac5a-4486-ae64-2ed5fa68e46d,Toko_00116,SILVER,Kalimantan Tengah,2021-01-04,170,4.7,False
f2ff776d-5370-4dac-92c6-f98051c6e275,Toko_00117,BRONZE,Yogyakarta,2023-01-21,129,4.5,False
0584dc38-26a6-474b-bccc-5bf7c77c4b50,Toko_00118,SILVER,Kalimantan Timur,2018-04-28,258,4.7,False
8d6d85d6-1f0e-4d22-bc98-c3df0eb09270,Toko_00119,BRONZE,Jambi,2020-11-24,179,3.56,False
f52e0d21-f785-4cdb-a5f9-782f521ab822,Toko_00120,GOLD,Sulawesi Tenggara,2018-02-11,269,4.9,True
c67cba34-e5ff-4b07-a596-3360b7a7dc3b,Toko_00121,SILVER,Sulawesi Utara,2020-09-11,358,3.95,False
442c54a6-92f7-4710-aa78-778bd0a9f22e,Toko_00122,BRONZE,DKI Jakarta,2019-01-17,155,3.44,False
86027217-634f-4707-b8f5-3af37319327d,Toko_00123,BRONZE,Bali,2022-02-20,247,4.11,False
fb19d507-4de3-4438-af5e-9d7a0372424d,Toko_00124,PLATINUM,Sulawesi Tenggara,2021-09-16,185,4.41,False
5371a8b4-9508-48f7-9c60-eb1fc2a2ec61,Toko_00125,BRONZE,Jawa Timur,2020-02-28,166,3.24,False
cc5c7789-ec16-46da-ac27-e5e8efc889e0,Toko_00126,GOLD,Sumatera Utara,2020-02-24,115,4.48,False
9ded106b-804b-48e8-84c4-9f486368baa6,Toko_00127,SILVER,Bengkulu,2023-11-19,310,3.57,True
f476c6d6-cd99-45c3-bd6a-5ca78898ae9c,Toko_00128,BRONZE,Sumatera Barat,2022-01-18,96,3.6,False
9b859aab-950d-437d-9a56-653a22c1ab38,Toko_00129,BRONZE,Jawa Barat,2018-08-12,288,3.58,False
df20cc80-c85f-4337-af48-4649d08ad435,Toko_00130,SILVER,Bengkulu,2023-07-04,57,4.75,False
de23d579-c4b1-41bc-95e8-233cdf01b0cc,Toko_00131,SILVER,Sulawesi Selatan,2021-10-27,99,4.93,False
fff4ad7e-96a0-4caa-88e0-6fba95410117,Toko_00132,GOLD,Jawa Timur,2018-09-25,210,3.98,False
bf669948-3942-4c7b-8b34-40732bf42984,Toko_00133,SILVER,Banten,2019-09-04,420,4.13,False
d8f7687c-3e50-4e13-bed7-6a889be4aaa2,Toko_00134,PLATINUM,Jawa Timur,2022-09-01,315,4.19,False
17a9a87b-06de-4409-8c62-7aec8796b402,Toko_00135,GOLD,Kalimantan Barat,2023-01-20,470,3.89,False
3b90e157-f21c-4168-a584-2ec9d899e599,Toko_00136,PLATINUM,Lampung,2018-09-04,317,4.92,True
159900d2-7d28-40e3-9b39-768b164ee1c6,Toko_00137,GOLD,Nusa Tenggara Timur,2020-05-14,140,4.32,False
b348fa42-f435-4f05-9431-098a3c981d83,Toko_00138,BRONZE,Jawa Tengah,2019-10-04,6,3.82,False
a08cb4fa-b33a-4178-9d71-f62746ff9c4b,Toko_00139,SILVER,Jawa Barat,2020-08-06,152,4.41,False
06aaa5e8-28b2-4e08-83df-5f4593648dca,Toko_00140,SILVER,Papua,2020-08-14,478,3.53,False
92f3b1da-10f0-4a17-a7b1-6f271119b644,Toko_00141,SILVER,Jambi,2020-03-21,222,3.23,False
7372471b-841d-4c5d-aa18-861abfa1426f,Toko_00142,BRONZE,Riau,2019-08-06,41,3.12,False
04dda4c7-1b70-4e62-b919-ef46b31c1ccd,Toko_00143,SILVER,Kepulauan Riau,2021-03-28,229,3.25,False
a29cdf29-838d-4821-95e7-418a3aa17bd6,Toko_00144,SILVER,Riau,2023-08-12,281,3.99,True
4d47ec01-79ca-4641-a346-e54f6d281d2b,Toko_00145,BRONZE,Kalimantan Tengah,2021-08-13,314,3.5,True
9bcb9767-5536-4407-9ae4-467bb0269982,Toko_00146,PLATINUM,Kepulauan Riau,2018-03-26,396,4.34,False
c90bf8fe-b6d6-4ed5-9df1-1a8aa2cd2415,Toko_00147,BRONZE,Bengkulu,2019-12-19,245,4.04,False
ba67ec92-1899-4cba-8974-1b4cd19d60d5,Toko_00148,BRONZE,Bali,2022-11-21,330,4.63,False
c38ca587-34eb-4c9d-9adc-8ce4fa10defb,Toko_00149,SILVER,Kalimantan Tengah,2021-09-27,169,4.34,False
cea92f90-a0cf-4cae-9ff6-012fd915b090,Toko_00150,BRONZE,Maluku,2023-07-23,152,4.33,False
41b0a61f-d746-4b06-9240-05b44b0e94be,Toko_00151,GOLD,Jawa Barat,2023-02-06,50,3.63,False
a7f0eb83-a774-4ae8-a77f-24d3e06c0201,Toko_00152,PLATINUM,Kalimantan Barat,2023-10-09,427,4.98,False
3dbf545d-edea-46e6-95c2-441fa9b0e6a9,Toko_00153,SILVER,Kalimantan Tengah,2018-08-11,101,4.04,False
3c0f3c24-cfba-4f20-bac1-8afbdec19cbc,Toko_00154,SILVER,Sulawesi Selatan,2018-07-31,109,3.53,True
566c135f-45a4-4263-b132-833d710db0bf,Toko_00155,BRONZE,Yogyakarta,2023-06-09,67,3.06,False
15f9a4db-b556-4b56-b3b4-5ac16e9a4c5e,Toko_00156,GOLD,Maluku,2019-10-11,164,4.1,False
76e73271-dcd7-4bfa-bb11-8b006eaec5fc,Toko_00157,BRONZE,Kepulauan Riau,2019-04-10,241,4.89,False
78a66936-2846-409d-8805-f863f4aae2f5,Toko_00158,BRONZE,Gorontalo,2021-04-10,265,4.41,False
1f1fe106-694f-46b5-b473-10720807e25d,Toko_00159,SILVER,Sulawesi Utara,2020-09-25,238,4.1,False
6353ef66-6a00-4a5b-b9db-feaa641a97ac,Toko_00160,GOLD,Sulawesi Tengah,2019-07-14,447,3.14,False
e4360024-61e1-48a3-890b-4d09aea45014,Toko_00161,GOLD,Kalimantan Timur,2023-09-11,141,4.64,False
3b32da26-5a44-4dd4-b434-6050917c0306,Toko_00162,BRONZE,Bali,2023-06-29,448,3.3,False
deb8f396-8fff-48b9-abf3-569007ba23b8,Toko_00163,BRONZE,Sulawesi Tenggara,2022-03-26,238,4.87,False
5dfd2593-92ef-46f4-a429-c6196a0a8cdd,Toko_00164,PLATINUM,Sumatera Barat,2022-04-18,124,4.71,False
503649d4-9ef6-4248-8a22-a2b77df69cc4,Toko_00165,BRONZE,Sulawesi Utara,2022-04-11,202,4.98,False
8f2aed76-e777-4aa1-8498-da69dcb98852,Toko_00166,SILVER,Banten,2023-07-22,498,3.07,False
06bdda57-69c7-48f6-89f7-01febd15fefb,Toko_00167,SILVER,Bangka Belitung,2019-02-16,452,4.69,True
b355e6bf-6994-4d84-831c-1bf75b7c1b7f,Toko_00168,GOLD,DKI Jakarta,2019-08-14,214,4.74,False
cf26bade-eeea-446f-a4bb-0dea45968f4b,Toko_00169,BRONZE,Jambi,2020-12-21,178,4.25,False
3cac79fb-a172-4be5-9b0c-00c13987f451,Toko_00170,BRONZE,Kalimantan Timur,2023-12-26,199,4.91,False
f8927d70-ab69-4867-934f-106a3380d0c6,Toko_00171,GOLD,Sulawesi Utara,2018-05-28,321,3.14,False
6fb3f64f-82cf-4924-a5ad-d993949e17fc,Toko_00172,GOLD,Sumatera Barat,2019-01-06,227,4.96,False
a4b85068-6cef-425c-975d-2a259ae216cf,Toko_00173,SILVER,Jawa Timur,2022-12-23,90,4.39,False
4351faaf-5ae0-45de-9fd1-05990c90b405,Toko_00174,BRONZE,Jambi,2018-08-18,155,3.72,False
5b20c0af-b8ef-45df-82cb-4a846c48efbf,Toko_00175,BRONZE,Kalimantan Tengah,2020-01-08,92,3.35,False
dcb3dcd9-a7ca-4deb-9218-18ca45f82dd9,Toko_00176,BRONZE,Papua,2020-09-13,259,4.83,True
ca289c5c-d3d6-42d4-9a0e-0cc60bba7395,Toko_00177,SILVER,Riau,2023-02-26,135,4.33,False
6db2ea2a-6484-47d4-94b2-2d2e049971cd,Toko_00178,SILVER,Lampung,2019-10-10,42,3.88,False
309da1f3-ade6-4def-8cbc-8dad4c52ba38,Toko_00179,SILVER,Nusa Tenggara Timur,2022-10-04,358,3.5,False
b574e6fc-fe47-45c9-8ce8-f47aacf4cae7,Toko_00180,BRONZE,Kalimantan Barat,2023-06-03,59,3.47,False
7c14035e-d977-4f3e-96de-d35b66dda52a,Toko_00181,SILVER,Maluku,2021-04-24,16,4.96,False
e70575dc-6057-4b22-8a58-cf7063419f07,Toko_00182,BRONZE,Bali,2018-07-20,471,4.21,False
9d244aaa-7fb8-472b-8008-c6e794f5435d,Toko_00183,GOLD,Lampung,2020-07-31,315,4.6,False
1d8f2658-5a38-4813-95cc-20a40802dcf8,Toko_00184,BRONZE,Riau,2019-07-15,326,3.19,False
b2ae6095-53cb-4c16-b52f-d94709021763,Toko_00185,BRONZE,Jambi,2022-12-11,22,4.16,False
b948abee-04c5-48b6-8af2-6e6060398870,Toko_00186,BRONZE,Lampung,2021-08-31,387,3.83,False
07db68d9-c232-4d2f-998f-a35eb0ffe385,Toko_00187,GOLD,Yogyakarta,2022-02-07,276,4.0,False
4a10431a-9512-419f-9da0-304da31a3197,Toko_00188,BRONZE,Gorontalo,2023-05-28,500,4.61,False
33f54aa3-cfbb-4721-89d7-7158b1f5cf0b,Toko_00189,BRONZE,Jawa Timur,2023-04-03,498,3.15,False
7c24f83d-745d-41e9-8aa5-de75a990b4c8,Toko_00190,BRONZE,Papua,2022-06-16,500,4.69,False
eabbd914-38cd-4ca4-a7c9-ba6de834ee86,Toko_00191,BRONZE,Kalimantan Barat,2018-02-27,140,4.07,False
ac3e2bc2-571b-4387-a59b-537d0ab50c39,Toko_00192,SILVER,Papua,2020-12-09,304,3.76,False
99e6a562-6d85-4603-b7b8-47b6a819afcc,Toko_00193,BRONZE,Papua,2020-08-15,246,3.05,False
896f5ebe-241e-492b-a61d-a79da136a305,Toko_00194,SILVER,Gorontalo,2020-06-25,336,3.13,False
7c803e64-4f60-4fc4-9fca-b001e34f05c8,Toko_00195,GOLD,Lampung,2022-07-31,64,3.28,False
008d38a4-0ed5-4ce8-aa61-dc086cad7631,Toko_00196,BRONZE,Sulawesi Utara,2019-04-21,54,3.47,False
19f778bd-2408-440d-9d10-05060006ccaf,Toko_00197,BRONZE,Kalimantan Selatan,2022-09-13,305,4.48,False
2d609c59-b7b8-4821-bc38-619b4f8af93e,Toko_00198,BRONZE,Jawa Timur,2023-06-28,320,3.82,False
b9316543-e46f-4332-97b7-64caa67f8e8a,Toko_00199,BRONZE,Kalimantan Selatan,2020-06-08,232,3.89,False
9d094270-0a05-41ec-b21c-80efcf51a436,Toko_00200,BRONZE,Papua,2022-02-13,283,4.8,False
0b32849b-e01c-4a19-a882-127a0d1734c1,Toko_00201,BRONZE,Riau,2020-02-17,500,3.24,False
b475be76-9c4e-4743-8e5c-fb9bf2f14299,Toko_00202,SILVER,Papua,2020-05-18,333,4.28,False
d9ca7e19-c804-41bd-97bc-73f825a55ffa,Toko_00203,BRONZE,Kalimantan Timur,2020-09-24,69,4.57,False
8b1bfd19-46db-4733-a118-ed51e79d1f41,Toko_00204,GOLD,Sulawesi Tenggara,2020-04-28,305,3.43,False
4416f2b5-a26c-4900-b9c2-12dbcb80be80,Toko_00205,BRONZE,Banten,2018-01-12,146,4.72,True
7cac139c-e7cd-4aad-a05e-02cb768f9eae,Toko_00206,BRONZE,Riau,2019-12-16,61,4.32,True
6293c3c5-1ec0-4894-96d7-1979267b3117,Toko_00207,BRONZE,Jambi,2020-09-01,306,3.65,False
ae584d18-0d0b-4305-8fc0-91a91b0df472,Toko_00208,BRONZE,Aceh,2022-09-21,274,3.23,True
ccf1bf90-fb08-46c5-ba26-54bed0a9d2ee,Toko_00209,BRONZE,Kalimantan Selatan,2023-10-04,308,3.22,False
86d431d0-318e-4105-8b14-dcc9ca51b17a,Toko_00210,PLATINUM,Jawa Barat,2023-11-06,159,3.92,False
6be605ee-617b-4993-ac3b-d2ba038a621a,Toko_00211,BRONZE,Sulawesi Utara,2022-07-04,223,4.37,False
b6936440-2930-4749-bdf6-13d196da16b5,Toko_00212,GOLD,Jawa Tengah,2018-11-27,169,4.22,True
566ddfee-6b33-4020-a226-b207738d8442,Toko_00213,BRONZE,Nusa Tenggara Timur,2021-08-24,200,4.99,False
0573e30b-7820-4203-a24c-4aaea9c4fab0,Toko_00214,SILVER,Nusa Tenggara Barat,2022-10-29,55,4.59,True
9f415cb6-4e5a-4f98-89e6-2d7878f2b9be,Toko_00215,SILVER,Yogyakarta,2020-05-30,225,3.9,False
f331be29-7b41-4f60-a9d7-cde9e868fbcd,Toko_00216,BRONZE,Sulawesi Selatan,2022-06-22,217,4.46,False
107b0926-c7dc-4723-b36d-29723a20ef89,Toko_00217,BRONZE,Riau,2022-03-14,493,3.31,False
516da64c-4d25-4130-9e14-ba05e5eb9908,Toko_00218,BRONZE,Kepulauan Riau,2018-12-16,52,3.86,False
6cc688c5-613f-4875-bbda-1992036ffd3e,Toko_00219,BRONZE,Banten,2018-09-03,305,4.91,False
97c3e96c-cd5d-4008-8d85-09caab0e581e,Toko_00220,SILVER,Kalimantan Tengah,2021-12-19,452,4.33,False
6814fd62-8e41-4316-b897-2f81b0f3c995,Toko_00221,GOLD,Aceh,2018-07-30,500,3.58,False
75612f69-5a69-4c4d-89fa-16cae3a48b86,Toko_00222,BRONZE,Sulawesi Tengah,2020-05-21,84,4.31,False
f3bce0e6-c284-438f-8ffd-2df4b2736854,Toko_00223,BRONZE,Bangka Belitung,2022-02-14,63,4.53,False
72019e07-4557-4f2b-bb06-ac54846a0827,Toko_00224,GOLD,Bangka Belitung,2018-04-18,316,4.86,False
f19279fa-7d92-467d-8573-8bd68a0b7733,Toko_00225,BRONZE,Sumatera Utara,2021-01-24,364,4.52,False
6134bccd-6143-4391-986c-96e4fc84692d,Toko_00226,BRONZE,Sumatera Utara,2019-08-10,294,4.31,True
dd7d9dd1-9cc5-4e0f-9792-47100eff6083,Toko_00227,SILVER,DKI Jakarta,2019-01-11,387,4.06,False
5ce54144-6331-4c5d-bdad-7c058ec7423e,Toko_00228,SILVER,Sumatera Utara,2022-02-24,164,4.44,False
529abf86-d029-4627-8e64-90e3ffe402a6,Toko_00229,SILVER,Jawa Tengah,2018-08-04,84,3.31,False
c4f56eb6-d364-4126-8bc9-eaf6fc805a68,Toko_00230,SILVER,Riau,2022-12-20,343,3.85,False
aaf5044d-38ac-438b-9909-cc47e28ed449,Toko_00231,BRONZE,Sumatera Selatan,2023-09-30,63,3.69,True
36fcf782-e788-4431-bc61-daee37093c7c,Toko_00232,SILVER,Bali,2023-06-17,274,4.33,True
59968ba2-fa0a-4a36-a0f0-5f519ad503e5,Toko_00233,BRONZE,Nusa Tenggara Barat,2018-08-13,8,3.41,False
db90a324-cb3b-4899-9930-8ce8bbc9b9b6,Toko_00234,GOLD,Bengkulu,2020-11-12,153,3.66,True
56f06769-4c89-4bbd-a26e-f85eae761abf,Toko_00235,SILVER,Sumatera Utara,2019-06-14,199,4.07,False
cc101782-fec9-43d0-a590-5191e64bef7d,Toko_00236,SILVER,Papua,2021-12-21,41,3.79,False
a0584484-fad6-495c-955a-69749ab6ddf7,Toko_00237,BRONZE,Sulawesi Selatan,2018-11-15,446,3.63,False
5dcee7c8-f4b0-43bd-972f-89b74480d687,Toko_00238,BRONZE,Nusa Tenggara Timur,2022-09-07,153,3.23,True
4a88eceb-2341-4ff5-a919-13ba7dda7a48,Toko_00239,BRONZE,Jambi,2023-02-28,430,4.38,False
0848fa66-095e-455e-9453-dfead716c43c,Toko_00240,BRONZE,Jawa Timur,2020-09-23,228,4.18,False
41fd2397-39bd-4a5f-a992-812152562c1c,Toko_00241,BRONZE,Lampung,2021-10-22,118,3.67,False
22d7f534-65ce-42a2-aded-0636eefce016,Toko_00242,SILVER,Jawa Timur,2023-12-14,266,3.39,False
6b81b212-653d-49d6-8fc8-9ea31fbdad08,Toko_00243,BRONZE,Kepulauan Riau,2019-08-28,125,3.21,False
e95e9d0d-9382-4f9d-84fe-7cc1f2f9afd9,Toko_00244,BRONZE,Banten,2018-11-05,95,4.9,False
fd511460-7b4a-437a-bd06-a875bd60daa2,Toko_00245,SILVER,Bali,2023-01-13,353,4.85,False
5e3c1281-3cec-41fc-9280-42b3cd8809d7,Toko_00246,SILVER,Nusa Tenggara Barat,2021-08-16,447,4.94,False
3a58bb18-9b1b-45ef-b926-1134755abce0,Toko_00247,BRONZE,Sulawesi Utara,2022-12-17,328,3.61,False
07de37aa-7cd7-4865-81a5-a75233a4525c,Toko_00248,BRONZE,Sulawesi Tengah,2018-10-31,163,3.92,True
124bcdf7-15d7-456e-8437-3b9133493930,Toko_00249,BRONZE,Lampung,2018-11-11,335,4.73,False
a1dd96d7-77cc-4a3e-bf30-0a6735fdfe1b,Toko_00250,SILVER,Sulawesi Tengah,2022-04-24,241,4.16,False
803384d5-9e13-4a4f-b380-7c1e05349c2b,Toko_00251,SILVER,Jawa Barat,2023-01-17,470,4.62,False
71f5e542-8ac8-47f7-a7ab-6d44cb05a661,Toko_00252,BRONZE,Sulawesi Utara,2023-08-16,82,4.92,False
8c3d394e-6d43-4eef-bbb5-f1fa862fe743,Toko_00253,GOLD,Kepulauan Riau,2021-11-07,370,3.17,False
9566f280-6f46-4022-a72b-61cb13810c58,Toko_00254,BRONZE,Maluku,2022-11-29,229,4.05,False
af0a6895-e7b4-4546-ac3a-e1f8c5da682d,Toko_00255,BRONZE,Gorontalo,2021-03-04,203,3.82,False
9afaa8e3-6ec9-425f-ab09-ae2e97cb824b,Toko_00256,SILVER,Jambi,2021-10-02,38,3.66,False
d1cccfe4-916c-4c8c-9eb2-c87815ec380f,Toko_00257,BRONZE,Riau,2019-09-08,175,3.16,False
432a29d1-ae63-4fc4-a096-f5deddc31a80,Toko_00258,GOLD,Lampung,2022-05-25,71,4.19,False
3e4fe31b-5128-4c4d-9ad8-19a4fa568d36,Toko_00259,BRONZE,Kalimantan Barat,2021-09-07,421,3.26,False
36ded170-7184-44af-8150-09dc2cfd2694,Toko_00260,PLATINUM,Papua,2023-11-27,52,4.29,False
0495cad2-6331-4b6e-8765-e2fc2319c1e8,Toko_00261,BRONZE,Kalimantan Selatan,2021-06-19,97,4.9,False
45b1dc5d-cb63-49ec-9b7e-a61301b083dd,Toko_00262,GOLD,Sumatera Selatan,2020-07-16,75,3.31,False
033ef8d5-8c0a-4c5b-9686-db20fb569852,Toko_00263,GOLD,Sulawesi Tengah,2023-11-27,24,4.32,False
45beb677-ee8b-4ce5-aeec-abe44b94e2cf,Toko_00264,SILVER,Nusa Tenggara Barat,2022-03-24,83,3.32,False
deb2060c-b626-484e-b32e-e708056c191e,Toko_00265,GOLD,Jambi,2019-11-10,374,3.88,False
49dbde7f-fd08-43ce-b4d9-b08d9f9c0193,Toko_00266,SILVER,Sumatera Barat,2022-12-25,317,3.57,False
0b34791b-ac61-4f1a-a0f4-25cdfe697652,Toko_00267,BRONZE,Sulawesi Tenggara,2020-09-06,163,4.93,False
ffbddcfd-0b36-45ba-aeee-c646accf62d1,Toko_00268,GOLD,Sumatera Selatan,2022-02-15,352,4.89,False
a83b1e72-cb00-43b7-91c3-8ebc945fdd37,Toko_00269,SILVER,Lampung,2022-04-14,262,4.05,False
be5d2536-6ac0-4ad3-ab38-c3e479d96c74,Toko_00270,GOLD,Jambi,2019-07-21,451,3.5,False
5d7a31d6-e98a-458c-a5c4-59359ba69dec,Toko_00271,GOLD,Sulawesi Tenggara,2019-02-25,369,4.69,False
b5123fd0-fdf3-475c-9b62-100dbc23aca6,Toko_00272,BRONZE,Bengkulu,2019-10-19,144,3.9,False
900fbaa4-53a7-4486-9a13-65f527502198,Toko_00273,GOLD,Jawa Tengah,2020-06-28,423,3.9,False
a202cdbe-8d37-4056-8cb5-83273adcb405,Toko_00274,BRONZE,Jawa Barat,2022-06-12,262,3.75,False
77332403-7f92-4151-ac2a-988506b36050,Toko_00275,BRONZE,Sumatera Barat,2018-04-26,168,4.86,False
7a1f9379-3608-4af4-a847-62781c0fdc77,Toko_00276,SILVER,Jambi,2019-08-22,75,3.08,False
e756f865-4ed6-4630-970d-82dc294fc25c,Toko_00277,SILVER,Kepulauan Riau,2019-07-23,393,4.41,False
95214098-f916-4278-a5d9-f3a737ff9d6a,Toko_00278,BRONZE,Jawa Tengah,2018-03-19,136,3.43,True
c53b4bc3-0841-4a32-9323-8d41328659a0,Toko_00279,PLATINUM,Nusa Tenggara Barat,2023-12-02,221,3.22,False
719a5ce5-1d1e-459a-b2a3-94353cf94b4b,Toko_00280,BRONZE,Jawa Barat,2020-09-03,219,4.28,False
84543e46-09d1-49d1-98d5-4c17e827fc10,Toko_00281,BRONZE,Kepulauan Riau,2023-08-10,310,4.07,False
1133dad9-cffa-4e39-b78e-3f082798a0ac,Toko_00282,SILVER,Maluku,2019-08-12,154,3.86,False
e52a5244-949d-4f91-b7a9-208dff7b3955,Toko_00283,BRONZE,Kalimantan Tengah,2020-02-07,345,4.34,False
fbe5719d-aeee-4559-b9db-96483a2bffbf,Toko_00284,BRONZE,Sulawesi Tengah,2023-09-10,407,4.98,False
97e0e268-7c79-4245-9e04-f5351662cc30,Toko_00285,BRONZE,Sulawesi Utara,2018-06-28,330,3.77,False
aa591788-a8f1-486b-acc3-0dd142d5ddb9,Toko_00286,SILVER,Kalimantan Selatan,2018-10-04,181,3.48,False
8bd6b413-c81c-4cc6-b6c3-25faa60913dc,Toko_00287,BRONZE,Bali,2021-09-23,73,3.09,False
5ddde96c-a54a-4a27-860a-aa174c217d01,Toko_00288,GOLD,Sumatera Utara,2023-03-19,361,3.96,False
d4d0edb1-73e2-47d1-b7d8-e0f559b030af,Toko_00289,BRONZE,Maluku,2023-02-18,23,3.59,True
c67c25e8-0757-4bca-8bec-80c90e6f4ad6,Toko_00290,BRONZE,Jawa Barat,2021-07-16,482,3.62,False
2121bdbe-4ceb-42fc-a054-6daa89a20449,Toko_00291,GOLD,Sulawesi Utara,2020-11-03,23,4.51,False
c801d9c6-c57c-4fe6-8e40-25a22d8ecde1,Toko_00292,BRONZE,Bengkulu,2018-07-15,448,4.31,False
003eee89-f83c-4474-8cec-129b8d2e51b0,Toko_00293,GOLD,Kalimantan Tengah,2022-06-27,385,3.88,False
c3a088ce-b7d7-490c-b48f-2b371a9faf6d,Toko_00294,BRONZE,Sumatera Utara,2023-07-26,359,4.0,False
9e274a07-fb89-458f-9c87-84c6d39490bc,Toko_00295,SILVER,Jambi,2018-12-05,377,3.85,False
24322b80-133b-4739-91d2-abc17c8bfe2a,Toko_00296,PLATINUM,Sumatera Utara,2021-04-18,169,3.21,False
0dff9b57-791f-49f7-9023-2cc93ce10c80,Toko_00297,BRONZE,Sulawesi Selatan,2022-10-12,90,4.38,False
b1b6943a-670a-492b-b79f-8e1f11b28709,Toko_00298,BRONZE,Bangka Belitung,2021-12-15,319,5.0,False
641b39bc-b31c-4a2d-87cb-d09ee165a650,Toko_00299,PLATINUM,Jawa Barat,2018-11-04,348,4.28,False
b8a358b9-c6e8-42ea-ab5d-7bc43629db13,Toko_00300,GOLD,Papua,2019-10-18,492,3.06,False
8d51142c-97bf-44ea-ae12-c704444b80b1,Toko_00301,SILVER,Sulawesi Selatan,2018-05-23,69,3.13,False
a635869c-c0f4-4a72-bc3f-5da90f846ab7,Toko_00302,BRONZE,Kalimantan Barat,2018-05-13,314,3.31,False
e985a6e2-dafe-41c6-a7e3-e3b537075178,Toko_00303,BRONZE,Sulawesi Selatan,2018-11-11,298,3.28,False
27bae6ed-8940-472a-b978-0786278d6d91,Toko_00304,BRONZE,Riau,2020-10-19,496,3.23,False
155a6a20-ce13-4c1a-b70d-5ddf1df355e2,Toko_00305,SILVER,Kalimantan Barat,2019-04-28,139,4.55,False
c5a17ade-a966-48c7-af4c-6ef41bb684cf,Toko_00306,BRONZE,Nusa Tenggara Barat,2021-03-15,360,4.83,False
113163ec-0020-4e58-9c5f-6759d1ff1fc8,Toko_00307,BRONZE,Bangka Belitung,2018-10-31,236,3.35,False
950844ba-46fc-46af-804c-b5f311b88514,Toko_00308,PLATINUM,Jambi,2021-08-02,346,3.69,True
2a4ce614-6fd8-45aa-8d8c-b99a4b73557a,Toko_00309,SILVER,Yogyakarta,2021-05-13,440,3.32,False
ca611e49-6705-4aca-9fc6-e8abd9c4d569,Toko_00310,SILVER,Sumatera Utara,2022-01-20,265,3.45,False
7f9788d0-f2e3-41fc-9e13-8930f6f25b3c,Toko_00311,GOLD,Sumatera Barat,2023-07-17,18,3.72,False
d84399f4-4e5d-49fb-ba02-6ed8e7e97852,Toko_00312,SILVER,Sulawesi Tenggara,2019-06-16,318,4.77,True
d636bfc2-f01c-4490-a9fa-75aa03945b86,Toko_00313,BRONZE,Maluku,2023-05-15,274,3.82,False
defcf351-9084-4936-92f1-472326a22a04,Toko_00314,SILVER,Banten,2021-07-22,333,3.15,False
5a3b727d-34b5-4231-9f88-c0d8071234d8,Toko_00315,SILVER,Banten,2020-01-16,398,4.93,False
32f4bae5-832f-45be-a766-cf54374d812d,Toko_00316,GOLD,Jawa Barat,2019-05-24,270,3.31,False
c4b1d20e-6b3e-470d-b879-064347106405,Toko_00317,BRONZE,Maluku,2020-07-12,182,4.89,False
c56cf581-9fc9-4168-830f-46810346e6b0,Toko_00318,BRONZE,Jawa Tengah,2020-10-23,105,4.27,False
7c62cb24-4f7c-42f4-8bc9-075e32a24dc7,Toko_00319,BRONZE,Lampung,2023-12-26,52,4.01,False
df2fc130-f624-4239-9afc-b467a8735f00,Toko_00320,PLATINUM,Banten,2019-12-03,342,4.25,False
3667e764-eb5b-43a1-bd72-ae7c01000daf,Toko_00321,BRONZE,Gorontalo,2018-06-18,427,4.73,True
9f8a7fdc-975f-4123-9ce9-fd9d031a7b53,Toko_00322,PLATINUM,Bengkulu,2020-12-20,338,3.42,False
eae5d66c-46a9-4390-b83c-258f75b329bf,Toko_00323,SILVER,DKI Jakarta,2023-08-02,460,4.25,False
118e2eb0-cc83-4b3f-9272-265473833d80,Toko_00324,PLATINUM,Sulawesi Utara,2020-09-30,417,4.61,False
a1e9b8a9-fc25-4e02-b6b8-d593a5278205,Toko_00325,SILVER,Maluku,2018-09-03,85,3.88,False
ce7fb795-c1b1-4e9e-810e-2eaaa8092ccb,Toko_00326,BRONZE,Nusa Tenggara Barat,2019-08-12,165,4.72,False
37e98b48-5b01-4d00-899b-ea01b7c97e80,Toko_00327,PLATINUM,Kalimantan Selatan,2022-06-22,71,4.52,False
2f9cbf20-8f31-4d58-a3ce-b24846a0e6b5,Toko_00328,BRONZE,Sumatera Barat,2023-03-26,67,3.53,False
a6076f51-6b65-4553-9570-c1cf5e7e7015,Toko_00329,BRONZE,Lampung,2022-04-23,447,4.23,False
03a915dd-d7ad-4813-9ee1-5bea073c8d9f,Toko_00330,GOLD,Sumatera Utara,2021-09-03,483,4.16,False
9a3f2a86-ee81-484c-8c50-866c80169bb8,Toko_00331,GOLD,Sulawesi Utara,2023-10-10,244,4.0,False
bf13a809-18f2-40a1-a62d-f2626f7879cf,Toko_00332,BRONZE,Kalimantan Barat,2023-09-02,239,4.93,False
2ed49603-1a8d-4c9b-b05d-77ce836632bf,Toko_00333,BRONZE,Jawa Barat,2021-02-26,258,4.2,False
7c82a4f3-adf8-444f-a96d-85ea0434e2e7,Toko_00334,SILVER,Lampung,2018-02-03,438,3.21,True
41a916cc-cbfb-4b3d-a8ac-88fa1f4db832,Toko_00335,BRONZE,Kalimantan Selatan,2022-07-10,192,3.09,True
eeb0e9e5-e6be-4570-9960-d2555eddffbe,Toko_00336,SILVER,Kalimantan Selatan,2021-03-28,42,3.77,False
019b728c-3329-424d-9283-41c9e04a1c92,Toko_00337,SILVER,Kepulauan Riau,2019-05-02,70,4.95,False
f1744640-bde2-44e3-8faa-52e875a670fd,Toko_00338,GOLD,Kalimantan Timur,2022-02-06,391,3.29,False
8c5bbbb3-c3fa-414b-a951-8edcd8c9d0b7,Toko_00339,BRONZE,Jawa Barat,2018-07-05,24,3.27,False
ce8dbb02-fbda-4a47-8717-7a22b133188e,Toko_00340,SILVER,Sulawesi Selatan,2019-09-03,315,4.79,True
30e9d303-d630-41ab-aafe-f23e948526b7,Toko_00341,PLATINUM,Kalimantan Timur,2019-10-28,206,4.98,False
1a99e407-ff82-4029-831b-4653838a88ce,Toko_00342,BRONZE,Kalimantan Timur,2023-09-09,429,4.02,False
fa5e4547-6385-47b1-9ade-37723d8eefcc,Toko_00343,SILVER,Sulawesi Utara,2018-03-10,193,3.66,True
96431dbb-a4d7-41a8-9a10-c7934c94ca9e,Toko_00344,BRONZE,Lampung,2018-04-20,310,3.95,False
1fd6c28b-1a43-416f-a0ad-1a6ae5ea3a40,Toko_00345,GOLD,Bengkulu,2020-07-21,374,3.1,False
85c26e7c-2a10-4bce-a05c-7003a01caa90,Toko_00346,SILVER,Aceh,2022-04-07,80,4.64,False
0787d826-c305-47ee-b5f8-d167546abdae,Toko_00347,SILVER,Maluku,2019-03-27,102,3.04,False
6cf2290c-0432-46b6-81ac-edc9b16dc90f,Toko_00348,BRONZE,Maluku,2020-04-15,215,4.0,False
32690482-a745-4e2f-ac67-01dfe183771c,Toko_00349,SILVER,Bangka Belitung,2018-09-13,366,3.28,False
1dd8cc94-05b8-489a-b030-cc90a9dc2e69,Toko_00350,BRONZE,Papua,2023-05-14,274,3.75,False
491f56ed-75da-4072-b875-fbe0a2637a2b,Toko_00351,SILVER,Sulawesi Tenggara,2021-11-03,284,3.71,False
6135c566-5c33-423d-b6b5-550ce3149f39,Toko_00352,SILVER,Nusa Tenggara Timur,2020-12-18,317,3.97,False
48b8d580-4372-4ea8-b32d-50f0dbe4d319,Toko_00353,BRONZE,Lampung,2020-07-10,487,4.95,False
4123e90b-bf56-42ef-b73e-190d0b8a7359,Toko_00354,BRONZE,Sumatera Selatan,2023-06-26,167,3.96,False
4ebd2842-c874-4bfa-9157-fdbba89be402,Toko_00355,PLATINUM,Aceh,2021-01-25,152,3.24,False
9f83f49a-e309-4d7b-b2e0-11ddcd766b08,Toko_00356,BRONZE,Kalimantan Barat,2021-11-14,493,4.55,True
68a5cb94-3a87-4305-8c46-f9899a37933a,Toko_00357,BRONZE,Maluku,2018-11-20,182,4.85,False
10fab413-35ff-4974-b722-182e3392cc4e,Toko_00358,SILVER,Sumatera Selatan,2020-04-07,428,4.08,False
7a9610cf-89c5-4114-a5d0-ed21c5b37b65,Toko_00359,SILVER,Banten,2019-03-24,320,4.48,False
69ba199a-f4a1-429e-95af-cc7a1415e975,Toko_00360,BRONZE,Yogyakarta,2023-12-16,120,4.28,True
1856acdd-6ec7-4fdb-96cc-8176deea15d0,Toko_00361,BRONZE,Maluku,2023-04-19,56,4.36,True
3d766828-8d16-407a-a7de-1c69e3ca30e2,Toko_00362,PLATINUM,Gorontalo,2019-10-09,213,4.31,False
09970a09-8139-4d71-b3f5-d8b40db34953,Toko_00363,SILVER,Nusa Tenggara Timur,2020-03-27,392,4.93,False
ec1b5c02-97e6-48c7-b961-443fe123167a,Toko_00364,SILVER,Gorontalo,2019-01-02,338,4.15,False
d09dac96-f12f-4a98-b769-b7e9034aed3f,Toko_00365,SILVER,Gorontalo,2018-06-02,472,4.84,False
975908db-bb0a-4e0e-b37c-e464b8777017,Toko_00366,GOLD,Gorontalo,2018-05-29,433,3.79,False
519b28c5-b75b-413c-bd6a-bcab3d76a2d3,Toko_00367,PLATINUM,Bangka Belitung,2021-03-31,453,3.07,False
ff3eb006-57bd-42ec-bb16-cff069766b0b,Toko_00368,SILVER,Gorontalo,2021-10-04,150,3.91,False
6e070dfe-4604-4db2-839f-f1a40566b660,Toko_00369,SILVER,Yogyakarta,2019-07-04,440,4.01,False
d1ca116f-d8d0-4833-a82b-5bc686f70395,Toko_00370,GOLD,Kalimantan Timur,2019-10-28,379,3.92,False
2b0a517f-66dc-4b0e-9b84-2ad2b033ba4b,Toko_00371,BRONZE,Aceh,2021-10-12,409,3.59,False
1b603cc9-0d8b-469c-9710-0d6f109d1cc9,Toko_00372,BRONZE,Nusa Tenggara Barat,2022-07-19,428,3.86,False
787434a7-7b81-4356-939c-b46b0ac0f9a2,Toko_00373,BRONZE,Jawa Timur,2020-01-27,76,3.95,False
74baf354-623b-4901-b7af-09ea563e37ee,Toko_00374,BRONZE,Kalimantan Barat,2020-08-22,233,4.51,False
ace37f14-72d8-4472-88ff-e955eb8ff1ac,Toko_00375,BRONZE,Aceh,2018-02-16,138,4.31,False
6046f5b2-44b7-4575-b8eb-979df4766a05,Toko_00376,BRONZE,Jawa Timur,2023-03-22,162,3.32,False
1d565a26-b7e4-45b0-91ad-c22215a96d1d,Toko_00377,GOLD,Yogyakarta,2021-06-27,358,3.23,False
aedc6c26-3797-4de5-8e90-c5748b0b11f7,Toko_00378,BRONZE,Nusa Tenggara Barat,2020-06-23,117,4.91,False
268bf1ec-5cf0-4aff-b4ca-2088c676f373,Toko_00379,SILVER,Nusa Tenggara Barat,2022-03-11,217,4.4,False
29862eb0-5e0d-4d65-9a9f-da782700f7af,Toko_00380,GOLD,Jambi,2020-06-13,395,3.49,False
a892a0dd-560e-4f52-adbc-d118f755b675,Toko_00381,GOLD,Jawa Tengah,2023-11-23,233,4.06,False
271254ce-4f0e-46a4-9bfc-202b804e9fdd,Toko_00382,GOLD,Jawa Timur,2018-09-10,429,4.1,False
2561a1c0-5ef4-41c6-a0e1-1ea2fc057b82,Toko_00383,SILVER,Banten,2019-11-05,172,4.71,False
cd7f2782-2963-48aa-ba1b-98ceeb6e5b63,Toko_00384,SILVER,Maluku,2023-06-26,51,4.8,False
6608fb22-00c0-482a-bc4f-d48160ee7ece,Toko_00385,BRONZE,Banten,2023-10-04,217,3.91,True
53ee99fc-5a4c-4c30-9ace-ac9109255a49,Toko_00386,SILVER,Jambi,2021-06-16,375,3.04,False
bcfb493b-491d-4d43-b7fb-799a82c1e5ff,Toko_00387,BRONZE,Sumatera Selatan,2018-10-27,28,3.85,False
8ef6c4e7-ec3b-4f87-90ed-395a0c4dd805,Toko_00388,SILVER,Jawa Barat,2018-10-10,483,3.94,False
44e69fec-ec5b-4245-bc44-10d1bfd6f819,Toko_00389,BRONZE,Banten,2022-09-18,196,4.99,False
80e5b790-c9c1-4088-b0e9-8b7015206481,Toko_00390,GOLD,Gorontalo,2022-03-27,197,3.16,False
63956ae9-98e2-4871-99ab-c8e2fed6eef5,Toko_00391,GOLD,Banten,2021-11-25,65,3.36,False
f18ab742-8836-4094-a91b-80fe4a7002e1,Toko_00392,SILVER,Aceh,2020-07-01,432,3.01,True
cf09c6c9-a0cb-4fc1-bb18-8276c6252c6f,Toko_00393,BRONZE,Papua,2022-10-04,277,3.76,False
d29c080a-a875-4335-94e4-3594d4a30148,Toko_00394,SILVER,Banten,2021-02-03,101,4.87,False
cb5c2ae3-98b3-46fc-a47b-4a61246aefdd,Toko_00395,BRONZE,Jambi,2022-09-14,319,4.53,False
5f47df66-6150-4d59-a630-37cf45898817,Toko_00396,BRONZE,Sumatera Selatan,2018-10-03,56,4.19,False
bdb022fd-eca3-4c02-86c7-538cd81df48c,Toko_00397,SILVER,Bangka Belitung,2018-07-19,130,4.48,False
364a74a9-9c18-4835-b97f-6a9cc91580e4,Toko_00398,BRONZE,Sumatera Selatan,2018-08-20,76,4.01,False
74844f67-0f9f-4c45-9057-fc4ea86b321d,Toko_00399,GOLD,Aceh,2021-07-30,300,4.2,False
35cfc736-5afe-4f7c-83f7-7cb480b17844,Toko_00400,BRONZE,Lampung,2019-08-10,343,4.04,False
58b6e4c8-0a7b-412c-8c97-8be4704892f5,Toko_00401,BRONZE,Sulawesi Tenggara,2019-12-19,325,4.36,False
2d0d224a-8176-48e2-af4b-2cc3a2d2ef8f,Toko_00402,BRONZE,Kalimantan Selatan,2022-04-11,407,4.05,False
4126e063-7e89-4bcc-a242-42389c320a97,Toko_00403,BRONZE,Lampung,2022-03-22,99,4.51,False
d3811b14-0ca5-4d2b-9d28-3fd0f150af82,Toko_00404,GOLD,Lampung,2019-08-15,417,3.93,True
867981b9-4e37-45dc-a62c-12b681ac6333,Toko_00405,BRONZE,Kalimantan Tengah,2023-12-11,73,3.78,False
8eb7b857-9b1e-44cf-9b96-f713e8754f2b,Toko_00406,BRONZE,Jawa Tengah,2023-01-17,438,3.74,False
2d08c8db-92fa-4427-a794-c8f5785bc5e8,Toko_00407,GOLD,Jawa Barat,2021-01-04,198,4.35,False
99d6d57a-b0c5-4fbe-99b0-1ca34a5ca5f2,Toko_00408,GOLD,Sumatera Selatan,2020-06-07,250,3.42,False
48943295-eb11-4d8b-8d89-70231d243bbd,Toko_00409,BRONZE,Gorontalo,2018-03-04,113,4.87,False
96051cb0-dd17-4b33-8f99-ac4b402691a2,Toko_00410,BRONZE,Bengkulu,2023-05-16,473,3.49,False
12e1e5ab-b3eb-41db-a8df-2168a4ee65fc,Toko_00411,BRONZE,Gorontalo,2020-09-07,287,3.64,False
063dd6a1-71cb-4dae-b515-03ee7547edd1,Toko_00412,SILVER,Nusa Tenggara Timur,2022-01-11,162,3.52,False
4f821fc1-5cb8-4378-82d3-2bf951e3047f,Toko_00413,SILVER,Jawa Timur,2023-04-08,394,4.68,False
01264e87-2849-4c32-be03-909c22186d0f,Toko_00414,BRONZE,Kalimantan Tengah,2018-07-07,293,4.73,False
9690335a-a8ee-4e41-81ff-afdbbd16436d,Toko_00415,BRONZE,Sulawesi Tenggara,2022-09-07,156,3.3,False
cf774a08-2528-4343-bd9b-ce5451537a4d,Toko_00416,BRONZE,Kepulauan Riau,2020-10-03,260,4.1,False
21039e71-60bc-43d1-8ef3-ffe30dd4011e,Toko_00417,BRONZE,Bengkulu,2023-06-25,499,4.45,False
871aa67b-6eb9-49e0-8bac-45f3ffa11c76,Toko_00418,SILVER,Aceh,2021-12-13,91,3.28,False
1184b9e3-d96d-4b7b-b8f3-7eb067295095,Toko_00419,BRONZE,Yogyakarta,2018-08-29,273,3.07,False
6c0f2f82-d366-4d9e-ba8c-ca5944bafcf2,Toko_00420,PLATINUM,Papua,2018-07-18,396,3.01,True
d91d9700-9ada-4a19-8237-f12a9548e7e8,Toko_00421,SILVER,Jawa Tengah,2019-09-11,9,3.44,False
234f8aad-5d8c-46a1-bb92-2136616f8296,Toko_00422,BRONZE,Nusa Tenggara Timur,2023-06-03,342,3.98,True
f4db7034-2fac-4af7-851b-f1ffbf8af3e5,Toko_00423,SILVER,DKI Jakarta,2018-03-10,276,4.44,False
eb5b1f81-6fc0-4dbd-ab4b-e02a89c6c696,Toko_00424,BRONZE,Sulawesi Tengah,2022-10-30,417,4.88,False
ddb04898-4d07-481d-8edb-5ecd86e45f72,Toko_00425,GOLD,Sulawesi Tengah,2019-09-02,128,3.38,False
208c47cd-f85a-463d-b118-38227c6f5e25,Toko_00426,GOLD,Riau,2022-06-14,45,3.75,False
a442ebd6-9572-41d3-9783-b943c28273a5,Toko_00427,SILVER,Maluku,2020-07-14,158,4.37,False
5f59b396-649e-43bb-9b58-c20de87e8078,Toko_00428,SILVER,Bangka Belitung,2018-05-10,52,3.81,False
866cfbf1-51c6-460e-b811-ab57d8d9e823,Toko_00429,SILVER,Nusa Tenggara Timur,2018-02-08,364,3.34,False
432a53fd-e6ed-4c98-8299-85cfcb671d69,Toko_00430,BRONZE,Jambi,2021-09-18,294,4.95,False
84013692-9e13-4c6e-aa64-e6819e94d13f,Toko_00431,GOLD,Gorontalo,2018-06-24,122,3.42,False
acfa4add-032d-41f7-ab71-da975753c268,Toko_00432,GOLD,Sulawesi Utara,2021-01-15,28,4.85,False
e4cbe95c-256b-456f-a36d-6e0b9dea5b06,Toko_00433,BRONZE,Sulawesi Tenggara,2018-05-15,96,4.86,False
67176e66-33b9-4991-914f-2a08129bf019,Toko_00434,PLATINUM,Bali,2019-08-14,390,4.64,False
5c940fff-2003-4100-be9d-aba4555387b0,Toko_00435,GOLD,Lampung,2019-10-28,293,3.48,False
7553b61f-edae-4cf6-b5c1-cf8bd51a8303,Toko_00436,BRONZE,Yogyakarta,2021-09-20,201,4.51,True
e4c4794b-325d-4fc4-b305-0ee74424a0e7,Toko_00437,PLATINUM,Aceh,2018-11-18,261,4.49,False
714248a2-3e1c-4368-a711-84cac9cb06b9,Toko_00438,BRONZE,Sumatera Barat,2018-11-08,179,4.21,False
57baaa71-b9ce-4d4e-a736-931c24f220dd,Toko_00439,SILVER,Bengkulu,2021-08-29,20,4.27,False
b0c5dcc6-c325-4dcf-b20e-7c3ac318bfe3,Toko_00440,SILVER,Sumatera Barat,2021-12-28,288,4.88,False
950f2bff-d464-4f00-bb21-856c4941db22,Toko_00441,SILVER,Papua,2022-04-06,48,4.54,False
cfbddb3b-cb53-46d2-9a17-08a3aa9f2f3c,Toko_00442,BRONZE,Jawa Tengah,2018-12-03,142,3.31,False
49320d3e-e267-4375-b130-1cd6251382d1,Toko_00443,SILVER,Aceh,2022-05-15,167,3.72,True
5f1bc001-3af5-4077-8736-2531b81b803e,Toko_00444,PLATINUM,Sulawesi Selatan,2022-01-14,394,3.54,True
37c46ef0-f2af-46a5-b80c-684df973d346,Toko_00445,BRONZE,Sulawesi Selatan,2023-09-30,213,3.21,True
f3da302c-891b-47f8-9762-484af124f712,Toko_00446,SILVER,Nusa Tenggara Barat,2021-08-21,447,3.77,False
8d7e9ee0-e1a9-4ac2-82db-0418ff694172,Toko_00447,BRONZE,Jawa Tengah,2020-09-21,297,4.04,False
0648c406-a093-4ff9-861c-19dcf42e48c7,Toko_00448,BRONZE,Riau,2021-05-18,142,3.99,True
0e2c4c00-e286-4f11-8a2b-b285b8c8fcc4,Toko_00449,BRONZE,Kalimantan Tengah,2021-05-12,252,4.57,False
8ea8a6ac-c04d-47d7-bad8-7239ea7b4393,Toko_00450,PLATINUM,Aceh,2023-07-24,309,4.23,False
ccf73a06-fcfe-4554-a0e2-f652d684ad37,Toko_00451,BRONZE,DKI Jakarta,2022-06-09,175,4.68,False
ac3f4c52-eec1-4062-b617-2ebb38ade45d,Toko_00452,GOLD,Sulawesi Selatan,2021-10-03,225,4.63,False
dc80b808-e18a-470b-9272-92265a2f60ed,Toko_00453,PLATINUM,Banten,2021-05-15,169,4.21,False
15a89483-26f0-44da-b1d3-ff8662b84658,Toko_00454,SILVER,Sumatera Utara,2022-06-20,500,3.64,False
a2298920-e164-4fc7-b186-ac1c811e979e,Toko_00455,SILVER,Bali,2020-09-19,171,3.75,False
fca0daa8-4ecf-4f90-902b-8941f0391370,Toko_00456,BRONZE,Jawa Timur,2020-03-29,308,4.99,False
44a497f8-5b9b-4886-b29e-793ba6d1c18e,Toko_00457,GOLD,DKI Jakarta,2023-03-06,487,4.42,False
c0176c2a-74fc-4263-a35f-a45b86b3b152,Toko_00458,BRONZE,Maluku,2018-10-11,424,4.7,False
bd9fc0db-4f93-41b2-8a31-ffe0fc58edf3,Toko_00459,SILVER,Banten,2021-05-25,128,3.51,False
a1bc2947-f029-4e10-bb0c-e273719c76dc,Toko_00460,BRONZE,Kalimantan Barat,2018-10-30,234,4.98,False
f28bbd95-0a29-4573-9a17-5e6c5cdefa70,Toko_00461,BRONZE,Sulawesi Tengah,2022-09-10,283,3.07,False
e66f1c14-4080-408e-87f0-dff550339bb8,Toko_00462,SILVER,Jambi,2018-12-15,60,4.54,False
27369f56-f69d-4331-867c-50e2169050e9,Toko_00463,BRONZE,Nusa Tenggara Timur,2018-07-01,293,4.97,False
eb8b275f-cd18-4fe5-9b51-930bc6512c24,Toko_00464,BRONZE,Bengkulu,2021-09-20,499,4.59,True
5f40b50f-93b4-4cea-8594-bb27b69c1f75,Toko_00465,BRONZE,Sumatera Barat,2023-09-23,387,4.04,False
c1ae5308-d4dc-4d2f-8dd1-1650355259e6,Toko_00466,SILVER,Sulawesi Selatan,2022-03-13,205,3.93,False
11dd2c40-98d8-4805-ae87-6f0ba3499b18,Toko_00467,SILVER,Banten,2021-11-13,17,3.97,False
619f4c4f-a207-4374-b7b3-c85447f65951,Toko_00468,GOLD,Jawa Tengah,2019-04-21,430,4.88,True
a44925ed-fc4f-4dd4-9294-653b8256a462,Toko_00469,BRONZE,Sulawesi Selatan,2020-04-27,271,3.97,False
813465e4-6e78-4a09-b260-8086d486c29f,Toko_00470,BRONZE,Maluku,2023-01-28,168,3.13,True
ca93642b-a2af-4622-ae8f-034451242f1b,Toko_00471,SILVER,DKI Jakarta,2021-11-06,336,3.22,False
7ec7c5eb-9224-4d89-8b18-b61155a907c7,Toko_00472,GOLD,Aceh,2020-09-26,269,3.35,False
e82e9df7-fe0c-4672-be1f-73816ffdad00,Toko_00473,SILVER,Sulawesi Selatan,2020-08-07,413,3.81,False
77c952d1-3dc5-4cf5-bc66-734c354716a1,Toko_00474,SILVER,Kalimantan Tengah,2022-06-09,19,4.47,False
2daffc96-110e-449e-9a99-47588a61ff61,Toko_00475,BRONZE,Kalimantan Tengah,2022-05-12,7,4.41,False
a7827d06-e2cf-4a6d-987e-6df942d82217,Toko_00476,GOLD,Jambi,2018-09-14,300,3.2,False
e54e4654-716a-4c47-80b6-80d703e47452,Toko_00477,BRONZE,Kalimantan Timur,2020-03-18,239,3.23,False
f2e8ac2e-c5a4-44df-818a-ee7b8dde8b5e,Toko_00478,SILVER,Nusa Tenggara Timur,2021-07-07,310,3.78,False
ce59abe8-2a57-45d7-adf1-8af3b234bc25,Toko_00479,BRONZE,Kalimantan Selatan,2023-02-19,321,3.35,False
723d184c-885a-43dc-87cb-272ffb3092ed,Toko_00480,GOLD,Gorontalo,2018-12-14,349,3.27,True
6459e0fb-f01a-4b36-b308-05c9242ea81f,Toko_00481,BRONZE,Sumatera Utara,2022-03-10,360,3.28,False
d5bf47c1-4557-489e-9370-27832c452e54,Toko_00482,SILVER,Bali,2022-04-21,221,3.37,False
3989e617-0354-4c39-a88b-b6aa19cb6a17,Toko_00483,SILVER,Nusa Tenggara Timur,2019-12-11,289,3.33,False
49fd8120-0fdc-472a-80ce-be553aeaaf19,Toko_00484,BRONZE,Kepulauan Riau,2023-01-22,322,3.11,False
8f365aaf-7253-40b6-90d3-10914fffbff3,Toko_00485,BRONZE,Banten,2020-03-10,422,3.77,False
8cc49200-a1d0-4432-83d2-4dfd5b1831c8,Toko_00486,SILVER,Kalimantan Tengah,2023-07-08,217,4.42,False
7e73784b-2529-45e5-9264-bd64a0cf4e8a,Toko_00487,BRONZE,Bali,2018-05-07,412,4.52,False
035602a3-b07f-47fd-baa7-7e0eb507f242,Toko_00488,BRONZE,Sulawesi Tenggara,2021-03-28,91,4.56,False
4e51f9f7-0b47-42d9-a77d-985e7228a736,Toko_00489,GOLD,Sulawesi Utara,2023-09-24,62,4.15,False
60c76ce3-46cf-4ea9-8fbe-332768ddecfb,Toko_00490,SILVER,Kalimantan Selatan,2018-06-20,394,4.44,False
cdb3d56f-8d4c-4a31-b1c2-c001cd5441f4,Toko_00491,PLATINUM,Jawa Timur,2020-10-10,157,4.75,True
f1857eaa-ebc7-49dc-9ab5-f337d47fc1dd,Toko_00492,BRONZE,Bangka Belitung,2018-12-23,229,4.73,True
211d7ac6-14bd-4aec-a73f-ad5b06c00b84,Toko_00493,GOLD,Sumatera Selatan,2021-12-07,445,4.42,False
5b79b612-7486-4049-9326-9064b542786f,Toko_00494,BRONZE,Banten,2020-04-26,421,3.41,True
941d7057-f31f-43d3-905a-e575005fa73e,Toko_00495,BRONZE,Riau,2019-11-21,170,4.96,False
9ae7a14f-e440-4f8a-b0f3-d64e8e64ccc3,Toko_00496,SILVER,Bangka Belitung,2023-10-09,465,4.36,True
f0ab1fea-9cad-4eef-9a29-342b23432f4c,Toko_00497,PLATINUM,Jambi,2022-08-13,475,3.12,False
c26a399d-f8a3-4917-a9c1-b916615b09c6,Toko_00498,SILVER,Maluku,2019-06-28,132,3.29,False
1c69a0a0-7c34-4a6f-97fb-14f5090d22a9,Toko_00499,BRONZE,Kepulauan Riau,2022-05-28,255,3.28,False
fd555ce6-17a1-40c5-ae11-49f361cee4c9,Toko_00500,SILVER,Kalimantan Barat,2023-01-26,43,4.27,False
54e3c8fb-df3e-4dee-9a26-2f9f8ba35e37,Toko_00501,BRONZE,Sulawesi Tengah,2021-02-13,360,4.87,False
a713f531-dc07-49d4-a3f3-3dfafa20e12f,Toko_00502,PLATINUM,Kalimantan Timur,2018-01-11,449,4.55,False
b2d781ff-32f9-49b4-97b9-3972c7a9141b,Toko_00503,SILVER,Sulawesi Selatan,2022-01-07,440,3.13,False
d78cd792-b265-4e77-a9b0-bdd48b463c25,Toko_00504,BRONZE,Kalimantan Tengah,2020-05-17,258,3.54,False
1046f49d-56c5-47e9-9c0a-7f7d832105cf,Toko_00505,BRONZE,Bali,2019-06-19,294,4.7,False
034b7404-4982-4235-acfe-fbaba3936a0d,Toko_00506,GOLD,Bengkulu,2018-07-18,28,3.2,False
09577e09-ba83-4aee-b9a9-5448fe2fb74c,Toko_00507,SILVER,Jawa Timur,2019-10-10,230,3.91,False
d5f159f1-4aa7-4abb-ada1-5974bfc9e7fe,Toko_00508,BRONZE,Maluku,2019-06-25,456,4.3,False
945df521-387c-4a9d-ba80-e9ad521f8d14,Toko_00509,PLATINUM,Riau,2019-01-18,340,3.72,True
bcb40489-9fe0-4cb7-a3f1-6e3b6e41e76f,Toko_00510,SILVER,Nusa Tenggara Timur,2019-11-09,31,3.79,False
b10d669f-7579-4b51-ba5b-f642d5f8f549,Toko_00511,SILVER,Sumatera Barat,2022-10-25,340,3.18,True
d69a45eb-ca31-4f4a-9ab9-3a34615fd4bf,Toko_00512,BRONZE,Jawa Tengah,2019-06-28,308,3.45,False
62b52882-9430-47c0-a764-315ee69962a5,Toko_00513,BRONZE,Maluku,2021-11-08,423,3.24,False
cb5c5d45-31e9-4a3f-b835-934dd92c2a1c,Toko_00514,SILVER,Sulawesi Utara,2018-10-18,122,3.77,False
f73c7cd7-3881-4921-8d0a-0ce24d4c2954,Toko_00515,BRONZE,Kalimantan Timur,2022-02-14,456,3.6,False
7528f145-e0d3-42f3-9c1f-d4773256646b,Toko_00516,GOLD,Bangka Belitung,2019-06-30,333,4.99,True
8336c120-c14c-4a41-a228-3de8a25bda19,Toko_00517,SILVER,DKI Jakarta,2019-11-04,230,3.7,False
d4340cc7-59af-4543-8c62-ff8999be18ac,Toko_00518,SILVER,Gorontalo,2022-08-14,320,4.37,False
1f8c9330-ead0-4038-9878-b332708f992a,Toko_00519,BRONZE,Jawa Timur,2019-07-28,390,3.25,False
ec7eb87e-deba-4732-b7ab-0fb1e585105d,Toko_00520,BRONZE,Kalimantan Tengah,2021-07-12,410,3.28,False
92eb4509-cfae-446d-a902-6c30eda877e5,Toko_00521,BRONZE,Sulawesi Tenggara,2021-03-13,403,4.88,True
4eed0b5f-0a2c-42c1-a2ac-f3003de0c1c7,Toko_00522,GOLD,Yogyakarta,2021-05-20,110,4.04,False
d34dbf92-fda2-42e5-ab8e-114e4bb64b49,Toko_00523,SILVER,Lampung,2018-08-12,406,4.8,False
a758b13b-d075-4c11-b003-3ec270755004,Toko_00524,SILVER,Jawa Timur,2020-09-14,260,4.28,True
01240448-f7b9-4eb0-baf3-c792e1aaaa8a,Toko_00525,GOLD,DKI Jakarta,2022-01-19,483,3.63,False
e7f0b18d-9448-45d3-a088-bd43592fee11,Toko_00526,GOLD,Kalimantan Tengah,2022-02-05,284,4.37,False
83f9c6ed-7bf3-4eae-a4f0-97abe9138e63,Toko_00527,PLATINUM,Bengkulu,2018-10-26,13,4.17,True
aed1c9aa-4170-49f0-92b0-f16b199fe6cd,Toko_00528,BRONZE,Gorontalo,2018-09-05,490,4.58,False
2a5a1d3c-a53a-4a3f-a5e4-92631f97d401,Toko_00529,SILVER,Sulawesi Tengah,2022-08-29,221,4.4,True
73fe1a90-f48a-4408-9bc7-133790a64456,Toko_00530,SILVER,Nusa Tenggara Barat,2019-09-18,147,3.17,True
e530e459-acbf-4ccf-a28a-f938bdb8683c,Toko_00531,GOLD,Jambi,2019-09-29,279,3.65,False
b888bff2-167d-4353-bf67-55636ffb5953,Toko_00532,GOLD,Nusa Tenggara Timur,2018-09-28,163,4.4,False
43f3256a-acc1-4b45-9cad-f436af4affdd,Toko_00533,GOLD,Jawa Barat,2020-09-28,49,4.85,True
69f0187a-6f77-4383-9f42-c161b81edaf7,Toko_00534,SILVER,Jawa Barat,2021-06-20,346,4.48,False
d43b90c8-4b7c-4bb9-8692-376cb0333a7e,Toko_00535,BRONZE,Maluku,2019-07-17,364,3.02,False
6e98ab7a-e452-40a8-a530-f3ee3361fee0,Toko_00536,BRONZE,Sulawesi Tengah,2020-11-27,90,3.74,False
493b85e4-0900-4a82-9b52-bb4f02237028,Toko_00537,GOLD,Aceh,2019-04-29,399,4.8,False
d1e7a286-391c-4a2b-8baa-2dccc9fbd262,Toko_00538,BRONZE,Sulawesi Tengah,2018-09-19,139,4.42,False
3f0a359c-f66a-481c-9544-f8f0a7c323b3,Toko_00539,BRONZE,Sulawesi Selatan,2023-09-24,189,3.11,False
84ee096e-7cac-4052-bbae-3ee5c576076b,Toko_00540,BRONZE,Sumatera Utara,2020-11-10,400,3.21,False
3f738352-df02-4a35-8086-97f767e02c99,Toko_00541,SILVER,Sumatera Barat,2023-09-16,6,3.09,False
abb0c875-5a89-4e9d-9921-bd371e379152,Toko_00542,BRONZE,Sulawesi Utara,2022-01-30,201,4.84,False
3812d06e-bebc-4a60-88f4-e1784d913053,Toko_00543,PLATINUM,Jawa Barat,2022-09-14,119,3.64,False
0409536f-2f22-41fc-bff5-dca00430ac5e,Toko_00544,SILVER,Riau,2018-11-16,297,3.75,False
e7d31114-ea5c-467c-a43f-f4aec84b9969,Toko_00545,GOLD,Sumatera Utara,2020-07-03,416,4.03,True
c684428b-edeb-42ae-a984-474493f64a79,Toko_00546,BRONZE,Yogyakarta,2023-03-21,448,3.56,False
ab4a85f9-b301-43de-b127-33fc7824e35c,Toko_00547,BRONZE,Sulawesi Tenggara,2023-02-14,9,3.74,False
31ccdf27-b900-4d8c-bf6c-3a203075c39a,Toko_00548,GOLD,Aceh,2020-09-20,242,3.74,False
4369ec2f-7bff-47b4-9733-0015c40ff101,Toko_00549,PLATINUM,Bengkulu,2020-03-11,380,4.8,False
71fe88ee-01a3-4b5b-aede-99f1b2c56aed,Toko_00550,BRONZE,DKI Jakarta,2022-08-07,17,3.47,False
4f345b66-553c-42d1-a4a4-40a291e40518,Toko_00551,GOLD,Yogyakarta,2018-02-09,491,3.67,False
ab188d76-6895-4995-a170-3c6e17caa45b,Toko_00552,BRONZE,Aceh,2021-06-13,58,3.41,False
85a81382-0806-43b9-8502-6025617d2768,Toko_00553,BRONZE,Jawa Barat,2019-08-07,369,3.56,True
53005329-6565-487f-b280-36fad4977032,Toko_00554,BRONZE,Bangka Belitung,2023-10-30,216,4.4,False
0a3aeeb9-58d9-4b24-bab0-c5e1922e1c8e,Toko_00555,PLATINUM,Jawa Tengah,2019-01-27,263,3.27,False
4f0ff62e-efbe-4950-93e8-ec2391d73247,Toko_00556,BRONZE,Bali,2018-09-13,227,4.32,True
4ed4c22b-3887-4a77-b228-a275771d2d27,Toko_00557,BRONZE,Bangka Belitung,2021-07-14,479,4.6,False
5e810d8f-db54-498f-9f90-4e45292dfb51,Toko_00558,SILVER,Kalimantan Timur,2023-01-29,144,3.47,False
572e5861-ac4a-4d39-9c0f-18a12bd3bd32,Toko_00559,BRONZE,Bengkulu,2019-03-23,84,3.21,False
353ddec5-c439-459a-93b5-69c1e85d0d57,Toko_00560,BRONZE,Jawa Timur,2022-01-07,498,4.54,False
1260756e-22db-430c-9ef2-04892d4b40ca,Toko_00561,SILVER,Bangka Belitung,2019-05-07,51,3.32,False
dfcc4a9d-dc20-4bc9-b3f9-fc23e8057d7f,Toko_00562,GOLD,Maluku,2018-06-15,115,4.67,False
dc448134-99cf-40ef-aea3-f05c5bbdb859,Toko_00563,BRONZE,Sumatera Barat,2021-12-28,207,4.03,False
d988dc1d-fda1-4ca4-b578-b13898870061,Toko_00564,BRONZE,Sumatera Utara,2018-05-08,492,3.81,False
53f8358d-9b03-4257-bba9-0483b75ebda2,Toko_00565,SILVER,Sumatera Barat,2019-01-23,241,3.2,False
2c91e8f9-3959-40f3-a274-b7284e7265ec,Toko_00566,BRONZE,Jawa Barat,2020-06-29,71,3.4,False
d91e244b-be2c-498e-bd90-ca9d3479a812,Toko_00567,SILVER,Nusa Tenggara Timur,2018-12-11,303,4.17,False
a7fd3a95-9f15-43c5-9385-9657a0fe01fa,Toko_00568,BRONZE,Jawa Tengah,2020-03-20,467,4.29,False
55442349-a647-4724-b5ab-c5493e2f2fd8,Toko_00569,BRONZE,Bangka Belitung,2021-09-20,67,3.09,False
3ac517f0-300f-4304-b1b0-63ca6af4d173,Toko_00570,BRONZE,Bali,2022-11-10,425,4.45,False
0c485b92-9b20-421e-a501-72ca736f851d,Toko_00571,BRONZE,Kalimantan Tengah,2019-12-09,186,3.43,False
e8565169-9b9e-4fab-9304-21fb633645c3,Toko_00572,BRONZE,Yogyakarta,2019-09-01,22,4.23,False
150ed6b7-6428-4326-a7d3-e3b28842d420,Toko_00573,SILVER,Sulawesi Utara,2022-08-15,456,4.1,True
b42d529d-21a5-4710-bb1f-318f4f6c2a9f,Toko_00574,BRONZE,Banten,2022-09-14,107,4.29,False
93df3ce8-aa92-433a-a033-9fb80bf8caac,Toko_00575,BRONZE,Jambi,2018-03-21,200,4.56,False
003abe59-e33b-4cfb-b0ee-4991b9b2a992,Toko_00576,SILVER,Sulawesi Utara,2021-11-10,472,4.13,False
c871e0db-2429-4b19-b7eb-614c59ea70d8,Toko_00577,BRONZE,DKI Jakarta,2021-07-30,310,3.44,False
330b4997-ce3c-455c-ae5b-b293dd5e473e,Toko_00578,GOLD,Jawa Barat,2023-04-17,276,3.71,False
0126957e-a0c4-4659-a411-61d56f27ce52,Toko_00579,BRONZE,Sumatera Utara,2019-02-15,131,4.31,False
abbd3f6a-1591-451e-8242-69f3664dd263,Toko_00580,GOLD,Gorontalo,2018-08-18,396,4.99,False
03774f6c-a1ad-48ad-8df0-422b4f3a2115,Toko_00581,GOLD,Jambi,2022-05-10,186,4.87,False
fa34cbb7-df48-49fe-8758-f1461f61ae8a,Toko_00582,BRONZE,Sumatera Barat,2021-07-26,417,4.48,False
116c4fd9-ad30-4cf1-8b48-83c71d8c6ca3,Toko_00583,SILVER,Maluku,2021-12-11,490,4.14,True
f32b69f7-b978-4492-827d-c69de1ae3a0a,Toko_00584,PLATINUM,Kepulauan Riau,2023-07-10,282,3.62,False
6ca7d516-8136-4e3c-b4b5-1f29596ba534,Toko_00585,BRONZE,Sumatera Barat,2020-06-15,15,4.05,True
e730bf57-cb81-499c-b7a1-dc84b6c0631e,Toko_00586,GOLD,Sumatera Selatan,2019-06-19,179,4.43,False
99c3ea3d-662b-428d-83d7-877af51224ca,Toko_00587,GOLD,Kalimantan Timur,2018-09-01,16,3.3,False
d4140cd2-8079-4dd2-9f70-1312e0838eab,Toko_00588,BRONZE,Jawa Timur,2023-11-26,445,3.73,True
8971038a-4dea-433f-9f67-0efaa3748462,Toko_00589,SILVER,Papua,2022-06-09,305,3.2,False
5a752513-7c20-45f6-89d4-066a1de97e58,Toko_00590,BRONZE,Sumatera Utara,2022-11-25,410,4.28,False
d7303700-ff24-47e1-a732-571b001c7e69,Toko_00591,BRONZE,Maluku,2022-01-01,119,4.33,False
ec201698-7198-4518-b468-aca272152612,Toko_00592,BRONZE,Aceh,2021-04-21,70,3.36,True
e033a22a-9fdd-4ba0-91c5-b9055b959fee,Toko_00593,SILVER,Bali,2022-05-23,440,4.99,False
0e746533-442e-4ec9-a200-951cf5fa780c,Toko_00594,BRONZE,Nusa Tenggara Barat,2021-07-27,476,4.62,False
880a81e8-000b-4daf-abcf-26f64c343807,Toko_00595,SILVER,Jawa Timur,2023-07-26,77,3.66,True
1f937d61-36eb-4a0e-b566-6bb91ebd0583,Toko_00596,BRONZE,Kalimantan Timur,2019-11-19,330,4.77,True
9fb16e26-5da8-41ec-ac8a-1666227cc603,Toko_00597,SILVER,Nusa Tenggara Timur,2021-10-07,233,3.02,False
b94b4018-062c-4b30-8678-4bbffa0dbcd9,Toko_00598,SILVER,Kalimantan Selatan,2020-11-17,407,3.22,True
333cc6e3-5be8-40c8-bbab-b5b4645fa920,Toko_00599,BRONZE,Aceh,2022-09-15,90,4.77,False
fe94e8d9-e1fc-43fd-8e20-679a4a45256b,Toko_00600,BRONZE,Sulawesi Tenggara,2022-03-18,56,4.66,False
076d4c78-b5d9-48d8-8315-cbefd90d4ff2,Toko_00601,SILVER,Bengkulu,2020-07-12,88,3.9,False
03bd0d4f-cacc-47b8-8dd3-e81a64b35b5d,Toko_00602,BRONZE,DKI Jakarta,2021-07-29,138,4.9,True
46186db9-4c30-4bf6-bc0d-6550385b76b6,Toko_00603,BRONZE,Kalimantan Barat,2019-10-22,379,3.15,False
6f4c789a-9854-4a4e-9067-53545c3ff792,Toko_00604,PLATINUM,Kalimantan Timur,2023-06-01,365,3.06,False
06d0a315-7a4d-44de-99e9-e4dbf97042f8,Toko_00605,BRONZE,Yogyakarta,2022-11-14,85,3.11,False
d3b3ba31-1e65-4b8f-925c-855e644a5856,Toko_00606,PLATINUM,Kalimantan Tengah,2020-12-22,343,3.56,False
a5a5a00c-4cbb-49e8-a74c-7b9616f09bca,Toko_00607,BRONZE,Bali,2023-07-04,83,3.11,True
14f63d9a-5b0c-4822-80e6-d72140d4ae4b,Toko_00608,BRONZE,Kepulauan Riau,2023-05-22,107,3.19,False
0d520f39-623f-4720-bb3a-a5c70b6feebe,Toko_00609,SILVER,Jawa Tengah,2023-04-24,437,3.23,False
ce6486b8-756c-455c-8c33-1dee2f2d6553,Toko_00610,SILVER,Yogyakarta,2020-12-21,51,4.28,False
df414655-966c-47cb-a450-0757e6bd1d85,Toko_00611,BRONZE,Kalimantan Barat,2022-02-22,100,3.89,False
9b46dfed-67e0-4766-a437-f897aad9288c,Toko_00612,SILVER,Sumatera Barat,2021-01-05,293,3.12,False
3e3d51a6-df0a-4546-a5ae-c0b57d81d3f9,Toko_00613,SILVER,Jawa Tengah,2021-11-09,418,4.08,False
5ec6c2af-208a-4830-97ee-3a8b90194236,Toko_00614,SILVER,Sulawesi Tenggara,2018-09-07,435,3.77,False
004682df-86c8-4f3c-a3c3-3dadde778e2a,Toko_00615,PLATINUM,Papua,2023-04-29,298,4.76,False
6bb02b4f-a4ab-4a91-905a-d92658b02c7a,Toko_00616,BRONZE,Yogyakarta,2018-05-23,262,4.14,False
98237eb3-322a-4726-a1a1-bb3813082563,Toko_00617,SILVER,Nusa Tenggara Barat,2019-08-27,66,4.9,False
b6bffe16-0229-4840-a954-12ec586dc063,Toko_00618,PLATINUM,Sumatera Utara,2020-05-17,418,3.39,True
532d3358-dfb1-42a2-988a-0f92fc81fbae,Toko_00619,BRONZE,Papua,2022-11-19,108,4.99,False
28b0966e-3b52-4084-b33b-281c486eceeb,Toko_00620,GOLD,Riau,2021-08-02,471,4.45,False
580525da-cee4-46ce-8472-9683ee82830f,Toko_00621,BRONZE,Sulawesi Tenggara,2022-06-16,287,3.65,False
a01ae9ea-4e70-476e-9911-98dc5b99fe90,Toko_00622,SILVER,Bangka Belitung,2018-02-20,407,4.4,False
c9dcac11-8bbe-493d-89e2-fb6a9f1d2163,Toko_00623,GOLD,Jawa Timur,2022-08-25,81,3.3,False
24ee6e29-c5cf-4bad-bd57-187bd6ae9937,Toko_00624,GOLD,Jawa Timur,2019-03-09,293,4.56,False
e2c29280-f0af-4313-bee9-5c35970428f5,Toko_00625,GOLD,Yogyakarta,2021-11-09,454,3.82,False
c7be14fd-c75f-4828-b778-a3f2b1905d39,Toko_00626,SILVER,Nusa Tenggara Barat,2023-04-22,24,3.34,False
f33afe95-f83a-42e0-b3df-490d5e94117a,Toko_00627,SILVER,Papua,2022-07-04,24,3.79,False
9b6edcc1-fbcc-45fc-86ac-b99c50bbd160,Toko_00628,SILVER,Jawa Barat,2023-05-01,476,3.54,False
d36cb047-1eb0-4414-b79c-7898b3acd964,Toko_00629,BRONZE,Jambi,2021-05-26,164,3.56,False
7ab3976d-8012-4ba6-a199-7b366ad1b52e,Toko_00630,SILVER,Jawa Timur,2020-07-22,73,3.6,False
213c9b9a-7342-4750-88b6-703b1f4e5422,Toko_00631,GOLD,Kalimantan Timur,2021-01-08,378,3.83,False
16d08281-5c1d-45a2-a285-062dc41b5ce1,Toko_00632,BRONZE,Sumatera Selatan,2022-07-26,384,3.97,False
c46e262b-cdaa-4666-9bd9-34db61aa9080,Toko_00633,BRONZE,Jawa Barat,2023-10-12,410,3.32,False
b84b34bb-68ef-4980-9694-6ca067af631f,Toko_00634,SILVER,Banten,2023-11-18,455,4.14,False
fa72fcda-59dd-4360-844d-dfed89fab898,Toko_00635,GOLD,Sumatera Selatan,2018-08-25,132,3.07,True
82e7be0e-b7c7-4e86-bd30-fcef87f2eb7b,Toko_00636,BRONZE,Sumatera Selatan,2021-01-27,193,4.65,False
b0ef81f7-7dc1-47e0-92b8-6c986813f3c6,Toko_00637,SILVER,Jawa Timur,2018-05-06,128,3.74,False
24b62105-463d-4a16-8c8c-e9e7402e02dd,Toko_00638,BRONZE,Bangka Belitung,2023-04-28,305,4.1,False
89b909bc-875f-468c-8a56-5a5cda816954,Toko_00639,GOLD,Riau,2019-01-06,150,3.05,True
4633bacd-ce3e-4b6d-84e9-93061a391f46,Toko_00640,GOLD,Bengkulu,2020-05-27,443,3.44,False
8f6e67cc-7dbc-4d9f-9692-c78221546543,Toko_00641,BRONZE,Nusa Tenggara Timur,2022-08-05,267,3.04,False
90222804-6f75-4753-a3d1-91a9c4ea3c25,Toko_00642,GOLD,DKI Jakarta,2023-04-26,471,3.26,False
a4367649-5b99-4e09-bce6-5f4bc3737e44,Toko_00643,GOLD,Sumatera Barat,2020-10-30,316,4.61,False
3977b6f5-e830-46a1-8b82-6c279f977327,Toko_00644,PLATINUM,Nusa Tenggara Timur,2021-02-01,221,4.79,False
fe240396-5ab8-475c-b8e5-1284642391ad,Toko_00645,SILVER,Sumatera Selatan,2023-03-27,159,4.35,False
30357beb-de7a-4fd7-b1ce-adc343d8177e,Toko_00646,BRONZE,Jawa Timur,2018-01-31,266,5.0,False
9134b2b3-dc12-4814-897b-44cf36101543,Toko_00647,GOLD,Sulawesi Tenggara,2021-03-03,157,4.37,False
b1f1ff71-d761-47dc-b5aa-73ebb2fdb05d,Toko_00648,BRONZE,Riau,2021-08-24,446,3.55,False
6e1f4a3e-99be-436c-b150-440d517c22dc,Toko_00649,PLATINUM,Nusa Tenggara Timur,2021-05-08,101,3.3,False
ba4248a1-be1d-4eb6-aa50-994bb1efe6e1,Toko_00650,GOLD,Jambi,2022-07-14,343,3.64,True
821956ce-93e2-4d44-97ea-45f903abc870,Toko_00651,BRONZE,Sulawesi Utara,2021-04-25,137,4.81,False
29dc4748-33e8-402e-aa82-23de12862ef9,Toko_00652,SILVER,Bali,2020-02-17,180,4.45,False
e82ca467-cf79-4ce0-bd1a-b132cce7322d,Toko_00653,SILVER,Jambi,2023-05-03,469,4.88,False
0de60c12-5c1a-4a8f-8868-3441b279102a,Toko_00654,BRONZE,Sumatera Utara,2020-01-12,155,3.2,True
6b4ce275-5bc2-4d39-90bc-c452f4c4b3ce,Toko_00655,BRONZE,Jambi,2020-01-20,489,4.36,False
4d09d68a-9348-4896-982d-4d7aa709d15d,Toko_00656,BRONZE,Kalimantan Selatan,2020-07-03,386,4.74,False
3323f108-6586-4f78-8e4a-6947ba7b2e64,Toko_00657,GOLD,Kalimantan Selatan,2020-12-03,304,3.59,False
d0334c32-0158-432c-a697-720c7f878f41,Toko_00658,SILVER,Bangka Belitung,2018-10-19,246,4.78,False
877114ec-0e2a-4645-bd89-56d96e9eef1b,Toko_00659,GOLD,Kalimantan Barat,2023-12-11,157,3.83,False
290515fc-f191-4ca2-baf9-5095bc72f4be,Toko_00660,BRONZE,Sumatera Selatan,2021-11-04,214,4.97,False
97d22d36-a149-4162-b21a-16354ec8db8a,Toko_00661,PLATINUM,Banten,2021-07-19,446,4.43,False
c3c1bf27-7e8d-40d8-94e8-a9e320e73165,Toko_00662,SILVER,Nusa Tenggara Timur,2019-12-26,165,4.27,True
553ffc75-e896-435d-b537-52a7eb85f53a,Toko_00663,BRONZE,Bengkulu,2019-11-22,300,4.53,False
7f3e93e6-410c-4b07-99d6-d85b64457f7e,Toko_00664,GOLD,Jawa Tengah,2019-06-15,319,3.87,False
c2542e9f-0932-40a4-ad70-6cbb3330be9c,Toko_00665,BRONZE,Sulawesi Utara,2022-04-20,7,3.08,False
b1180e44-2587-4e9f-849c-6d697337cc9f,Toko_00666,BRONZE,DKI Jakarta,2021-08-12,392,4.67,False
0d5edb9d-e61d-47f5-9f2a-6a87cc8aff57,Toko_00667,SILVER,Nusa Tenggara Timur,2020-10-16,120,4.39,False
9ec19ea4-6da4-460c-b8cd-43b590756e20,Toko_00668,BRONZE,Kalimantan Barat,2023-08-24,306,3.61,True
f029d8e0-7dc4-4e4f-96e6-fa6a24245b51,Toko_00669,BRONZE,Lampung,2023-02-11,377,4.04,False
651c8985-a985-4d5c-b21e-83f204e95b39,Toko_00670,BRONZE,Papua,2019-07-03,180,4.99,False
2cf95cdd-64a7-4fb2-96eb-6def63a9746c,Toko_00671,GOLD,Sumatera Utara,2022-07-11,14,3.46,False
c20dc8ba-c24a-428b-bc9b-19d0019a9e93,Toko_00672,BRONZE,Aceh,2018-03-31,306,4.01,True
12319030-9c8b-4de5-999e-6fc491a34b8a,Toko_00673,SILVER,Jambi,2018-06-03,197,4.75,False
0968044d-4ab0-4fdc-bea7-c2bd8059add7,Toko_00674,SILVER,Jawa Barat,2018-07-16,343,3.22,False
a400497d-a9d3-4a08-a1f5-f20f2cc03b1f,Toko_00675,BRONZE,Jawa Timur,2022-09-04,232,3.76,False
83d652b6-1d52-47e0-8c38-fb815e3c9c3a,Toko_00676,SILVER,Banten,2020-04-21,360,4.37,True
fb8caf81-f246-49a2-9324-36fbc24cf632,Toko_00677,BRONZE,Jawa Timur,2023-11-02,143,4.25,False
de1c6469-a6f1-4f76-88bf-8d2c07a79fc9,Toko_00678,BRONZE,Yogyakarta,2019-03-06,266,4.44,True
a3948585-1de0-46c4-a72c-4fcb5f1c011d,Toko_00679,BRONZE,Jawa Timur,2023-08-01,106,4.22,False
0f934e14-47dd-460a-a087-c8183d312003,Toko_00680,GOLD,Sumatera Selatan,2022-01-06,365,3.82,False
fbda76a5-8eb9-44b8-8a1b-d24ba051148c,Toko_00681,SILVER,Gorontalo,2020-04-30,357,4.87,False
4136e6a3-66b7-4d40-a88d-699be432ffc9,Toko_00682,BRONZE,Papua,2018-12-31,469,3.22,False
299c77f0-807b-4927-9224-f854089d080c,Toko_00683,SILVER,Jawa Tengah,2023-09-27,43,4.45,True
3133638a-0cb9-4b26-ac32-56b64abc73e7,Toko_00684,BRONZE,Sumatera Barat,2023-02-14,156,3.53,True
4bb0d58e-ef50-4929-b952-880f17e5930e,Toko_00685,GOLD,Bangka Belitung,2018-06-11,441,3.58,False
e3bbbad8-a858-4402-97f5-2201c878f5b5,Toko_00686,BRONZE,Aceh,2019-04-20,53,4.7,False
6bc86519-38aa-41cd-8572-9d5cf2d25bd2,Toko_00687,BRONZE,Banten,2019-11-30,173,3.72,False
2f9e0696-fe90-4b17-9ed5-77d96d1d92e5,Toko_00688,SILVER,Yogyakarta,2019-01-16,195,4.63,False
5d5eec11-3ca9-4fe6-8a2b-96802a384f80,Toko_00689,BRONZE,Sulawesi Selatan,2021-01-18,432,3.77,False
adcfa580-1127-4e6c-b423-ff55732d455d,Toko_00690,GOLD,Nusa Tenggara Timur,2019-11-15,62,3.27,False
0e3c28ab-ea4b-4457-885e-2b1dd9dd97d2,Toko_00691,PLATINUM,Bangka Belitung,2019-10-15,58,3.83,False
999e01ff-c91a-40ec-aa4f-0fd5bf4bf7ab,Toko_00692,GOLD,Papua,2022-11-30,97,4.22,False
f7d4a949-cef2-47bf-a057-4ac4552bc1ae,Toko_00693,SILVER,Bangka Belitung,2019-06-20,252,4.84,True
58c27d59-d0ba-4b8d-b396-e6015f0b200f,Toko_00694,BRONZE,Jawa Barat,2018-09-17,138,4.31,True
9465a5f1-2672-496e-8133-ad5f244b9e26,Toko_00695,GOLD,Sulawesi Tengah,2020-07-06,494,4.34,False
c0982e46-a6bf-4289-9697-3b8c39836238,Toko_00696,SILVER,Maluku,2019-01-26,226,4.32,False
afe858c1-be7f-4514-a0fc-55e452d84ef8,Toko_00697,BRONZE,Papua,2022-04-26,81,4.68,False
20268ece-4d55-4e83-a4c2-fa65a3fbbd26,Toko_00698,PLATINUM,Jawa Barat,2018-02-17,334,4.87,False
8b89a808-8fc8-43b6-92be-a9754f70315c,Toko_00699,SILVER,Sulawesi Utara,2019-11-09,43,4.5,False
d1f21b23-8910-474e-a557-9373c8b71adf,Toko_00700,BRONZE,Riau,2018-07-26,264,3.45,False
a1d3406b-12cc-422a-b5c2-aeed6891f43f,Toko_00701,BRONZE,Sumatera Barat,2018-11-19,240,3.89,False
875a4bdf-5690-4190-871f-503ab2f17f54,Toko_00702,BRONZE,Sulawesi Utara,2023-01-06,166,3.24,False
292fc888-2848-4359-88fc-1b0f7ed8f087,Toko_00703,SILVER,Jawa Timur,2022-07-11,216,3.07,False
882ddc88-329c-4ca6-94d9-4bce0abbb969,Toko_00704,GOLD,Jambi,2021-06-01,460,4.02,False
0b5a52b6-7f28-4527-80a5-2a72199f2089,Toko_00705,SILVER,Kalimantan Timur,2022-01-28,427,3.11,False
9ad579c5-e01a-4ecd-bba0-7c77a291b8f3,Toko_00706,SILVER,Sulawesi Tenggara,2023-04-22,371,4.31,False
e838ae19-7be7-44ef-95a8-6ad07260acc8,Toko_00707,BRONZE,Bengkulu,2020-06-27,6,3.68,False
8d25d45f-7df4-44e0-838d-3163aa590a78,Toko_00708,PLATINUM,Lampung,2023-11-09,196,4.4,True
16358d63-5948-4fd7-941c-b392a69bf318,Toko_00709,BRONZE,Banten,2022-08-04,59,3.51,False
9a52a181-dc26-4294-8ce7-61738d14d223,Toko_00710,BRONZE,Bangka Belitung,2022-05-29,115,3.91,False
c292e598-b84a-4c86-8e20-b0a43442bd80,Toko_00711,SILVER,Jawa Timur,2022-08-25,28,4.85,False
e13c1d8f-5e9b-46e0-a9be-7e4009af4310,Toko_00712,SILVER,Bengkulu,2023-01-20,239,4.32,False
d1f3114f-0b5e-47cc-b659-131defe62747,Toko_00713,BRONZE,Sulawesi Utara,2018-01-18,276,4.47,False
c06ab460-163b-4ab3-a573-c95a3b9f043b,Toko_00714,BRONZE,Bali,2023-06-02,478,4.02,False
2521e79f-3e28-4642-83f4-49d3b1a67a72,Toko_00715,BRONZE,Bali,2019-12-13,379,4.63,True
336f9373-e1c5-4f3e-a97b-599c72402a8f,Toko_00716,SILVER,Nusa Tenggara Barat,2021-08-11,263,4.76,False
6d3b291a-c2f0-4d17-afd4-18708861a219,Toko_00717,SILVER,Maluku,2020-10-13,145,3.8,False
01e85021-452f-4181-bfa7-d5699774e9ce,Toko_00718,BRONZE,Jambi,2019-07-01,75,3.83,False
e1dea4f7-2d30-413a-b251-c6fb8dab4ce9,Toko_00719,SILVER,Lampung,2021-07-09,369,4.47,False
52b7c9f6-1f47-4a75-acb0-bd4e69a022fe,Toko_00720,BRONZE,Sumatera Selatan,2021-04-05,356,3.69,False
b854a3fb-6a41-4561-860e-0282421d1b4c,Toko_00721,PLATINUM,Nusa Tenggara Timur,2019-12-30,262,4.08,False
3805af35-5d63-4fe0-bc81-870c23609219,Toko_00722,SILVER,Bengkulu,2021-12-13,292,3.96,False
4588562a-648d-47ab-bbbd-3e1399282c87,Toko_00723,SILVER,Kalimantan Tengah,2023-12-27,151,4.75,False
90ae1eb1-94d1-46f6-8425-9243984029f2,Toko_00724,BRONZE,Jawa Timur,2018-04-14,200,3.29,False
be4f9201-1512-4f8b-a27e-aba938ab52c1,Toko_00725,BRONZE,Bengkulu,2019-10-22,151,4.37,True
a0feb9ad-2806-41e2-97af-2e80e10cbc36,Toko_00726,BRONZE,Jambi,2021-04-23,109,4.51,True
65bb599d-bb25-4b96-bfd9-b0a157c40597,Toko_00727,GOLD,Jawa Timur,2020-07-07,385,4.29,False
08cd241a-ea83-43a1-ad38-daa41e42cdd9,Toko_00728,SILVER,Jambi,2021-03-24,359,4.33,False
2c19c5ac-2fab-4950-a8f5-ccdc47865154,Toko_00729,BRONZE,Jambi,2021-07-04,499,4.1,True
f5f973ed-3b11-4796-8135-a8fc87f58721,Toko_00730,BRONZE,Nusa Tenggara Barat,2022-12-20,429,3.45,False
5a0af155-ddf1-41f9-a1f5-61a40b789e22,Toko_00731,SILVER,Kalimantan Selatan,2020-03-15,402,4.45,False
3d46a3cc-b8aa-4ddc-919d-44b5a96bfed6,Toko_00732,BRONZE,Papua,2018-11-02,100,4.92,False
c8437d3e-6348-46f3-9f4b-352b383023a4,Toko_00733,BRONZE,Jawa Barat,2022-10-22,147,4.11,True
b6e1f411-aa0f-4771-8ac1-2f1352090dec,Toko_00734,SILVER,Riau,2018-01-24,174,3.93,False
cb970e5f-0e31-47f3-9f94-168df0a3709d,Toko_00735,BRONZE,Gorontalo,2021-08-14,310,3.1,False
b185ebaa-0a38-4e66-b209-deef68b7684b,Toko_00736,SILVER,Papua,2021-05-18,256,4.58,False
76fb06ea-2ce5-484c-9958-b46fe40fec0d,Toko_00737,BRONZE,Maluku,2021-07-25,274,3.44,False
f10e1419-c774-46fa-b6f5-9abd5a509e21,Toko_00738,BRONZE,Sulawesi Tengah,2019-10-15,217,4.09,False
d6327099-6bda-4ae8-9fdd-62f6ec31e497,Toko_00739,BRONZE,Yogyakarta,2020-05-23,344,3.66,False
783ba08b-f8d6-4d93-884a-5a73e5f65e49,Toko_00740,BRONZE,Bengkulu,2023-12-13,248,4.99,False
3e7b117c-4a9e-449d-b521-168a167bf2f1,Toko_00741,PLATINUM,DKI Jakarta,2019-04-15,347,3.69,False
b3c8e6ef-6537-4fb9-9fe2-0a1266340c77,Toko_00742,SILVER,Gorontalo,2020-09-25,495,3.08,False
0b3d5d91-5605-47b3-8fdc-4557ef4ff19a,Toko_00743,BRONZE,Jambi,2019-04-10,202,3.51,False
b97a1797-eb03-4d36-bd97-381bad0b2bdc,Toko_00744,BRONZE,Sulawesi Tengah,2022-03-16,268,4.61,False
dd5860b0-8fc3-49d3-99e7-4b53419eb529,Toko_00745,BRONZE,Yogyakarta,2020-02-28,169,4.03,False
e9cbae7b-0c1f-41be-b701-7b06e9917c98,Toko_00746,BRONZE,Bengkulu,2023-12-25,8,4.25,False
6768e39d-7ecc-4e88-bad0-2f22d1f83034,Toko_00747,SILVER,Sumatera Selatan,2022-10-04,432,3.21,False
ce0dd0d1-0b32-42b8-af2b-d2768859ba48,Toko_00748,SILVER,Aceh,2022-11-18,336,4.63,True
15113ac0-eb54-4b57-960d-1d01a9257939,Toko_00749,SILVER,DKI Jakarta,2023-02-24,372,3.66,True
da71ff8d-6745-478a-b5a8-35b3653506a2,Toko_00750,BRONZE,Jambi,2020-10-28,290,3.14,False
e18287cc-a8c5-4296-93ad-6165e741d19c,Toko_00751,GOLD,Kalimantan Tengah,2022-05-09,235,4.26,False
4b29aa65-c687-4889-98c0-a924fee9f46a,Toko_00752,BRONZE,Papua,2019-04-30,278,3.01,False
ea3c1beb-1361-4aa8-89d5-a6c5ee884aea,Toko_00753,BRONZE,Aceh,2018-07-06,363,4.7,False
62f34ada-f688-44fd-a5f4-59b63ec0f19d,Toko_00754,SILVER,Lampung,2021-05-19,315,3.17,False
7fabd93a-841c-48e1-8a77-d041a7c8a832,Toko_00755,BRONZE,Kalimantan Barat,2018-05-07,247,3.31,False
c71e7562-f1bf-481f-afa8-db1f69467406,Toko_00756,SILVER,Jambi,2021-04-23,496,4.27,False
f3525832-5f9b-4915-8332-7925a1ed3efa,Toko_00757,GOLD,Jambi,2022-03-09,495,4.9,False
d5d0296f-7fa3-4998-af75-354b3d960ad0,Toko_00758,SILVER,Jawa Timur,2018-06-21,7,4.15,False
f67ddaa4-8e5f-4a84-979e-feb90fa38519,Toko_00759,SILVER,Jawa Tengah,2021-06-02,112,4.5,False
0bb145e4-7459-4098-9df2-cbe3b7f72104,Toko_00760,BRONZE,Kalimantan Tengah,2023-10-01,77,3.32,False
9bc00295-d863-4594-b8a9-1c9f8c2945ef,Toko_00761,GOLD,Sumatera Selatan,2019-04-15,97,4.34,False
96c4117f-8e59-41b2-9d82-32e5cf16334d,Toko_00762,BRONZE,Bengkulu,2023-03-05,335,4.1,False
6edcfb3f-e666-478c-95aa-08681a1555f4,Toko_00763,BRONZE,Jawa Timur,2020-03-19,376,4.16,False
e7b14422-feb7-420f-9307-decd7332d94c,Toko_00764,BRONZE,Papua,2020-08-18,56,3.57,True
a4af7515-c489-4d9c-8181-a172d14712b9,Toko_00765,BRONZE,Sulawesi Utara,2023-01-20,173,4.23,False
5a445be0-01d4-47e8-84f0-97e743307609,Toko_00766,SILVER,Bali,2022-02-01,418,3.63,False
0a0f2e61-701d-41ca-82e0-d5a040d59367,Toko_00767,BRONZE,Sumatera Barat,2020-06-26,369,4.48,False
4ea1eb80-64d9-4d06-a894-9625aca2dc4c,Toko_00768,GOLD,Banten,2021-09-20,454,3.96,False
a1fc679e-667a-4b97-9bab-7ed8bf8f17c4,Toko_00769,GOLD,Sulawesi Utara,2019-03-22,94,4.29,True
8fbf1425-500b-4dbf-9763-60b0950d8e9e,Toko_00770,BRONZE,Kepulauan Riau,2019-07-28,461,4.08,False
7404d9cf-1fe3-40c5-88ad-de4e0e504660,Toko_00771,GOLD,Jawa Tengah,2018-11-05,461,3.04,False
09c8ec7e-6b40-4f00-88b7-b5e8d1678fbb,Toko_00772,BRONZE,Bali,2022-07-18,398,4.18,False
2054ef4c-ceb5-42d3-945b-857ee728eb81,Toko_00773,SILVER,Sulawesi Tenggara,2023-04-18,339,4.55,False
d8219c34-32e6-49b8-9afb-64cfa9607bd0,Toko_00774,BRONZE,Bengkulu,2021-04-06,73,3.93,False
c1604273-7755-497a-8a77-63268bce7787,Toko_00775,BRONZE,Sulawesi Tengah,2018-02-13,344,3.48,False
aa09a38c-52e8-433f-a53a-ad35063c5b98,Toko_00776,PLATINUM,Papua,2019-11-11,392,4.03,False
918263dc-97a0-460d-b46f-d3514f0234a5,Toko_00777,BRONZE,Bali,2019-08-22,381,4.46,False
15653a87-c4dd-46c2-815a-e6fe1d3f55db,Toko_00778,BRONZE,Bengkulu,2023-06-21,123,3.13,False
136d844c-80b5-4195-b101-049d3dd0427e,Toko_00779,BRONZE,Sumatera Selatan,2023-10-23,469,4.58,False
e74f56a6-36c1-43e6-aa75-2602a3f4114a,Toko_00780,GOLD,Yogyakarta,2018-07-10,25,4.96,False
42d23b0e-59fd-4d08-b697-483b327a3de1,Toko_00781,SILVER,Sulawesi Tengah,2021-01-25,432,4.48,False
14ca7679-2ce5-4729-9208-182835467569,Toko_00782,SILVER,Kalimantan Barat,2022-03-31,192,4.18,False
a8a73764-4e5d-4ec3-b711-61447d1ffdde,Toko_00783,BRONZE,Riau,2022-03-22,469,3.45,False
c8fc7ce7-f251-4c8d-970f-6a72e2ab143b,Toko_00784,GOLD,Kalimantan Selatan,2023-06-18,410,3.96,False
a613ee5a-39a3-4d65-b67d-685dc47cd851,Toko_00785,SILVER,Banten,2022-12-07,89,3.46,False
b6f64ea4-93dc-45ce-8eb7-a516d7b049b9,Toko_00786,BRONZE,Banten,2020-02-05,85,3.72,False
31f1a5fb-297b-42c9-bf4b-9a09a35f70ee,Toko_00787,BRONZE,Sumatera Barat,2022-08-26,420,3.66,True
f45d9b26-01b2-4e9f-ab2e-360bf8ee52d8,Toko_00788,SILVER,Sulawesi Utara,2020-05-13,307,3.32,False
041990cf-9f6f-4e0d-8394-6af3ba74bd2c,Toko_00789,BRONZE,Jawa Barat,2019-06-08,298,4.18,True
160c4c48-bd02-43cd-a85d-0f2023d22344,Toko_00790,SILVER,Yogyakarta,2019-08-25,33,3.33,False
183628f0-6a9f-4742-bd45-9891ec2dd136,Toko_00791,SILVER,Kalimantan Barat,2018-03-18,454,4.44,False
7facfcc2-ef3f-437e-bb12-13f8d5a8cc02,Toko_00792,BRONZE,Jawa Tengah,2020-06-06,234,4.21,False
ed5d40c7-c09b-48a5-b49c-50cdd143103b,Toko_00793,SILVER,Sumatera Barat,2022-08-10,312,3.29,False
9d548e83-e16b-449b-86c3-29c39fcd4c80,Toko_00794,GOLD,Nusa Tenggara Barat,2023-09-24,140,3.34,False
f01bf465-bf43-4532-925b-79eccf02b7db,Toko_00795,GOLD,Nusa Tenggara Barat,2018-10-09,122,3.76,True
93777c94-44df-4e1f-b3f6-a16e2e40196a,Toko_00796,BRONZE,Sulawesi Tengah,2023-08-28,355,3.84,True
d54840e4-4014-4271-b54c-8f5d4c769926,Toko_00797,BRONZE,Sulawesi Utara,2018-06-09,454,4.57,False
0454bc85-251f-418e-8a2a-16d0a457526e,Toko_00798,BRONZE,Sulawesi Utara,2019-06-18,466,4.21,False
6072af9f-8a0c-4234-ac4c-9a5ffbce9bd8,Toko_00799,GOLD,Bengkulu,2022-11-03,272,3.84,False
5ff2e913-b954-4c8c-8df7-c2ae116057b7,Toko_00800,SILVER,Kalimantan Tengah,2020-07-28,485,4.6,False
247adcec-afd4-4f6d-a5c3-3947d8a700a7,Toko_00801,BRONZE,Bali,2019-02-05,222,3.27,False
54df9257-ad52-4617-9a27-1cbf762a939f,Toko_00802,BRONZE,Bangka Belitung,2018-12-10,150,4.2,False
4c9638e4-8a3c-4ba7-b32d-2dd675893fde,Toko_00803,BRONZE,DKI Jakarta,2018-01-30,300,4.05,False
61f973b8-7954-44e1-83e6-8261e0920110,Toko_00804,BRONZE,Sumatera Selatan,2021-07-17,214,3.72,False
f1a51cc9-4c59-45aa-8277-5aab9bae6b91,Toko_00805,SILVER,Riau,2020-12-06,442,4.07,False
9515b01f-d817-4f7e-a925-4df375ce78ab,Toko_00806,SILVER,Papua,2022-06-16,391,3.41,False
75bee013-4d93-4e8e-a480-ba7e9174daaf,Toko_00807,SILVER,Sumatera Utara,2022-02-25,291,4.11,False
b426fffd-15f2-4bd8-bf6c-a813355d26f5,Toko_00808,BRONZE,Kalimantan Selatan,2022-06-19,381,3.28,False
6557a9c9-36c0-4b0d-8561-d81b0649aabe,Toko_00809,BRONZE,Sumatera Barat,2023-01-04,405,4.4,False
c5a81294-0487-4247-aa1f-03ada6e3e397,Toko_00810,BRONZE,Kalimantan Barat,2021-10-18,415,4.1,False
191a5bb3-45f1-4fec-bfbb-7bd7a26b33ae,Toko_00811,SILVER,Sumatera Utara,2022-05-13,498,4.27,False
8f9d0538-839d-4e21-8725-b7367c441e8a,Toko_00812,GOLD,Sulawesi Utara,2022-11-19,50,3.13,False
32271f9b-c98d-4c36-8613-f8ec9c100e29,Toko_00813,BRONZE,Jawa Barat,2022-04-24,481,4.97,False
1188ba5a-10ec-4e03-802d-99971791cefb,Toko_00814,SILVER,Maluku,2018-08-24,489,4.55,False
1a9bbef6-1110-44ff-b4e9-07740c13445c,Toko_00815,SILVER,DKI Jakarta,2020-04-06,440,4.31,False
3374b0d3-97f9-41ce-9e79-54e4cb8baacb,Toko_00816,BRONZE,Jawa Barat,2023-09-23,269,4.4,False
d6dffe61-5aa9-4b90-95ee-2fe8648a518b,Toko_00817,SILVER,Kalimantan Selatan,2020-09-06,340,3.0,False
888b96c3-ce2b-45a8-9e08-04dbc5333ae8,Toko_00818,PLATINUM,Bengkulu,2022-06-25,185,4.34,False
6c63e7f6-8d06-4319-b2d1-12cd0768c638,Toko_00819,BRONZE,DKI Jakarta,2018-10-09,475,3.18,False
8995f214-b4ba-4975-9624-237c71fbfea8,Toko_00820,GOLD,Gorontalo,2021-11-26,182,4.93,False
457af264-94e9-44ff-a18c-f055c66090dd,Toko_00821,SILVER,Sumatera Selatan,2023-02-06,481,3.81,True
66da8513-08a6-4064-b9c3-c6b2424a3155,Toko_00822,BRONZE,Sulawesi Tengah,2019-03-13,291,3.14,False
1db73370-ca07-4699-b45e-a2a6c8c5c375,Toko_00823,PLATINUM,Jambi,2023-10-04,494,3.52,False
b25ec027-562e-4c3e-b80e-68530a20b0f8,Toko_00824,GOLD,Riau,2022-12-19,499,3.75,False
7f8d563c-ef13-4f75-9037-fe6e55201d7a,Toko_00825,BRONZE,Kalimantan Timur,2023-02-23,353,3.92,False
681b9745-16b9-4d4c-821d-9af9d1ce76e8,Toko_00826,BRONZE,Jawa Timur,2020-11-22,39,3.77,False
2ffdf764-543a-499e-b357-fbf597d75392,Toko_00827,BRONZE,Maluku,2020-07-30,414,3.63,False
49e86199-7bfb-4cc3-b869-541ccef2780e,Toko_00828,SILVER,DKI Jakarta,2020-12-14,132,3.57,False
03f644eb-dd35-4bbd-aa6d-754fce86ed5e,Toko_00829,SILVER,Kalimantan Timur,2018-11-08,288,4.86,False
ac2c7773-747f-4bbb-a425-f3e41458d45e,Toko_00830,BRONZE,Yogyakarta,2021-01-07,98,4.89,False
3f79b202-f0ac-4278-850f-e815398dfaab,Toko_00831,GOLD,Sulawesi Utara,2020-03-28,125,4.47,False
8a34add9-e93f-4805-b137-7e76cf033362,Toko_00832,BRONZE,Sumatera Selatan,2020-10-19,433,4.24,False
6b497736-0a14-4ac9-b258-3c2646b2c572,Toko_00833,BRONZE,Gorontalo,2018-11-18,351,4.91,False
b65fa958-49e4-434e-bc95-638ffe0bc126,Toko_00834,BRONZE,Bangka Belitung,2018-06-23,439,3.96,False
5c62d0a3-0c30-4e27-b428-a73edea28448,Toko_00835,SILVER,Yogyakarta,2021-01-30,256,3.37,False
4edf65ec-49b1-4554-b4b1-9f47f8960563,Toko_00836,SILVER,Kalimantan Barat,2020-06-28,389,4.15,True
dac6c3e7-e9df-45e4-bf05-96010fbc4c1d,Toko_00837,GOLD,Sulawesi Utara,2018-05-14,262,3.69,False
f571b547-4cf3-45c0-9a92-65215991442c,Toko_00838,GOLD,Sulawesi Selatan,2019-05-09,362,4.04,False
fe6c7cfd-989a-431f-8df4-658f551fb464,Toko_00839,BRONZE,Papua,2020-05-13,199,4.16,False
92981d30-377c-4ba1-920f-c632336a2370,Toko_00840,SILVER,Riau,2020-02-06,285,3.53,False
964f4aed-f587-4614-ada0-ede69835ab37,Toko_00841,PLATINUM,Kalimantan Timur,2022-02-07,99,4.0,False
b6907668-d0e0-40ee-8469-bb23c08e3219,Toko_00842,SILVER,Kalimantan Selatan,2022-02-04,442,3.8,False
224f7451-1814-4041-8644-a604d7ecaefc,Toko_00843,SILVER,Bali,2020-07-25,421,3.2,False
76506f2f-30d1-4fc4-91a4-241b2c0d555c,Toko_00844,BRONZE,Kalimantan Tengah,2022-04-10,105,3.29,False
a43b03b3-49d6-4cee-8ed4-db696f5830aa,Toko_00845,BRONZE,Jambi,2018-02-09,95,3.84,True
a4ea77b6-78a9-4b21-8b1e-5b4eaa1fad71,Toko_00846,GOLD,Nusa Tenggara Timur,2023-10-19,278,4.44,False
a382517d-a6f0-4d85-83d0-5fcf65fcd921,Toko_00847,BRONZE,Sulawesi Tenggara,2018-07-15,208,3.2,False
01fb1eab-2e46-4b73-83d3-b20ed5c83f40,Toko_00848,BRONZE,Riau,2023-05-06,434,4.26,False
22f4dc70-fab4-4537-b753-c6043a1d2d38,Toko_00849,BRONZE,Kalimantan Selatan,2022-01-15,291,4.11,False
365eb3fc-36e0-4fd6-b52e-41224bd17987,Toko_00850,BRONZE,Kalimantan Tengah,2019-05-12,184,4.73,False
b08e1238-d6fa-4bd3-a573-55805214a717,Toko_00851,BRONZE,Bali,2019-12-16,404,3.57,False
1499b391-95df-403c-9050-101807899fdb,Toko_00852,SILVER,Bengkulu,2023-01-05,460,3.16,False
b9958563-2617-4617-bcc1-53ad51ff97d9,Toko_00853,SILVER,Banten,2019-11-18,332,4.62,False
6809f371-0312-42f0-8692-4d69c80a76e7,Toko_00854,SILVER,Bali,2022-07-16,439,4.81,True
ca42007d-4d24-498d-b6ee-6fcaa38aabf5,Toko_00855,BRONZE,Kalimantan Timur,2021-07-21,339,3.58,False
cf8fce92-2996-4d4d-89c6-1681a7b076a0,Toko_00856,SILVER,Riau,2022-12-28,404,4.73,False
47585005-1b57-4753-b87f-37d1256d275a,Toko_00857,SILVER,Sulawesi Selatan,2022-08-23,90,3.37,True
6e072bec-3863-4137-8ca7-9efe47b4d32c,Toko_00858,SILVER,Papua,2020-10-27,486,4.49,False
034fb167-2f86-43f1-b729-ce984b12f8de,Toko_00859,BRONZE,Kalimantan Barat,2019-02-26,53,3.13,False
49ab1531-2ef8-4fb8-adc6-a65f7a5caca6,Toko_00860,SILVER,DKI Jakarta,2022-06-15,273,4.53,True
c9b0452e-cefc-4a37-ac06-f9549501e558,Toko_00861,BRONZE,Banten,2018-12-12,340,4.86,False
3bd4aa7c-10db-469a-9194-d71cdbaba97e,Toko_00862,BRONZE,Aceh,2021-03-09,231,4.25,True
8c1f5c9c-4a97-4a53-9ac8-566f39868b24,Toko_00863,GOLD,DKI Jakarta,2018-05-24,344,3.71,False
97730bc4-c008-4b8e-ac7a-783fd9e637ee,Toko_00864,GOLD,Sulawesi Selatan,2021-01-20,285,3.89,False
d964993d-a146-4ff3-86aa-75ae2b04a21c,Toko_00865,SILVER,Sumatera Utara,2023-02-14,328,4.5,False
5a9d80e2-02f1-463c-8970-21e7849981a4,Toko_00866,BRONZE,Nusa Tenggara Timur,2023-12-27,163,4.82,False
5826c133-19c5-43e6-8e80-661cfbb19743,Toko_00867,BRONZE,Jawa Tengah,2022-12-15,162,3.73,False
21a7cb51-7b03-4763-9b2d-76be9df4b9f1,Toko_00868,BRONZE,DKI Jakarta,2023-11-14,422,4.52,True
e2941b83-d832-4ed9-a4c4-33256b687ee5,Toko_00869,BRONZE,Sulawesi Tenggara,2018-02-04,357,4.84,False
e6687ba6-2d5b-424f-ab70-be652eacbd2c,Toko_00870,SILVER,DKI Jakarta,2022-10-30,413,3.59,False
fb4d0995-e1aa-4d9a-9514-48b7bbefb735,Toko_00871,BRONZE,Kalimantan Selatan,2020-02-12,215,4.76,False
32d0e42d-4378-4f47-856a-2db894c7c454,Toko_00872,BRONZE,Maluku,2022-05-16,429,3.76,False
d77f0452-40e9-4684-be55-b6f5daa979db,Toko_00873,BRONZE,Sumatera Barat,2023-10-18,396,4.6,False
c9ddd2d5-ee57-49b2-816a-9c76338d03e4,Toko_00874,SILVER,Riau,2021-03-12,337,4.49,False
0e4e13f6-176b-427f-8e8b-f5e09dde13aa,Toko_00875,BRONZE,Bangka Belitung,2018-10-08,98,3.27,True
25b18121-ccd8-4a89-916b-f38195a37c04,Toko_00876,SILVER,Sulawesi Selatan,2021-01-19,363,4.25,False
98f0c2ae-0721-45d6-85d5-ad0b111f38fb,Toko_00877,BRONZE,Jawa Barat,2018-04-01,100,4.94,False
528df0e4-44bf-4df3-a59f-b61a60922e64,Toko_00878,BRONZE,Sulawesi Selatan,2018-02-03,124,3.18,True
3d09bb29-16c9-426d-8ccd-128da862ca73,Toko_00879,BRONZE,Kalimantan Tengah,2021-06-30,407,4.6,False
98edb95e-3f1f-49da-8f8b-7e38b5dc5103,Toko_00880,SILVER,Jambi,2018-05-10,174,3.16,False
505ee69b-d61b-4fd1-ab0f-5685e901e90c,Toko_00881,BRONZE,Riau,2022-05-27,41,4.09,False
8642e6e5-6e74-4da6-921e-920a9fb4a7c6,Toko_00882,GOLD,Riau,2022-04-12,429,3.03,False
15524598-d3db-4686-8447-6f2fa1878c53,Toko_00883,SILVER,Kalimantan Barat,2022-12-20,131,4.48,True
077f1e2a-7fc3-4297-ad03-ce369489ba15,Toko_00884,SILVER,Bengkulu,2019-01-20,271,4.33,False
d70afdea-d7e8-4f40-8e82-d731d1286f14,Toko_00885,BRONZE,Lampung,2021-08-16,86,4.26,True
ef7e0e65-99ff-46b7-bbb9-47011cf4736f,Toko_00886,PLATINUM,Sulawesi Tengah,2019-05-16,134,3.96,False
1b5a6a39-b1aa-4648-9ce5-6ca9d0bcde90,Toko_00887,BRONZE,Jawa Barat,2020-06-11,62,3.47,False
3475b8f1-ef02-4a4d-96d4-2a593d98c03a,Toko_00888,BRONZE,Jambi,2021-02-04,304,3.24,False
fc4a8f61-ffe8-4644-9028-23a28ed47bcf,Toko_00889,BRONZE,Jawa Barat,2023-05-01,357,4.19,False
6eb443b7-4fea-4ec5-a287-280fb35820d5,Toko_00890,BRONZE,Sumatera Utara,2023-08-10,51,4.37,False
1ea55c41-b47d-4830-b8c8-c742ce5bf9fa,Toko_00891,PLATINUM,Bengkulu,2018-09-03,35,3.71,False
4ce4e871-0568-4564-8bf7-14bbf196c94d,Toko_00892,SILVER,Jawa Timur,2019-05-31,254,3.47,False
ffe86947-3fa9-409e-854b-9e19e89f7e2b,Toko_00893,GOLD,Bengkulu,2021-11-23,417,4.78,False
7ad8d561-71fc-4184-ba7a-3cc9edaaa8d6,Toko_00894,BRONZE,Kalimantan Barat,2022-01-07,375,3.27,False
d83d5d0a-fd15-4de3-9a6f-9c49c53482bc,Toko_00895,SILVER,Sulawesi Selatan,2021-04-22,282,4.39,False
00158bca-7712-4ee7-8b75-f8128adb815f,Toko_00896,BRONZE,Kalimantan Selatan,2021-08-18,379,3.94,False
60df2bfe-363e-48ff-8784-6aea31ff41ce,Toko_00897,SILVER,Bangka Belitung,2019-10-19,40,4.06,False
f1e15b4b-579f-458a-abd6-4ceee1a4b8a1,Toko_00898,GOLD,Sulawesi Tenggara,2022-02-12,237,3.0,False
308f2015-1bca-48ab-86ab-06b51db99c98,Toko_00899,BRONZE,Sumatera Utara,2018-03-18,322,4.71,False
e81ec899-7527-48f1-a2f2-a4ee151b2a72,Toko_00900,BRONZE,Aceh,2018-09-17,342,4.93,False
ef564bf6-2ef3-4263-b72a-538f06cf386c,Toko_00901,BRONZE,Papua,2023-07-31,397,4.1,False
f71626da-dbc2-4bbf-9f62-d6056a5e7cd1,Toko_00902,BRONZE,Nusa Tenggara Timur,2021-08-12,61,3.19,False
f0a112f5-a057-4856-8d7c-ec123f9904b9,Toko_00903,BRONZE,Banten,2020-01-02,452,3.06,True
cac62839-3cc0-4a8e-9d7b-20660615f67c,Toko_00904,BRONZE,Jawa Barat,2022-05-11,341,3.98,False
0c3b684b-2de2-428f-bb12-630155e42073,Toko_00905,SILVER,Jawa Barat,2022-02-09,118,4.21,True
3255d7f3-f85e-4a75-a895-55dee8cd89ec,Toko_00906,PLATINUM,Sumatera Selatan,2023-07-06,480,4.78,True
9dbb8c3a-153b-4153-a695-fb23e1af9c5c,Toko_00907,GOLD,Jawa Barat,2022-01-18,290,4.49,False
ba8bf880-e713-4846-87ee-2ec14aae9019,Toko_00908,GOLD,Jambi,2018-08-27,426,4.23,False
6a801d5e-fe39-433d-bfb5-5fadaebc2008,Toko_00909,SILVER,Kepulauan Riau,2021-05-29,44,4.89,False
f4e4468a-abf1-47e7-8d1f-1fbcd03cc90c,Toko_00910,BRONZE,Aceh,2020-08-04,277,3.77,False
66b8fc40-f2d8-4d46-8038-4b373295d2d3,Toko_00911,SILVER,Bali,2020-01-03,290,4.5,False
9e9ed8dd-da19-499e-af3c-c400db478bbf,Toko_00912,BRONZE,Nusa Tenggara Timur,2022-01-06,350,3.92,False
35986033-5905-4a42-965f-b96bac5b2a0c,Toko_00913,GOLD,Sumatera Utara,2020-01-09,286,3.8,False
d07da4fd-06c6-427d-81f9-d5fc1c8e46b6,Toko_00914,BRONZE,Nusa Tenggara Barat,2022-12-20,482,3.7,False
36ef0b7f-5ce0-4474-83c2-97aa38cb9874,Toko_00915,PLATINUM,Kalimantan Timur,2022-03-03,216,4.53,False
0df11893-bae5-4047-9c40-62980b90b0e2,Toko_00916,SILVER,Nusa Tenggara Barat,2020-09-12,293,4.09,False
fb577570-ae48-41b2-9fb5-8273dd40cae9,Toko_00917,SILVER,Aceh,2020-11-06,189,4.92,False
516e88a2-8da3-4e6f-b9c8-6396cb4dd4a4,Toko_00918,BRONZE,Aceh,2018-05-22,150,4.19,False
55133001-f7aa-4aba-a274-2f3aac693f54,Toko_00919,PLATINUM,Lampung,2018-01-27,158,4.97,False
9379d810-2ad2-4018-84c9-209d514f4115,Toko_00920,BRONZE,Bengkulu,2021-02-04,475,4.11,False
cd6ec594-78a6-4d55-bbcb-e68a75d5114a,Toko_00921,GOLD,Banten,2019-01-22,24,3.92,False
0323d162-a9a5-4dd8-9be0-2a4599b84583,Toko_00922,BRONZE,Yogyakarta,2020-10-20,124,3.51,False
86880a5b-80a2-4d47-a354-60171766381a,Toko_00923,SILVER,Bali,2020-06-09,380,3.15,False
59051d26-a1f2-42e2-b9e7-b533c80a3f79,Toko_00924,SILVER,Sulawesi Utara,2019-01-26,309,4.28,True
f7f22572-778a-4030-bcad-ccda2b5492a9,Toko_00925,GOLD,Kalimantan Barat,2018-11-18,404,3.11,False
319d2b0e-cf8a-4530-baba-3898544ba318,Toko_00926,BRONZE,Kepulauan Riau,2022-11-14,218,4.86,True
8e372a48-f48a-4401-a200-fa2219828906,Toko_00927,GOLD,Aceh,2018-02-16,329,4.55,False
1ee098db-3c39-47e6-87db-85207b81d9f3,Toko_00928,BRONZE,Jawa Barat,2021-07-31,281,4.13,False
1d468dea-fc69-45fb-b806-53e16b8447f3,Toko_00929,SILVER,Banten,2018-07-26,349,4.46,False
4d94d281-f48e-4754-abee-c726b4501774,Toko_00930,BRONZE,Nusa Tenggara Barat,2023-08-30,51,3.44,False
df85a56f-b181-45aa-9227-91fa9ed8c227,Toko_00931,BRONZE,Banten,2021-10-08,47,3.95,False
8a54a8b1-f0ff-4f23-bac7-3549429bda64,Toko_00932,SILVER,Riau,2018-12-15,209,4.0,False
c43e59b1-2e45-4475-b92d-3e146d7bb867,Toko_00933,BRONZE,Banten,2023-05-24,291,3.4,False
2edb1d83-219b-4761-89eb-2657b1b1bc4d,Toko_00934,SILVER,Sulawesi Tenggara,2023-11-18,131,3.48,False
2589191b-f9ed-460d-9dc0-0f65963c3be2,Toko_00935,BRONZE,Papua,2019-01-02,62,4.34,False
a3b428c4-798c-4711-8c0c-ba8f1450e3e4,Toko_00936,BRONZE,Kalimantan Timur,2021-11-12,309,4.31,False
8e6480de-197a-4f8d-a39e-385e45ce538d,Toko_00937,BRONZE,Kalimantan Selatan,2022-12-17,324,3.29,True
c957f0d2-a7c7-4366-9d32-256a47fed88d,Toko_00938,GOLD,Sumatera Selatan,2022-03-12,84,4.52,False
c043584d-5613-42e4-a65a-8f07bc997bb0,Toko_00939,BRONZE,Jawa Barat,2020-09-22,490,4.24,True
32f6118b-6b08-462e-a50e-9ad0c99c9fdf,Toko_00940,GOLD,Lampung,2018-02-26,180,4.39,True
ed00a261-f6ea-4dba-88e7-cfe659bd8cfb,Toko_00941,SILVER,DKI Jakarta,2021-09-21,112,4.48,False
ea2b1008-8a1c-4c57-afa5-e872fedd86cb,Toko_00942,SILVER,Bengkulu,2020-11-25,285,3.97,False
cf17dbd7-4f93-49d7-a94c-03725c664f44,Toko_00943,BRONZE,Maluku,2018-03-17,197,4.17,False
08a56539-fe2d-4f5c-b96f-eec82a4cc2f7,Toko_00944,BRONZE,Sumatera Utara,2018-09-04,150,3.4,False
1fbe1abf-aed2-493a-8897-a496900de892,Toko_00945,BRONZE,Sulawesi Selatan,2018-02-04,39,3.78,False
c86e4838-503d-471c-870c-c5e7ad10816d,Toko_00946,GOLD,Papua,2022-01-15,447,3.22,False
0ca4a6d4-8177-4c98-b8f9-d76286447636,Toko_00947,GOLD,Kalimantan Barat,2020-08-04,199,4.02,False
9c6930e1-6a0f-456e-a6b1-2559c9049e4e,Toko_00948,GOLD,Sulawesi Utara,2023-12-18,50,3.37,False
12104b97-1e89-4ab0-8395-48623070fc75,Toko_00949,SILVER,Gorontalo,2018-03-30,25,3.49,False
2a5b9055-8d90-4e11-9151-b27cf83c4f48,Toko_00950,BRONZE,Kalimantan Barat,2019-10-06,14,3.69,False
02358bf5-5a60-43dc-b011-88b8a53cc01e,Toko_00951,SILVER,Sumatera Barat,2023-08-16,146,4.62,False
167a6e3b-3e7e-4f9d-b833-f4841c7e833d,Toko_00952,GOLD,Yogyakarta,2018-05-01,488,4.11,False
9de8b84f-8a4f-4533-8d6b-0ce3214653c4,Toko_00953,BRONZE,Yogyakarta,2022-05-29,341,3.27,False
783209c1-92b7-4458-8e0f-a91ca3fb401f,Toko_00954,SILVER,Papua,2020-07-20,218,3.48,False
7b51426e-2358-4170-94e4-23d5fedbdc52,Toko_00955,PLATINUM,Gorontalo,2021-09-10,234,4.08,False
38f926fb-2f98-4085-b5a7-52467145c271,Toko_00956,BRONZE,Sulawesi Tenggara,2020-04-08,446,3.28,False
8c6cb9ce-a6b3-45f1-91df-8f6f40497950,Toko_00957,GOLD,Gorontalo,2019-07-08,225,4.99,False
50b9d9a6-eca9-482f-adde-a250e490628d,Toko_00958,BRONZE,Gorontalo,2019-10-10,167,3.14,False
63ae2847-6f50-466e-90f6-615cc7fd7996,Toko_00959,SILVER,Sumatera Utara,2021-07-24,434,4.76,False
c39ef7bb-2c4d-41a1-ba1c-4b1e2f313589,Toko_00960,GOLD,Yogyakarta,2022-08-23,497,3.82,False
3c7c4427-83c0-44e8-8943-b72d7156c471,Toko_00961,PLATINUM,Yogyakarta,2021-01-26,82,4.56,True
2383d9b9-367e-49c4-b9cf-aff8f04e4e52,Toko_00962,BRONZE,Bengkulu,2020-12-29,315,4.13,False
8abd02f0-9fa2-4c44-b6c4-50182e845b0a,Toko_00963,BRONZE,Papua,2018-04-17,188,3.16,False
6251994e-dde8-4488-bf5d-ec63d5d02623,Toko_00964,BRONZE,Bangka Belitung,2023-04-05,369,4.3,False
021fb5ad-0fce-4cdb-b766-62addedde060,Toko_00965,BRONZE,Sulawesi Utara,2019-07-18,88,3.39,True
8d86102f-2b32-431a-8711-4ff37bf341d0,Toko_00966,GOLD,DKI Jakarta,2021-01-10,491,3.83,False
b8f9afed-5be1-4fb4-9212-df63d861be65,Toko_00967,PLATINUM,Bengkulu,2020-04-17,38,3.35,False
ed4af731-0434-4227-b442-6d69ef3ef18b,Toko_00968,BRONZE,Nusa Tenggara Barat,2023-06-30,357,3.65,False
bd8037cd-c881-414b-8451-020b575c5db6,Toko_00969,BRONZE,Kalimantan Barat,2018-06-21,316,4.47,False
4f67144e-e236-48d5-9169-5d55bfb5b3b0,Toko_00970,BRONZE,Nusa Tenggara Barat,2023-11-22,333,4.75,False
eaefa66c-4d63-4036-ac57-f343a7ee8647,Toko_00971,SILVER,Sulawesi Selatan,2023-02-15,428,4.76,False
50a8773f-93f2-49c7-b9c0-bbd6fa7dcd2f,Toko_00972,BRONZE,Sulawesi Tenggara,2022-06-09,381,3.08,False
67c8b74b-d8ad-42e0-94fb-439a3323ed4c,Toko_00973,GOLD,Jawa Barat,2020-02-17,154,3.88,False
89458246-de4f-4bbe-a3ca-105e25c6c169,Toko_00974,GOLD,Lampung,2023-03-05,90,3.84,False
037be692-d47e-40b4-bf41-4e1bda3cecab,Toko_00975,BRONZE,Sulawesi Tengah,2019-08-06,242,4.66,False
ca711411-88e9-45fd-9fd9-a51ae2b5774d,Toko_00976,SILVER,Jawa Timur,2020-01-07,403,4.17,False
3ad22eea-f126-4c5c-8a76-0e2b5b679d1f,Toko_00977,SILVER,Kalimantan Barat,2022-08-21,170,3.9,False
9bf5f97c-d913-406c-9dc6-0ee8f9d8df22,Toko_00978,SILVER,Maluku,2020-04-07,456,3.91,False
c0b1ceb8-2af6-493a-84e1-b4e89ba0438d,Toko_00979,SILVER,Gorontalo,2019-11-03,372,4.47,True
58ed2d40-2ad3-4ce1-b8be-6b6e80c95c53,Toko_00980,SILVER,Nusa Tenggara Timur,2022-01-26,48,4.05,False
03945c50-31e4-4f19-897a-5f89ac36c0a6,Toko_00981,GOLD,Sulawesi Tengah,2019-10-17,198,4.1,True
80f43d82-f618-4e50-9468-f9d16199e89d,Toko_00982,BRONZE,Kalimantan Timur,2019-09-07,88,4.74,False
80c778f6-df7b-4c95-b312-0bfd78eb778e,Toko_00983,SILVER,Kalimantan Tengah,2021-06-15,163,4.46,False
7d8b1447-2933-4fa1-b58b-4cfd8b3558c9,Toko_00984,BRONZE,Sumatera Utara,2019-04-27,465,3.26,False
d11b4483-f435-49dc-81bb-084a42e3a425,Toko_00985,SILVER,Riau,2018-02-20,239,4.0,False
8ce52130-08e0-40e4-a8f1-d95bf124603c,Toko_00986,GOLD,Nusa Tenggara Barat,2023-07-15,126,3.43,False
d9adc74f-eca3-46b7-a2a0-0dc5e887673e,Toko_00987,SILVER,Sulawesi Selatan,2018-11-22,312,4.2,False
3e1c54ae-15dd-4ad1-be3d-a4d177b455a6,Toko_00988,SILVER,Nusa Tenggara Barat,2020-04-30,30,3.37,True
5a0fa555-5a0e-495c-9eb6-13a27a3b9682,Toko_00989,BRONZE,Banten,2018-05-13,346,4.16,False
ba0ccb92-75bb-47cd-9993-ffd76a214343,Toko_00990,BRONZE,Jawa Tengah,2018-07-20,60,3.83,False
a3abbe7f-3611-418f-bc5c-fc3a37bc2eef,Toko_00991,SILVER,Nusa Tenggara Barat,2019-12-28,499,3.91,False
53db097e-c571-466f-af66-9ba59de303ac,Toko_00992,PLATINUM,Jawa Tengah,2021-05-10,170,3.74,False
f0814ec4-7418-483a-ba1f-4b893f54bd2b,Toko_00993,BRONZE,Kalimantan Tengah,2018-09-23,154,3.94,True
2e76c2e9-aca3-48e0-8bf5-b4935627f0c1,Toko_00994,GOLD,Kalimantan Timur,2023-11-29,216,4.05,False
bbdb5ea2-07c8-4239-a816-c5155a88cf62,Toko_00995,SILVER,Jawa Timur,2023-12-07,49,3.97,False
30c6382a-589f-4b10-808f-7a43518d0014,Toko_00996,PLATINUM,Maluku,2021-03-22,223,4.22,False
a88468d0-5d54-4133-9fe4-62adcee7ee09,Toko_00997,SILVER,Nusa Tenggara Barat,2021-12-20,479,3.26,False
afc8e89c-d675-4a1b-be4f-e632f01585eb,Toko_00998,SILVER,Nusa Tenggara Timur,2023-08-01,257,4.62,False
a6042d8d-3f63-49de-af6c-37ed09530fab,Toko_00999,BRONZE,Lampung,2020-03-03,5,3.24,False
23c2cbd2-6703-4824-b91a-7d85681a2bca,Toko_01000,GOLD,Aceh,2020-04-29,414,4.23,False
b63ca138-c20d-4f5d-93ac-e1a66d7a05f5,Toko_01001,BRONZE,Kalimantan Selatan,2020-05-19,10,4.28,False
b29a2df2-296e-4ce2-a174-147c034080c8,Toko_01002,BRONZE,Jawa Tengah,2021-06-14,158,4.01,False
4c83bfea-263f-4ad1-91b5-54cea315ab2d,Toko_01003,BRONZE,Papua,2021-09-27,179,3.79,False
0d985e0b-5335-47cc-9820-d8e4a276521b,Toko_01004,PLATINUM,Kepulauan Riau,2019-12-21,104,3.66,False
35f5b09b-9bd4-4405-8d8f-354bccd07873,Toko_01005,SILVER,Gorontalo,2023-04-28,413,3.07,True
ce5ba05a-54ee-4b4b-b293-83251f77792c,Toko_01006,BRONZE,Sulawesi Selatan,2021-10-04,241,4.57,False
7f4694d7-35ca-4ba8-be58-c59d5a7dbfcc,Toko_01007,SILVER,Kepulauan Riau,2023-11-05,158,4.13,False
59b0a937-dfb4-4da9-a161-3aace20b203b,Toko_01008,SILVER,DKI Jakarta,2020-05-03,300,4.37,False
ee9e1817-66ad-4231-882e-40a4607e38e4,Toko_01009,GOLD,Kalimantan Selatan,2018-09-29,81,3.56,True
a10aa14a-d8ec-4af3-b3ba-6a52babf0eba,Toko_01010,PLATINUM,Nusa Tenggara Timur,2023-12-29,436,3.33,False
55b54719-a5ab-4076-b56f-c5ea34a25072,Toko_01011,BRONZE,Jawa Timur,2021-06-16,366,4.72,False
cce1788f-ac64-4eeb-af02-2bebababd467,Toko_01012,BRONZE,Jawa Tengah,2023-07-29,454,3.48,False
425b12e7-851b-4659-ad3c-692dcb542692,Toko_01013,PLATINUM,Sumatera Selatan,2023-11-21,159,3.35,False
53d6ed39-a2c2-4a54-ae59-9bda501387e4,Toko_01014,BRONZE,Sumatera Selatan,2019-01-15,232,4.01,False
e1b0c99f-2aaa-405b-a1e3-7bc3b4745e8b,Toko_01015,GOLD,Banten,2020-02-19,179,4.85,False
e9d5a608-b612-41d2-ae58-de7a93a4c675,Toko_01016,SILVER,Bengkulu,2021-09-02,78,4.54,True
965a15c8-87de-4bf4-81a0-043b1e2b42ee,Toko_01017,PLATINUM,Sulawesi Tengah,2019-06-28,110,4.45,False
7ee3120d-5bb5-4975-bac6-23992fb755e5,Toko_01018,SILVER,Sulawesi Tengah,2019-04-20,7,3.62,True
d437f23a-d327-424f-bcac-8606c300517c,Toko_01019,GOLD,Bangka Belitung,2018-12-23,175,3.93,True
ec31acef-ae93-4659-9500-19be0d9e5539,Toko_01020,SILVER,Papua,2021-07-03,16,4.16,False
282dee9d-2cb7-439b-af0c-8215dc143cb2,Toko_01021,GOLD,Kalimantan Timur,2020-04-01,103,3.57,False
6d52dfe3-5a39-433f-b731-e6316babcb1f,Toko_01022,GOLD,Papua,2019-04-27,144,3.3,False
252ee84e-c6f2-482a-b895-eaaa8805a52e,Toko_01023,BRONZE,Nusa Tenggara Barat,2023-10-07,57,3.41,False
e223455e-a42b-496e-abe9-b7cc5f7042e5,Toko_01024,BRONZE,Banten,2021-03-06,298,3.49,True
adde386e-8ff9-45b5-8e2e-d0aea44a94ff,Toko_01025,SILVER,Kalimantan Timur,2022-12-23,30,3.26,False
e4f953b3-ab27-43b4-acf6-6a021ec9c1e6,Toko_01026,SILVER,Jawa Timur,2022-04-21,32,3.17,False
42283684-e71a-426e-9408-a903ca2e2ff3,Toko_01027,SILVER,Yogyakarta,2023-01-01,320,3.71,False
49d42948-fce4-4a7d-a42f-183a236770bd,Toko_01028,BRONZE,Bengkulu,2023-12-26,45,4.95,False
c4fa266c-98c5-4d28-84c2-0515060b8700,Toko_01029,SILVER,Banten,2019-01-16,421,4.6,False
d28b90a4-3887-48b5-9fc1-dfafef93ce60,Toko_01030,BRONZE,Lampung,2023-03-22,245,3.46,False
5912395a-4f02-4df6-94e1-d2d41b385442,Toko_01031,GOLD,Nusa Tenggara Barat,2020-11-22,472,3.73,False
172579b4-d0b5-441b-91c8-7064358d11f1,Toko_01032,GOLD,Kalimantan Timur,2021-08-23,237,3.98,True
d5ace603-99b2-4d31-a38e-910663c1b4f7,Toko_01033,BRONZE,Sulawesi Utara,2023-03-05,438,3.34,False
d321711f-61bb-44ce-b7a1-bed5e3058f79,Toko_01034,SILVER,Banten,2023-09-12,57,3.81,False
9ec8a6a3-8658-4d5d-a1ff-5a8a54b28edc,Toko_01035,BRONZE,Sulawesi Tenggara,2018-10-18,410,3.6,False
1120c407-3fad-4035-bd44-80201ccd0e58,Toko_01036,SILVER,Sumatera Barat,2020-09-25,285,3.32,False
9584249c-b506-4437-aa94-ec4f2e25c30f,Toko_01037,BRONZE,Sumatera Selatan,2022-11-01,406,4.96,False
d6df1611-751f-46fc-af91-4b0b0d23979f,Toko_01038,BRONZE,Maluku,2020-08-25,93,4.33,True
4acbf4db-ef87-4d3e-bf7f-54dba9215de2,Toko_01039,PLATINUM,Bali,2023-06-17,63,4.18,False
ee2f81c4-7cc0-42a6-8bec-49c97379e073,Toko_01040,SILVER,Kepulauan Riau,2022-12-29,95,3.62,False
9a746135-1ba6-4bef-b04c-a81c8ae20e04,Toko_01041,SILVER,Papua,2022-04-02,172,3.99,False
c5cf9fe7-2de6-4920-a2da-c170b57247c6,Toko_01042,BRONZE,Kepulauan Riau,2019-07-24,459,4.16,False
8c547648-08b9-4814-8ed1-577beea3b093,Toko_01043,GOLD,Bengkulu,2019-08-24,343,3.3,False
2fc22698-f6c7-464f-8340-c7ecf46ab118,Toko_01044,BRONZE,Bali,2023-01-06,105,3.41,False
cc56f91e-2b35-46bb-9f16-1cfb91790503,Toko_01045,BRONZE,Jambi,2021-06-01,475,4.89,False
51b4a2d0-a5a4-4803-a86d-313a85da2e59,Toko_01046,PLATINUM,Kalimantan Selatan,2019-01-01,303,3.02,False
bd7694cf-f24f-4ee4-8c36-e1f2fa6c758e,Toko_01047,BRONZE,Banten,2021-04-19,36,3.74,False
bb1b633f-e123-4eb0-812d-1e97e904cc0b,Toko_01048,BRONZE,Maluku,2022-01-11,61,4.72,False
57e846be-6db4-4f25-9272-40256177a3af,Toko_01049,BRONZE,Maluku,2022-06-03,325,3.64,False
03988af7-ae39-4d60-bc5d-8df1cead644c,Toko_01050,BRONZE,Sulawesi Tenggara,2020-05-15,344,3.35,True
103c6046-121a-40f9-bd49-b0f6926cc595,Toko_01051,SILVER,Kepulauan Riau,2022-01-15,435,3.83,False
79850b1d-63a2-4c73-bc16-1c0dea937f52,Toko_01052,GOLD,Banten,2019-07-05,10,3.14,True
8f270f62-e148-40ce-9081-e0ed119ff8cf,Toko_01053,SILVER,Sulawesi Utara,2022-11-24,74,3.17,False
2ac856f9-e18e-4e86-98ee-9895caa0d72e,Toko_01054,BRONZE,Sulawesi Selatan,2022-10-10,324,3.36,False
bdb1674b-0c6f-40c7-9682-e57afc5b7d44,Toko_01055,SILVER,Sulawesi Selatan,2022-04-25,186,3.45,False
16cc6dec-9bc8-460e-a70e-b4a7957d5dcd,Toko_01056,BRONZE,Sulawesi Utara,2020-08-27,369,4.0,False
ea169e43-f397-4cab-86aa-d6e91b8c4f90,Toko_01057,SILVER,Kalimantan Selatan,2018-05-18,24,4.14,False
edc273f6-48b2-48a8-9a4b-7b3c10323a6b,Toko_01058,BRONZE,Sulawesi Utara,2018-11-24,77,4.46,False
5a68bd15-4459-474e-a973-52d7ea658a8c,Toko_01059,GOLD,Bengkulu,2021-02-18,243,4.03,False
f4dedef2-71e3-41fe-bfd9-e50fc9b0ff4b,Toko_01060,SILVER,Sumatera Barat,2023-04-20,327,4.48,False
9909b13b-891b-477a-ba3b-ffad242ecc5b,Toko_01061,BRONZE,Nusa Tenggara Timur,2021-07-03,318,3.11,False
56028db9-87d2-4249-99b7-3698abfd36d3,Toko_01062,GOLD,Sulawesi Utara,2023-02-03,267,4.81,False
eaee041b-65eb-470e-9a41-11e1819a52b3,Toko_01063,BRONZE,Kalimantan Selatan,2021-04-21,153,3.34,False
fd5fff43-cb8b-4590-ba03-bc8fd64a3ae9,Toko_01064,SILVER,Lampung,2020-12-02,36,4.26,False
2c591f98-75ae-43a9-94fb-3e968764d18a,Toko_01065,SILVER,Papua,2021-04-10,419,4.47,True
fbebb1af-870b-4a19-b1e4-6812409584df,Toko_01066,SILVER,Banten,2023-09-02,44,4.7,False
c0bdbbcb-ef9e-48ae-b35e-f0fbd51cfd17,Toko_01067,BRONZE,Riau,2021-02-01,444,3.51,False
edea1446-2dd9-4480-893d-021ba0ae8a85,Toko_01068,SILVER,Gorontalo,2019-09-12,342,3.89,False
2fb6450d-b3ab-418c-8433-fa7b3f2c48dc,Toko_01069,BRONZE,Maluku,2020-08-25,253,3.36,False
e7ffe251-702c-424a-b0ce-28b06db02741,Toko_01070,BRONZE,Jawa Tengah,2019-08-18,309,4.87,False
25d6df98-c8b4-4e06-8a40-8ac77176a9bb,Toko_01071,SILVER,Kalimantan Tengah,2022-04-19,126,4.32,False
ecbffce1-1285-4c34-a070-95b88b734ee3,Toko_01072,BRONZE,Bali,2021-11-14,32,4.28,False
a63e81b2-5346-4e6f-b38e-9c97d6409ac6,Toko_01073,BRONZE,Sumatera Utara,2023-03-16,209,3.95,False
4a1ffe82-97cc-4f0d-bceb-43858a6c8031,Toko_01074,PLATINUM,Gorontalo,2023-12-22,124,3.76,False
f8c15b19-8902-4c2a-bc30-c4c0ee1c6a87,Toko_01075,SILVER,Banten,2023-12-13,450,3.87,False
eee14041-0de7-4743-a247-2a0d1aa70793,Toko_01076,GOLD,Kalimantan Barat,2021-07-17,497,4.06,False
8d6ce9f2-30bd-45ce-9668-0a08fcb9a436,Toko_01077,BRONZE,Sulawesi Tenggara,2021-12-20,494,4.69,False
6e14694d-2500-4a2c-b2a2-463c26edee17,Toko_01078,SILVER,Riau,2021-10-04,143,3.53,True
14db9fc8-8573-462d-a09a-e65328e27bc9,Toko_01079,SILVER,Kalimantan Barat,2023-03-04,400,4.35,False
31816f90-d26f-4f75-9e2c-a3b4762fed87,Toko_01080,SILVER,Bengkulu,2020-03-09,271,3.67,False
9c7253c7-2530-4136-b56e-32c624869523,Toko_01081,BRONZE,Sulawesi Tenggara,2018-02-13,349,3.02,True
a460cb5e-2f75-48d1-8668-002d2cbdaac5,Toko_01082,BRONZE,Sulawesi Tengah,2019-03-02,355,3.89,False
b1707893-8d4a-45a4-a69e-01d9a27b9add,Toko_01083,BRONZE,Sumatera Selatan,2018-05-20,17,4.24,True
813a07e7-be98-4094-8843-611ae5bc921c,Toko_01084,SILVER,Yogyakarta,2020-06-07,491,4.2,True
d9dee356-77e0-469d-8394-3fb7b4d76951,Toko_01085,PLATINUM,Jawa Tengah,2019-06-17,197,4.31,False
129d5c62-6df7-44d3-bac1-e2d644a350f8,Toko_01086,SILVER,Sumatera Utara,2019-03-31,361,3.37,False
a456c2e2-76b2-410c-99ea-515cd1d9c417,Toko_01087,SILVER,Jawa Tengah,2023-02-01,477,4.99,False
5543aad0-fe14-46b7-9893-45212660f1cb,Toko_01088,SILVER,Papua,2021-08-17,136,3.32,True
eee1511c-2022-41ce-a96f-81262e4afe84,Toko_01089,GOLD,Kalimantan Barat,2022-05-11,175,4.99,False
22f0684b-40f6-4ee3-bcc7-d7991a9c9335,Toko_01090,GOLD,Sumatera Utara,2022-12-10,40,3.98,False
a43f0eba-ecb4-4153-bf5a-9dc0421e9768,Toko_01091,SILVER,Sumatera Utara,2023-07-09,60,3.29,False
a8a3b6ff-4600-4d3d-9391-ead3b9a0616b,Toko_01092,BRONZE,Nusa Tenggara Timur,2019-03-12,472,3.88,False
c055b24b-0868-4aa2-b02b-7eccca62da1e,Toko_01093,BRONZE,Jawa Tengah,2020-10-23,402,3.89,False
0080c90a-d3f3-453f-b395-eb215f5afb20,Toko_01094,BRONZE,Nusa Tenggara Timur,2018-01-04,482,3.08,False
8384d22a-4e64-4a44-a27e-a96bc0c08386,Toko_01095,BRONZE,Kalimantan Timur,2022-05-22,299,3.01,False
d1589912-46e2-45b7-a63a-8c489affd7c1,Toko_01096,GOLD,Sulawesi Utara,2022-11-22,211,4.69,False
e3cbbc11-c066-43ba-807c-6b3a868dcb6c,Toko_01097,GOLD,Sulawesi Tenggara,2020-07-14,6,3.77,False
afc75d76-ee47-4ad1-a747-e57db7e400c3,Toko_01098,GOLD,Jawa Timur,2022-01-10,175,4.36,False
03152365-646c-4bcc-bdf3-e976189fb292,Toko_01099,SILVER,Nusa Tenggara Timur,2019-01-07,192,4.07,False
096b10c1-6d62-4c68-9156-38537146e76a,Toko_01100,BRONZE,Sulawesi Selatan,2021-04-02,336,3.41,False
4a95f3d6-e928-4f0e-8332-211868ae894c,Toko_01101,PLATINUM,Papua,2020-02-22,158,4.39,False
0e356131-1543-4e42-9387-559be84fc5b3,Toko_01102,SILVER,Kalimantan Selatan,2023-06-16,48,4.77,False
77dd6ce4-1a14-47d3-9efc-6f2ac7d86b87,Toko_01103,BRONZE,Jawa Barat,2020-03-01,17,4.44,False
b6702ff8-240c-40c5-9862-c8c47e72dca9,Toko_01104,SILVER,Jawa Tengah,2021-06-14,260,4.07,False
8f7fa0be-4099-488e-b11d-972741e9598f,Toko_01105,BRONZE,DKI Jakarta,2018-06-01,178,3.11,False
e244df03-6e0f-4e28-900f-2395f52e39d3,Toko_01106,BRONZE,Jawa Timur,2020-05-17,418,4.31,False
df64559a-ed6c-480a-8b68-00dc2a374211,Toko_01107,PLATINUM,Bangka Belitung,2019-09-03,384,4.16,False
88142d9b-9684-475e-bf2d-51880d9cb385,Toko_01108,BRONZE,Banten,2023-06-26,339,3.04,False
fc229158-3d92-44ce-ad42-c812536f00be,Toko_01109,SILVER,Sumatera Barat,2019-06-19,12,3.34,True
191b09ec-dcbd-4cca-a813-5363a2342bfc,Toko_01110,BRONZE,Jambi,2019-02-03,238,4.22,False
c65f88c4-646d-44ec-b85c-585d352c5ded,Toko_01111,BRONZE,Kepulauan Riau,2019-03-12,63,3.99,False
74f4751f-5290-43dd-b51b-49b7baae243d,Toko_01112,BRONZE,Jambi,2020-04-10,223,3.67,False
c838c1dc-b1fb-406d-b776-2ecd1c967694,Toko_01113,SILVER,Kalimantan Barat,2021-08-21,66,4.95,False
a8b18610-344c-405a-99ef-8cbf1062e640,Toko_01114,BRONZE,Kepulauan Riau,2020-05-23,396,3.09,False
48335f70-7deb-4a7f-89f3-abc9bd8a63d0,Toko_01115,BRONZE,Riau,2019-08-02,392,3.83,False
5f4966e1-91ae-4e83-8ba3-3469b0e28dab,Toko_01116,SILVER,Sulawesi Selatan,2020-09-24,478,4.16,True
88c358a8-c261-4cc8-8dcc-0aa28efd6301,Toko_01117,GOLD,Nusa Tenggara Timur,2022-03-21,403,3.32,False
3993512d-8512-4f02-a41a-1d6e724221a3,Toko_01118,BRONZE,DKI Jakarta,2020-01-05,479,3.18,False
6b1ec5fb-2782-4ea1-975e-ee1d4a8cb6f4,Toko_01119,GOLD,Kalimantan Tengah,2023-05-04,359,3.25,True
4809228c-6c67-45b6-a836-81f29c57eda1,Toko_01120,BRONZE,Sulawesi Selatan,2022-08-15,127,4.88,False
be90fc07-25bf-4337-87b1-5cf6ccbbf8eb,Toko_01121,BRONZE,Sumatera Utara,2023-08-10,318,4.9,False
d8a38c4f-1712-4907-8c9a-286bbf97d4f5,Toko_01122,GOLD,Kalimantan Selatan,2022-09-12,7,4.12,False
694127f1-84e1-40d0-9c9a-925e258fa840,Toko_01123,PLATINUM,Jawa Timur,2022-01-22,446,4.52,False
812ad1e0-0ebd-4957-896c-78f6bdea2aee,Toko_01124,BRONZE,Bengkulu,2020-05-02,146,3.11,True
32be98b9-0bcf-4a98-93e1-d22381d204e9,Toko_01125,BRONZE,Bangka Belitung,2023-04-28,259,3.35,False
e534a1d0-573d-4e34-828e-203cccbb8b53,Toko_01126,BRONZE,Nusa Tenggara Timur,2022-01-31,150,3.42,False
aa0a951a-128b-4b64-8930-903a140a56af,Toko_01127,SILVER,Yogyakarta,2023-01-31,27,3.21,True
2596d84c-6070-46cc-acb4-0d9131775962,Toko_01128,SILVER,Sumatera Utara,2018-04-30,253,4.03,True
384088b6-e126-4aff-8c42-fee031990f98,Toko_01129,BRONZE,Sulawesi Selatan,2021-08-28,219,3.4,False
24a5a5eb-7eb4-4693-990c-973c2e1b6cf9,Toko_01130,BRONZE,Bengkulu,2019-03-28,171,3.46,False
3f638fc1-71f7-4fff-8d47-6888582e6cba,Toko_01131,BRONZE,Sumatera Selatan,2022-03-19,461,3.44,False
6cf6aee2-0b0c-442d-8e12-32f8072b22e2,Toko_01132,SILVER,Yogyakarta,2022-11-21,79,3.43,False
4c73c6d1-7cd9-48cf-a22a-1d1b6a1fa430,Toko_01133,BRONZE,Kalimantan Selatan,2019-07-13,239,4.44,False
c43e53c4-5ec5-4af2-8ee4-10c1f8f66d69,Toko_01134,PLATINUM,Sumatera Selatan,2021-10-07,70,3.06,False
f15ea50b-a3f2-4d7a-b351-bf100f9b78ea,Toko_01135,BRONZE,Jawa Timur,2023-03-22,239,3.84,False
4c799a02-dbb2-4b56-abdf-aece70280b70,Toko_01136,BRONZE,Lampung,2019-10-05,409,4.59,False
c50a9bd6-d5be-4d9d-a415-8b801732fd8a,Toko_01137,GOLD,Bali,2020-07-29,49,3.82,False
65ea88fd-bca6-4055-9a6a-cc9c8da24361,Toko_01138,GOLD,Sumatera Selatan,2023-04-24,433,3.93,True
6bda6f46-f6f4-45ab-bed4-3429d3e195dc,Toko_01139,BRONZE,Bangka Belitung,2020-10-07,131,3.65,False
64b7ce5e-6317-47f0-8a9c-438ed036c0cd,Toko_01140,GOLD,Bali,2019-09-03,472,4.15,True
9acd1d0a-41c2-4017-9ca2-5f234ee87597,Toko_01141,PLATINUM,Jawa Barat,2023-04-12,380,4.54,True
373f1b44-3fa5-4c81-a2b0-78b8e76da764,Toko_01142,SILVER,Sulawesi Utara,2019-02-06,236,3.99,True
efa822e4-2a88-4046-9ca9-1b50c18542fa,Toko_01143,GOLD,Maluku,2022-07-24,491,3.44,False
eda357b8-e465-4968-b6e4-fc955bd3c9c4,Toko_01144,BRONZE,Jawa Tengah,2018-03-07,250,4.34,False
3df41b92-ebd5-4609-9e50-0870493ccec7,Toko_01145,SILVER,Bali,2018-04-10,237,3.93,True
953327cc-6026-46de-b2b6-0bcca736f8ea,Toko_01146,SILVER,Sumatera Utara,2022-02-26,325,3.93,False
e3ec18f8-a9e1-4e5a-8130-70a4b99024b2,Toko_01147,GOLD,Jawa Tengah,2022-04-26,462,4.38,False
e7c09665-eb00-4c15-9932-8bfb3ccca23e,Toko_01148,BRONZE,Bengkulu,2021-01-10,362,4.89,False
983c6ab6-4b64-4317-92a5-7afcfdaa1803,Toko_01149,GOLD,Jambi,2018-11-28,322,4.76,False
759b71ee-394e-4c0f-8a6e-81cdac39dd3e,Toko_01150,BRONZE,Gorontalo,2022-01-30,459,3.1,False
5b4c76f2-47e7-4696-b268-57639806d9e5,Toko_01151,SILVER,Jawa Barat,2022-02-06,192,3.35,False
3230f4a7-2dfc-4bfb-9af2-5c8d55a800ed,Toko_01152,BRONZE,Maluku,2020-04-18,75,4.96,False
88663a38-1309-41a6-8edb-5e121c7cccf1,Toko_01153,BRONZE,Sulawesi Utara,2020-05-09,390,4.49,False
bc2461db-d2f2-422c-9e35-1892855d9132,Toko_01154,BRONZE,Riau,2023-08-25,353,3.85,True
ab00bb43-5c5e-4254-be69-06221f16358a,Toko_01155,BRONZE,Sulawesi Selatan,2023-06-15,261,4.05,True
b4d20c41-a255-4590-9e23-75f8c39638c0,Toko_01156,SILVER,Papua,2023-12-23,465,3.58,False
61063117-458c-4fd8-97fe-1c2f39559ff3,Toko_01157,GOLD,Maluku,2018-09-26,101,4.78,False
8aa18ca8-4eed-4f36-b0d5-15871565b0e3,Toko_01158,BRONZE,Yogyakarta,2020-01-03,152,4.92,True
07f6a91c-96e9-4f95-94db-80958989863b,Toko_01159,BRONZE,Jawa Timur,2019-08-30,259,3.3,False
b8082f38-b0dc-465e-bc22-9330ed94cd47,Toko_01160,PLATINUM,DKI Jakarta,2021-04-15,218,4.94,False
e8d06962-54cd-4dce-95dc-23e6ed3e84aa,Toko_01161,BRONZE,Kalimantan Selatan,2022-09-17,232,4.48,True
0c32bb51-6526-4ffd-bd93-23ed2e610d59,Toko_01162,BRONZE,DKI Jakarta,2020-08-09,432,4.89,False
7d6ab59e-2325-402b-a513-5b8beccc11ac,Toko_01163,BRONZE,Kalimantan Timur,2021-08-29,253,4.19,False
6f13ec1a-1756-4857-804f-1ac554e35dfb,Toko_01164,GOLD,Sulawesi Selatan,2023-02-19,160,4.13,False
41949c2f-3878-4bc5-a270-edbe83b2261d,Toko_01165,BRONZE,Jambi,2020-11-30,121,3.97,False
f0001e70-43ed-40c9-aff9-ec9b9c8dd9f0,Toko_01166,GOLD,Jawa Barat,2019-08-31,185,3.57,False
63836cd5-4ff4-4987-8c72-21bd4149042e,Toko_01167,SILVER,Sumatera Utara,2021-03-14,98,4.95,False
79fa2f69-d695-431f-b8b7-6640b818830f,Toko_01168,SILVER,Papua,2019-09-21,87,3.48,True
9e118e8a-821d-4a56-afcc-b061bfb88e60,Toko_01169,BRONZE,Banten,2022-12-11,138,3.74,False
d3be6301-5607-47eb-a90d-55c6ddb461da,Toko_01170,SILVER,Papua,2021-07-22,181,3.3,False
538ce2bf-60fd-4b7d-b60f-13e3b64fb791,Toko_01171,PLATINUM,Sulawesi Tenggara,2021-05-20,67,4.84,False
a25e24ea-4832-421d-a8ab-3c09e3b06a17,Toko_01172,SILVER,Banten,2023-02-20,480,3.64,True
580821dc-868d-4319-9dee-28250038412c,Toko_01173,SILVER,Sulawesi Tengah,2021-09-18,336,4.41,False
e7627034-a99b-4da7-9daa-ab16fa403939,Toko_01174,BRONZE,Bengkulu,2019-08-26,414,4.13,False
75bfc4cd-dac1-4449-9042-37ea8e380bd7,Toko_01175,BRONZE,Maluku,2019-04-06,379,3.96,True
11bdd82c-2372-4330-a2c5-871c1665c802,Toko_01176,SILVER,Jawa Timur,2021-06-15,17,3.8,False
fc485a5a-3268-4d10-b053-28957063f467,Toko_01177,BRONZE,Jawa Tengah,2021-08-29,33,4.22,False
be2d3709-cfc6-4fd6-b924-f5e6dfff368c,Toko_01178,SILVER,Jambi,2021-02-12,105,3.05,False
4eebfc56-55e1-47fa-9d24-4548913fe43c,Toko_01179,BRONZE,Papua,2018-12-24,267,3.79,False
55daa531-14c9-4d7e-91d7-431380129b4b,Toko_01180,SILVER,Sulawesi Tengah,2018-08-18,470,4.33,False
5b3598ef-01f2-4d0b-8ffa-f1297a5c6368,Toko_01181,SILVER,Kalimantan Tengah,2022-02-23,202,3.75,False
50f8835f-4daf-4f99-9b37-e3095278aa0c,Toko_01182,BRONZE,Sulawesi Selatan,2018-12-25,115,4.46,False
9430ae18-95b1-410f-93d6-ea13b36d198f,Toko_01183,PLATINUM,Jambi,2022-12-18,152,3.33,False
7de574ab-1620-4c00-8234-1dee8bfdd25f,Toko_01184,GOLD,Aceh,2022-08-24,76,4.67,False
133e713e-f0eb-4e08-9ccd-ffb579d5f6cf,Toko_01185,BRONZE,Lampung,2023-04-29,449,4.05,False
f1dd024c-3dd8-4e45-ae47-c20bf81e64e5,Toko_01186,PLATINUM,Bali,2022-03-20,50,3.01,False
9fba8e52-b237-4e30-bb11-a6fc1eb3f2ed,Toko_01187,BRONZE,Sumatera Utara,2023-03-08,368,4.14,False
9b6ecbdd-634f-43ec-8562-869a13e1e32e,Toko_01188,BRONZE,Kepulauan Riau,2022-04-13,153,4.11,True
b96da473-5902-4195-a436-302f6c31450b,Toko_01189,GOLD,Kepulauan Riau,2021-05-29,257,4.12,False
3992587b-db08-43d4-a7cd-46907c10ab5a,Toko_01190,BRONZE,DKI Jakarta,2019-09-23,139,3.6,False
661e5074-497b-4280-9103-756c1d41d5cb,Toko_01191,SILVER,Jawa Timur,2021-03-24,218,3.36,False
86d3555c-32ec-4efb-af02-1b342665d090,Toko_01192,SILVER,DKI Jakarta,2019-05-04,396,3.55,False
c84a5ed2-7c84-41d0-9cff-153f8557b6b9,Toko_01193,BRONZE,Aceh,2022-01-21,302,3.96,False
0e3b2fc2-e897-46ec-ad52-bf8011b3a658,Toko_01194,BRONZE,Papua,2023-05-04,360,4.64,False
3ed49aa6-340a-4fb1-a459-29449a891597,Toko_01195,SILVER,DKI Jakarta,2020-11-29,88,4.16,True
f74d5bf5-e6b0-4021-98cf-60949595227e,Toko_01196,SILVER,Maluku,2019-07-09,187,3.33,False
4186b8e5-0355-478f-815f-f93f4dbd1431,Toko_01197,BRONZE,Gorontalo,2021-12-29,29,3.58,False
e8c9bfd5-a04c-48cc-a3cf-986730901b7b,Toko_01198,PLATINUM,Sulawesi Tengah,2020-03-04,397,4.26,False
1ae301be-586e-4860-a17c-5d2c58d3154b,Toko_01199,SILVER,Sumatera Utara,2021-08-14,451,3.63,False
a3407bf8-a5b6-4a51-9f23-a4e6572869e7,Toko_01200,GOLD,Riau,2022-01-24,54,4.07,False
77ced1d1-9008-44e3-a0aa-03e216a2c474,Toko_01201,BRONZE,Banten,2023-10-24,149,3.75,False
a1e870ee-d759-4d4c-97d0-01e8736f0204,Toko_01202,BRONZE,Gorontalo,2019-10-30,57,3.44,False
fa82ec49-691a-45fd-9fb2-fd2a41c943a2,Toko_01203,GOLD,Jambi,2023-11-24,438,4.06,False
33d6fad7-760b-4dd6-bd7c-0efa3f6f7619,Toko_01204,GOLD,Jawa Timur,2022-09-06,240,4.83,True
613c695b-c678-4153-a9b2-8363b330e0aa,Toko_01205,BRONZE,DKI Jakarta,2023-05-19,183,3.62,False
3df5de95-9f1e-4c5d-9a2a-5b73ecd18be0,Toko_01206,GOLD,Yogyakarta,2023-11-13,395,4.94,False
8f603a3e-fca2-499d-812b-0955c6464528,Toko_01207,BRONZE,Aceh,2019-05-01,118,3.26,False
2851b2a6-574b-4fbd-a1a1-b16c5836a9c6,Toko_01208,SILVER,Lampung,2019-05-29,112,3.26,True
67a6cacc-344e-47fb-a080-7de41a6dc446,Toko_01209,SILVER,Jambi,2019-04-03,44,3.04,False
77dc4a8c-afee-4f18-b934-68b90a5fb857,Toko_01210,BRONZE,Sumatera Selatan,2019-03-18,21,4.59,False
a55c5a65-f375-4864-aa4b-6116a8549ce8,Toko_01211,BRONZE,Jawa Timur,2020-11-02,27,3.13,False
da3bb2bc-a53e-4581-a461-92cf27eb3a5d,Toko_01212,GOLD,Jambi,2019-05-23,476,4.2,False
c57bfd0a-bf86-4814-a321-5535fb24fd54,Toko_01213,BRONZE,Papua,2021-12-10,19,3.18,False
a2ec0b91-11e6-40f5-980d-e17afed67f60,Toko_01214,PLATINUM,Bali,2021-11-25,185,3.32,False
6d604f47-d47e-40cc-a734-cb33193c12cf,Toko_01215,SILVER,Sumatera Barat,2023-08-31,296,3.14,False
2224de4e-de44-4223-aa5a-f159f9e751e5,Toko_01216,GOLD,Sulawesi Tengah,2020-06-07,371,3.38,False
6c434990-26ef-4a00-b525-49c74460cf7e,Toko_01217,GOLD,Sulawesi Tenggara,2018-01-18,376,3.2,False
93bb2750-4ce4-4120-a020-4fedd17500aa,Toko_01218,SILVER,Maluku,2023-04-29,192,4.4,False
00a85a0b-7cbe-4d27-b665-cad9310aaeb7,Toko_01219,SILVER,Jawa Timur,2020-01-11,432,3.71,False
4dbac9b8-2199-4161-a0dd-30cfca85a6b5,Toko_01220,BRONZE,Sumatera Barat,2022-07-28,62,4.52,False
bf51232c-a35b-4da1-a35c-361fa5a09e21,Toko_01221,SILVER,Sulawesi Tengah,2019-07-11,258,4.52,False
9b493ff6-ac78-4679-8936-f5ae65d97213,Toko_01222,SILVER,Jawa Barat,2018-12-03,172,3.99,False
8c8b3fb1-b618-4606-9df1-7370178d10fe,Toko_01223,SILVER,Aceh,2021-07-01,356,4.95,False
0e802341-2660-4499-901d-c0c665c687df,Toko_01224,SILVER,Lampung,2022-10-19,101,4.71,False
2bf7c190-2d9d-4eb0-b85a-1124e058a853,Toko_01225,GOLD,Papua,2022-02-14,96,3.03,False
873ede2e-b99f-4fc7-82a3-947660bf9383,Toko_01226,SILVER,Kalimantan Barat,2022-11-30,272,4.32,True
ab0fe701-d004-45f8-9f97-357804449b20,Toko_01227,BRONZE,Kalimantan Barat,2019-02-21,384,4.85,False
1fc05911-6300-4692-a86f-0745f93886c6,Toko_01228,BRONZE,Sumatera Selatan,2021-10-19,107,4.19,False
f0fedabe-6c69-426d-9861-2b0f69b4190b,Toko_01229,BRONZE,Kepulauan Riau,2022-10-06,376,4.0,False
90ccda3e-71b8-4900-bbd7-e6fbb8a04679,Toko_01230,GOLD,Bali,2021-01-23,392,4.58,False
606afd6f-385c-41a3-8b25-57ef97dd791d,Toko_01231,BRONZE,Sulawesi Utara,2022-07-15,253,4.02,True
e24cc137-30f6-4f1c-aede-2fef4567d176,Toko_01232,SILVER,Jawa Timur,2020-10-23,255,3.99,False
3fb94eea-261d-4c48-a92a-c0153b8e35f0,Toko_01233,BRONZE,Jawa Timur,2018-08-05,430,3.14,False
6b87fa56-706d-4beb-b55b-2cd6353350c8,Toko_01234,PLATINUM,Kalimantan Barat,2021-09-01,83,3.61,False
d863029e-9c4e-47a9-9734-453928894837,Toko_01235,GOLD,Papua,2023-10-31,397,3.98,False
00a75503-cac2-4b63-b1f0-e7285a33b425,Toko_01236,BRONZE,Sulawesi Utara,2023-07-02,263,3.52,False
e4af8377-7d23-4038-b2d6-2a5f54ff78d9,Toko_01237,GOLD,Sulawesi Tenggara,2018-03-14,492,4.53,False
65b7db1f-f9b3-44e5-80d2-e9cc0bda3ff2,Toko_01238,GOLD,Jawa Timur,2022-04-21,235,3.63,False
326f7db2-94ea-4904-a769-3aa01573ede9,Toko_01239,SILVER,Jawa Barat,2019-12-26,290,4.32,False
f2084cde-4362-46ea-a317-3bf747a70e19,Toko_01240,GOLD,Sumatera Utara,2023-07-07,225,3.27,False
8c5d7b3a-1343-4491-8d2f-b10f9c81fa4f,Toko_01241,SILVER,Jawa Timur,2023-07-03,342,4.11,False
b535b3f4-ab4e-4dc7-83ab-d671ac34e4f9,Toko_01242,SILVER,Sulawesi Tenggara,2019-10-03,264,3.11,False
0633527f-6e90-4b29-a0f2-e8324d337ecc,Toko_01243,SILVER,Kalimantan Barat,2021-12-15,397,4.96,False
574f6c8c-6b66-4451-b04f-5845799e1228,Toko_01244,BRONZE,Jawa Barat,2019-06-10,433,3.73,False
ed35aeaa-7b73-41d5-b1ce-e6bc7f5279d3,Toko_01245,SILVER,Bengkulu,2021-10-29,199,3.19,False
b6096c45-1d6b-4172-97fe-942c5e96c11c,Toko_01246,BRONZE,Kalimantan Selatan,2018-08-20,343,3.49,False
eac6c219-b592-43b2-801e-35fecda867a9,Toko_01247,BRONZE,Jawa Tengah,2018-09-26,449,3.61,False
9f705028-608e-4f19-9a1d-32ec31ae1555,Toko_01248,BRONZE,Kalimantan Timur,2018-06-03,240,4.32,False
e86d47a3-0d25-47e5-aa3e-34c7b8ad12cc,Toko_01249,SILVER,Kalimantan Tengah,2020-12-28,15,4.39,False
b3c407e1-e615-4cda-baee-4868b8592421,Toko_01250,PLATINUM,Kalimantan Barat,2022-05-18,170,4.15,False
e590dd8c-53f9-4250-8e9e-303c045bcf4d,Toko_01251,BRONZE,Papua,2020-04-23,177,3.99,False
198265f5-8f9c-4fa7-a035-2080ef22853a,Toko_01252,SILVER,Sumatera Utara,2021-05-11,191,4.94,False
71e36335-24a0-419e-b62b-c12723976fa2,Toko_01253,SILVER,Jambi,2018-11-05,435,4.7,False
23506868-73ba-4303-9744-b08ccd17d052,Toko_01254,BRONZE,Lampung,2022-07-05,416,3.45,False
128b952c-5a58-4f10-b6f9-747990c30ed7,Toko_01255,BRONZE,Bangka Belitung,2019-01-24,308,3.67,True
71da76b0-7fc2-49f2-a4c8-c26f6d14eb01,Toko_01256,GOLD,Sulawesi Utara,2022-10-16,112,3.69,True
facf636a-d2dd-49cb-8f1c-f4bcacb49cdd,Toko_01257,GOLD,Sulawesi Tengah,2021-05-13,226,4.33,False
45a80bad-d1bf-4092-86e3-136dc346eb37,Toko_01258,BRONZE,Riau,2023-10-12,237,4.34,False
ba56b0f4-01d3-443a-8498-adb610202630,Toko_01259,GOLD,Nusa Tenggara Timur,2023-10-16,446,3.37,False
42107caf-fca6-44e8-81c4-cc2a24850a80,Toko_01260,SILVER,Kepulauan Riau,2023-03-30,142,4.87,False
3ed1453e-4e5c-4eb3-b727-5e9de8433710,Toko_01261,SILVER,Bengkulu,2022-11-12,483,4.13,False
69654540-e127-40cd-af25-bce3806d4e38,Toko_01262,SILVER,Kalimantan Selatan,2023-03-10,80,3.48,False
41abdf34-bd0e-4b5d-98f4-917361d6be6e,Toko_01263,GOLD,Bangka Belitung,2022-11-19,215,3.64,False
74f0b6e2-9955-4bb3-b059-81f27e5aa946,Toko_01264,BRONZE,Sumatera Selatan,2022-08-17,141,4.65,False
03c4957a-6069-466f-8a93-231d0e5caccf,Toko_01265,BRONZE,Nusa Tenggara Barat,2020-08-25,212,3.48,True
e54f83e7-5c66-47b9-8b19-44bdb73e1446,Toko_01266,BRONZE,Jambi,2021-06-25,242,3.97,False
c400d5d9-82ec-4790-a90f-7fea2cfb8212,Toko_01267,BRONZE,Yogyakarta,2018-06-01,108,3.32,True
7a57e2fc-6559-4971-aecc-9a00ce429db5,Toko_01268,BRONZE,Jambi,2021-02-11,342,4.1,False
7f119498-d45f-4c2d-a099-a2291f977131,Toko_01269,BRONZE,Aceh,2023-06-14,405,3.04,False
b818fdc7-c798-4161-8f8a-c8df59856542,Toko_01270,BRONZE,Nusa Tenggara Barat,2021-05-05,448,3.13,False
92f3970e-1b2c-4a28-a67d-9b1746d37daa,Toko_01271,GOLD,Papua,2019-01-05,208,4.89,False
0ee86b27-c05b-4864-b4cf-166a7f191b04,Toko_01272,BRONZE,Jawa Timur,2023-08-12,482,3.24,False
d2b19aae-0959-4b8d-b239-35f77444bce9,Toko_01273,SILVER,Bengkulu,2023-11-22,133,3.99,True
3bd8ac60-820d-440c-af3d-70b3ed05eb86,Toko_01274,SILVER,Bengkulu,2021-07-07,173,4.66,False
cd6e26e0-a8f2-4f12-83b6-9bce82c15fb5,Toko_01275,GOLD,Aceh,2020-08-24,483,3.85,True
713e3ba0-61f6-44de-ad68-8c84ced8c6d7,Toko_01276,BRONZE,Riau,2022-12-06,214,3.51,False
fea87e8f-c11f-452d-8155-ab26b3454dc4,Toko_01277,SILVER,Kalimantan Selatan,2019-04-08,167,4.09,False
dfede02f-be8c-4223-a905-52b8884734ce,Toko_01278,BRONZE,Riau,2019-08-17,190,3.95,False
3bf13c15-9b1b-4424-97a0-6b41b6e39feb,Toko_01279,BRONZE,Nusa Tenggara Timur,2018-05-23,435,4.48,False
236eca74-15cd-4203-bd6c-2606b06a4a9e,Toko_01280,BRONZE,Gorontalo,2020-09-08,134,4.11,False
88b0cb89-c43c-4a62-b371-7261d6c43381,Toko_01281,PLATINUM,Kalimantan Selatan,2019-05-15,278,4.73,False
896e585d-5af9-482d-ada5-bee4baa28032,Toko_01282,BRONZE,Gorontalo,2022-05-29,479,4.96,False
1cac2791-f1ef-478a-bd6d-bbecf8297ffd,Toko_01283,BRONZE,Kepulauan Riau,2020-08-22,157,3.42,False
8c27dfa6-f81d-4214-b2d8-a4bc6a0aa4af,Toko_01284,GOLD,Nusa Tenggara Timur,2021-07-23,455,4.62,False
44882dc3-91c2-4d7c-b57e-112d8cf061f8,Toko_01285,GOLD,Riau,2018-11-25,426,4.56,False
6233cd9f-bca3-42e4-9c6b-e8682ed37e31,Toko_01286,SILVER,Gorontalo,2021-09-24,372,3.84,False
a83fcb1b-ca99-41ef-86de-f5b9bbf1245a,Toko_01287,BRONZE,Sumatera Utara,2020-12-04,264,3.13,False
7ec93584-de57-4e89-a76d-f719f60429cd,Toko_01288,SILVER,Sulawesi Tenggara,2021-08-31,237,4.39,False
f3aa7b47-d7d9-4f96-bfba-ce77f2ab8ef6,Toko_01289,SILVER,Sumatera Utara,2022-12-22,410,4.28,True
d8c74912-4d55-404e-9c54-43f458c36ebe,Toko_01290,BRONZE,Lampung,2021-07-09,299,3.16,False
634aee91-268e-4e8b-8e75-7c11f7ddfa88,Toko_01291,SILVER,Bengkulu,2019-06-17,438,4.19,False
828510ae-e9b8-4d21-bfea-ae2482aa2e83,Toko_01292,PLATINUM,Sulawesi Selatan,2023-05-14,452,4.47,False
ca492685-c6d3-40a9-9821-f9dc4042e4cf,Toko_01293,SILVER,Kepulauan Riau,2021-09-03,414,3.56,True
18167812-3852-4df2-9dfd-67c9bf58a0a5,Toko_01294,BRONZE,Kalimantan Barat,2022-03-26,488,4.67,False
94880410-db43-4877-ad3c-9ae690c51dc8,Toko_01295,BRONZE,DKI Jakarta,2020-07-25,469,3.18,False
c9645bf0-a836-4833-900a-5b6e3281bcdd,Toko_01296,BRONZE,Bangka Belitung,2019-11-23,30,3.8,False
63af9178-d498-4a56-8d14-99d5feca6590,Toko_01297,BRONZE,Jawa Tengah,2022-02-16,92,4.89,True
5eacf121-3edb-4454-8543-336af8b82be5,Toko_01298,SILVER,Kalimantan Tengah,2023-02-02,428,4.35,True
945d43f2-2787-4086-9661-92fdd9d24414,Toko_01299,SILVER,Sumatera Selatan,2020-12-26,152,4.49,False
85f8ab41-232c-46a8-9e0e-36d2ba97e43c,Toko_01300,BRONZE,Sumatera Selatan,2020-06-01,426,3.57,False
801124dd-2919-4e9b-847f-8c1c78ac9055,Toko_01301,BRONZE,Kalimantan Tengah,2019-08-21,19,3.58,False
8621bb7c-9ca5-4779-973b-2777da5cbd21,Toko_01302,SILVER,Gorontalo,2020-10-14,194,4.17,False
874c5306-8106-4d44-84de-4c5f0dccbcf5,Toko_01303,BRONZE,Sulawesi Utara,2019-06-30,451,3.65,False
0ce07e34-cc72-4916-9578-b691f0309367,Toko_01304,SILVER,Maluku,2022-04-20,367,3.85,False
f1412da6-0c3c-41a4-a6eb-3870cdf043a5,Toko_01305,BRONZE,Sulawesi Tenggara,2018-08-29,31,3.67,False
b4f1ff4a-410a-4eb0-b16b-ae478b89c54d,Toko_01306,GOLD,Nusa Tenggara Barat,2018-07-06,7,3.51,False
4bded843-92ba-4f85-883d-c1ec44c7fde7,Toko_01307,BRONZE,Kalimantan Barat,2022-02-28,72,4.94,False
7a9a9795-f20c-4a9d-a931-9ffeec4048e3,Toko_01308,SILVER,Riau,2019-11-27,262,3.99,False
f1c6df86-6a88-4b65-94f6-382182fde624,Toko_01309,SILVER,Jawa Tengah,2021-07-23,368,4.06,True
92be063f-3cab-400a-b005-635e4947095e,Toko_01310,BRONZE,Jawa Barat,2019-06-08,260,4.74,False
0cc3279a-1f8a-40c5-85cc-eb709b50815d,Toko_01311,SILVER,Gorontalo,2022-10-28,149,4.81,False
5c734ffd-cb75-4aed-a0ad-28f397215b7e,Toko_01312,GOLD,Gorontalo,2020-12-16,269,3.63,False
d33467d4-4cbe-4348-ba48-1247ac365956,Toko_01313,BRONZE,Sulawesi Utara,2019-09-12,289,4.71,False
1faab875-fa93-4294-8630-0b2857918cd8,Toko_01314,GOLD,Jawa Barat,2020-02-13,81,3.11,False
87135a2a-1d1b-4329-b97b-f572dc2c7b05,Toko_01315,SILVER,Sumatera Utara,2023-03-29,228,3.23,False
187d36c8-5c24-4d7a-95a6-e1db78f8e865,Toko_01316,SILVER,Sulawesi Selatan,2021-12-31,368,4.12,False
7c182ccf-ad07-4dee-9991-004b59845d80,Toko_01317,BRONZE,Aceh,2019-08-30,68,3.7,False
078d1002-e967-4567-9368-f525bdd1a002,Toko_01318,BRONZE,Kepulauan Riau,2019-11-21,388,4.02,False
1ef574b6-4c0f-4a45-9b7f-0c8378d1b318,Toko_01319,GOLD,Bali,2020-05-19,303,5.0,True
649fb74c-5251-4d2a-b997-ebe0ae1f1fc1,Toko_01320,GOLD,Sumatera Utara,2022-09-02,476,3.15,False
c81ecd12-bfa8-4362-8fb0-551ee2d9cf34,Toko_01321,SILVER,Yogyakarta,2021-09-08,18,3.57,False
da835925-802a-4880-9fbd-8e9cca422bab,Toko_01322,BRONZE,Kalimantan Selatan,2019-03-11,433,3.65,True
b7a4eccc-1cc5-45d5-84ef-bf5c782dbb2a,Toko_01323,SILVER,Maluku,2023-05-20,237,4.26,False
292249ea-1221-46f3-a4ca-1ffa3f8a92c6,Toko_01324,SILVER,Kalimantan Timur,2018-06-29,340,4.24,False
141d2487-34df-4152-8898-7f786b368d0f,Toko_01325,PLATINUM,Aceh,2019-06-14,113,4.73,False
ef541625-281a-416f-9021-274ba7b212c8,Toko_01326,BRONZE,Jambi,2018-08-16,385,3.14,False
09b69c6f-7d66-4316-bb9e-94d11abaf640,Toko_01327,BRONZE,Kalimantan Barat,2020-11-11,96,3.48,False
5fe378d8-a381-4713-8dff-cce7145b8ea1,Toko_01328,BRONZE,DKI Jakarta,2020-05-02,88,3.78,False
67af5a34-2b1c-4fb4-a9d8-298309f22ee5,Toko_01329,SILVER,Nusa Tenggara Timur,2019-09-24,66,3.6,False
051f60e0-4dfe-4057-86b0-8e2b349f98bf,Toko_01330,SILVER,Gorontalo,2021-06-24,467,4.37,True
37f245c9-9a0a-4ffe-954b-1cd8025993b9,Toko_01331,SILVER,Kepulauan Riau,2022-02-14,267,3.4,False
a5f80b17-ca3d-4ba3-81e0-a131fb9974d7,Toko_01332,BRONZE,Riau,2022-09-29,51,4.51,False
c400a60f-8fe0-4cd8-a8a1-38a4a6f9db12,Toko_01333,SILVER,Kalimantan Tengah,2022-10-11,52,3.08,False
35ca04cd-27c5-4b92-86cf-1be75ed97359,Toko_01334,SILVER,Sumatera Barat,2019-09-28,481,3.99,False
d503316b-32ba-44e2-a0fa-428e214c4e14,Toko_01335,SILVER,Lampung,2023-04-02,228,3.16,False
4f11bb57-2e67-42a7-b3ea-b4c41a64644b,Toko_01336,BRONZE,Banten,2021-05-15,435,3.5,False
a1f72dda-62fd-4154-8593-1a2edcdb73cd,Toko_01337,SILVER,Sulawesi Tenggara,2018-11-10,474,3.09,True
aa792249-26e7-4ee0-9f91-00cb75078714,Toko_01338,BRONZE,Jawa Timur,2023-03-19,343,4.44,False
fe1badb5-3f6a-45fb-b6f5-314aa992b0df,Toko_01339,BRONZE,Bali,2018-12-01,398,4.01,True
96b63966-c8ab-42b9-a816-92e18899135e,Toko_01340,SILVER,Sumatera Utara,2020-01-17,436,3.79,True
45d78d0a-0bef-4f34-9b77-f0257f3cb6b9,Toko_01341,GOLD,Lampung,2021-07-09,305,4.45,False
e9b0e365-6d4d-4c5d-9e0c-4b6bb8370282,Toko_01342,BRONZE,Jambi,2020-12-21,179,4.93,False
6354e471-e1d7-4f65-864b-8b2ad76e1654,Toko_01343,BRONZE,Sumatera Utara,2018-11-17,387,4.96,False
bac872ce-8640-43e0-b440-416413596cc6,Toko_01344,SILVER,Kalimantan Tengah,2023-12-29,14,3.01,True
aa2b6847-3e67-48ee-81b3-7e1bb93a7514,Toko_01345,BRONZE,Sulawesi Utara,2023-02-28,359,3.81,False
94c03bdf-f7ce-4f36-b9dc-5c0d0272025b,Toko_01346,SILVER,Aceh,2023-06-17,160,4.24,False
96008718-078b-43c9-aba2-e5891c91ac2c,Toko_01347,BRONZE,Papua,2022-06-06,416,3.61,True
e13f7709-5d1e-4e8b-bc76-9c71d9dc1137,Toko_01348,BRONZE,Jawa Timur,2018-03-07,361,4.94,False
c37b6bde-6050-423d-b127-066626221a81,Toko_01349,BRONZE,Nusa Tenggara Timur,2019-08-18,337,3.48,False
e0524940-c083-4551-9ba5-118529c974e8,Toko_01350,GOLD,Sulawesi Tenggara,2020-02-21,49,3.6,False
5d6273d6-7dc7-442b-ac0a-b047ae1e55da,Toko_01351,SILVER,DKI Jakarta,2019-04-23,90,4.8,False
08a273c5-6404-402a-b96f-8107423cb238,Toko_01352,BRONZE,Sulawesi Utara,2023-04-16,15,4.72,False
5ba89690-2b8c-4858-945b-03e7ab488791,Toko_01353,BRONZE,Bali,2022-05-24,31,3.67,True
739ab98a-5be1-40d4-9d44-9c3c3ad60fcf,Toko_01354,GOLD,Kalimantan Tengah,2022-08-30,439,3.99,False
702b3260-7388-4486-83a4-6f3aba1313d9,Toko_01355,SILVER,Lampung,2018-06-01,254,3.8,False
cff5450c-95fa-42ac-b2d3-69814bc5f12d,Toko_01356,SILVER,Gorontalo,2023-06-22,123,4.43,False
a040ae01-9574-428b-a24c-7087f770d8d7,Toko_01357,BRONZE,Kalimantan Timur,2018-09-18,142,4.79,False
a86608c0-b2ce-4c69-a212-8f4ad002bde8,Toko_01358,SILVER,Sulawesi Utara,2021-11-21,234,4.4,True
1f9ed09c-576e-4c9a-97cc-d18aea03fec0,Toko_01359,BRONZE,Sumatera Selatan,2023-04-07,181,3.88,False
b788a1aa-9d0d-4d16-8133-cc21f1fbe9f4,Toko_01360,SILVER,Papua,2021-10-21,476,4.2,False
22d7a43a-3c9d-4308-8214-ebee715783b6,Toko_01361,SILVER,Banten,2021-04-16,375,4.42,False
cd1c3ac8-c023-4924-9086-c05bef32cedd,Toko_01362,GOLD,Papua,2022-01-15,412,3.94,False
f861a94d-9aa3-4b56-8a85-992e179f59c7,Toko_01363,BRONZE,Sumatera Selatan,2021-03-02,358,4.5,False
8805e1e1-02f2-4953-964e-4010c94dd6d1,Toko_01364,BRONZE,Sumatera Selatan,2019-10-03,315,3.98,False
16e69bf8-59b1-4cc8-a030-23a1d8de0505,Toko_01365,PLATINUM,Sulawesi Utara,2021-05-28,125,3.42,True
a040190d-c83b-4cf3-9c9c-d102a164fc21,Toko_01366,BRONZE,Yogyakarta,2020-12-04,187,4.35,False
f22da52f-2c01-4782-b482-f028f5385d13,Toko_01367,GOLD,Sulawesi Tengah,2018-05-11,418,3.13,False
0bac18a0-4a03-47b1-9f7f-111520235a6c,Toko_01368,SILVER,Jawa Timur,2020-07-06,254,3.52,False
2f1ce34e-419c-4bc8-9db8-cc82cc8323f2,Toko_01369,BRONZE,Jawa Barat,2020-12-31,463,3.3,False
0b3c38e9-4ef7-4747-8d40-930fad60bfca,Toko_01370,SILVER,Papua,2019-03-03,366,3.1,False
86b4086f-aa46-44c4-9622-f39a378aa55b,Toko_01371,GOLD,Kepulauan Riau,2019-03-31,59,4.56,False
b70816b8-d7cc-4df4-8e86-6af81c77bef8,Toko_01372,GOLD,Jawa Timur,2018-06-21,264,3.21,False
688e7008-dc22-4e39-b237-5923e6e610bb,Toko_01373,GOLD,Gorontalo,2022-01-21,85,4.46,False
8d2ef305-3c82-4f4f-85ab-28ed960822a0,Toko_01374,GOLD,Sulawesi Utara,2019-02-11,83,4.29,False
c7ee5ebb-14bf-4610-a20b-948849fa829a,Toko_01375,BRONZE,Bangka Belitung,2020-04-06,229,4.94,False
eb33798e-00aa-47ed-89ea-cbd806729c96,Toko_01376,BRONZE,Kepulauan Riau,2023-04-25,179,3.57,False
c7a7e785-a98e-4bb5-87d9-31cb3b991fa0,Toko_01377,BRONZE,Maluku,2022-08-27,189,4.26,False
837aba61-af6b-4c2c-9e62-3907aae7eb3c,Toko_01378,GOLD,Sulawesi Tengah,2022-09-24,408,3.46,False
52d073a8-49f0-4458-8212-64037e06720a,Toko_01379,BRONZE,Kalimantan Tengah,2023-02-23,492,4.7,False
3e582979-d4b4-4e95-8a4e-8640885a8155,Toko_01380,BRONZE,DKI Jakarta,2022-12-18,79,4.54,False
75af3062-abc2-4ae6-b07a-82bcce01e68e,Toko_01381,SILVER,Jawa Tengah,2018-12-14,178,3.63,False
0dea7012-72ce-4708-8c4a-155dd297d11e,Toko_01382,BRONZE,Jawa Barat,2022-05-30,393,3.07,False
61b1c867-76d6-4b9a-a681-ce7c638a1ef3,Toko_01383,BRONZE,Bali,2018-08-25,328,4.96,False
519a1d28-f245-45a1-8ca5-124c34d783de,Toko_01384,GOLD,Lampung,2022-09-14,210,4.77,False
a0500178-77a0-4e23-8818-8a20b01c0d4e,Toko_01385,GOLD,Aceh,2021-07-08,470,3.69,False
30349218-879a-4cfa-b2a6-bf49fffb4e51,Toko_01386,GOLD,Nusa Tenggara Barat,2019-08-25,363,3.81,False
10713274-7392-4163-99e3-f1cbcc4af394,Toko_01387,GOLD,Nusa Tenggara Barat,2022-12-17,362,3.69,False
9ee78471-3f04-4d1a-b716-d3223e3343af,Toko_01388,SILVER,Bengkulu,2020-03-19,456,3.6,True
91a6d87b-9c95-460f-b474-5974e8307e2a,Toko_01389,BRONZE,Aceh,2019-06-01,271,4.98,False
1372a2fe-9e4f-46e8-ae8a-22849bd8b36e,Toko_01390,BRONZE,Sulawesi Tenggara,2021-07-02,271,3.68,False
ae7403b2-9ad9-4cd0-8eac-b98977ad62ee,Toko_01391,BRONZE,Yogyakarta,2020-11-25,128,4.66,False
e6beeb22-94b0-40de-88fa-042a97f29cfb,Toko_01392,BRONZE,Sulawesi Tengah,2019-03-29,379,3.12,False
fded700b-9888-49c9-b070-cae04d52af3f,Toko_01393,SILVER,Kalimantan Selatan,2019-05-23,29,4.51,False
f82518a4-0914-4587-85bb-de297f6a2e5e,Toko_01394,BRONZE,Bali,2018-01-22,237,3.68,False
95db0bf2-ac4a-4dcb-b198-c20f47d3790e,Toko_01395,SILVER,Bali,2023-12-25,437,4.19,False
d2ed4027-7960-4bc7-b5a1-f0384c26b35a,Toko_01396,BRONZE,Jambi,2019-07-28,370,3.76,False
fd674b41-c51f-4cb5-9d16-5d92942037fb,Toko_01397,BRONZE,Sulawesi Tengah,2020-02-28,426,4.56,False
398c6f37-a022-4ea4-8cbd-074db632b057,Toko_01398,BRONZE,Kalimantan Tengah,2022-08-15,46,3.18,False
54e9a9d5-47d9-4c1f-b98c-3ba210978da8,Toko_01399,BRONZE,Sumatera Selatan,2023-01-02,44,3.74,False
621b2958-5915-4474-804d-83cbdf8f4f5b,Toko_01400,SILVER,Sulawesi Tengah,2022-06-06,451,3.53,False
00da2a80-65db-403b-9042-f9c670c9ba47,Toko_01401,BRONZE,Sulawesi Selatan,2023-06-29,379,4.95,False
8179f91e-55c2-472b-9acc-4a1e70f9b232,Toko_01402,BRONZE,Banten,2023-06-09,369,3.92,False
ef0bb410-48ea-4123-8fc0-6f910174c36e,Toko_01403,SILVER,Sulawesi Tengah,2019-04-29,360,3.43,False
1eca3a17-f5b7-4f83-ac98-1c42cfa320e2,Toko_01404,SILVER,Sulawesi Tenggara,2022-02-21,476,4.9,False
e0d33f17-b635-4ed3-acbf-f4634a19efb6,Toko_01405,BRONZE,Jawa Timur,2022-02-22,297,3.58,False
77705e2b-eaee-451b-afc2-d630d4271528,Toko_01406,BRONZE,Lampung,2022-03-14,160,3.59,True
4d067aff-09cf-42e8-a496-7e720de7eca9,Toko_01407,BRONZE,Jambi,2022-09-24,29,4.87,False
8ad572ef-cad6-4ca3-b4a2-127a46fbdab7,Toko_01408,BRONZE,Sumatera Utara,2023-06-26,6,3.24,False
d513d9fd-b3f5-40a8-b04c-1eab83549565,Toko_01409,GOLD,Kalimantan Tengah,2023-05-25,298,3.62,False
e34ea106-f331-4932-ae4b-a27ecee91a49,Toko_01410,BRONZE,Kalimantan Barat,2023-05-01,432,4.44,False
f03c095c-2927-4d13-b570-270bc3cccfb3,Toko_01411,GOLD,Sulawesi Tengah,2023-03-03,394,3.9,False
3fcf7442-33f8-4d01-9cff-aceb7d47589d,Toko_01412,GOLD,Kalimantan Timur,2019-01-01,414,4.25,False
988da2e0-065e-41ae-a64a-e42f76a96e2b,Toko_01413,BRONZE,Yogyakarta,2022-06-08,178,4.08,False
9f623f7a-1f0a-4bc9-a02f-9ffb713aa190,Toko_01414,GOLD,Aceh,2021-02-10,335,3.18,False
c2adfe99-1d63-4c97-821b-4135058d7432,Toko_01415,BRONZE,Nusa Tenggara Timur,2021-06-19,292,4.29,False
23f475f2-0cfc-4d9e-930e-a71680c65898,Toko_01416,BRONZE,Nusa Tenggara Barat,2018-08-05,495,4.14,False
fcae9459-ca43-4bae-a87d-ec961a699c50,Toko_01417,SILVER,Yogyakarta,2018-03-18,66,4.32,False
e570753f-8f4f-4cc1-b5fc-54fdd3efa16b,Toko_01418,PLATINUM,Riau,2020-04-22,130,4.66,False
d77579a4-7228-4a7c-8ca3-ce93f1a46e7d,Toko_01419,SILVER,Jawa Tengah,2023-12-26,315,3.64,False
cddcecb5-3d0f-43b3-8d7c-8a7deae471c9,Toko_01420,SILVER,Gorontalo,2018-04-06,179,3.87,False
4a27219e-3ff8-4287-8c1c-e9fa4427177b,Toko_01421,GOLD,Kalimantan Timur,2022-04-14,136,3.18,False
14a96b65-074c-4807-96a5-cc815bdfe7d0,Toko_01422,SILVER,Lampung,2019-08-13,98,3.51,True
d3c37626-53a0-4537-ada2-aa324a51b53f,Toko_01423,BRONZE,Kalimantan Tengah,2019-11-25,35,4.23,False
f8f61408-57bc-4d5c-bdb5-e5872115ca19,Toko_01424,BRONZE,Jawa Barat,2021-05-05,204,3.2,True
8f2d3517-bf19-43aa-91a9-39bd5b0caf10,Toko_01425,GOLD,Riau,2022-03-19,487,4.66,True
22204c60-62f9-4f53-a88f-9f20f08995fc,Toko_01426,BRONZE,Bengkulu,2020-08-26,257,4.02,False
68b74f17-49bd-4c13-af8c-9fc8fb8cb022,Toko_01427,PLATINUM,Riau,2018-09-06,167,3.93,False
b0444020-35fd-453c-b68a-8d279925d620,Toko_01428,SILVER,Kalimantan Tengah,2020-08-15,472,4.77,False
a140c974-6f37-4a02-a182-3ccb9d778ad8,Toko_01429,PLATINUM,Papua,2019-02-20,131,4.53,False
35dd51f6-a69b-4d2e-b5e1-2745a8618093,Toko_01430,BRONZE,Bali,2022-07-25,233,3.17,False
271d52d0-7348-4b24-aefd-e7ef11370932,Toko_01431,BRONZE,Banten,2022-03-10,281,4.97,False
082c8db8-e9d3-4651-b828-b62c44c2f284,Toko_01432,SILVER,Kalimantan Tengah,2023-01-25,26,3.0,False
d163cb1f-757f-4e4d-99ef-6d02a54250a0,Toko_01433,GOLD,Lampung,2019-11-17,5,3.12,False
09b7bc05-dce0-4147-8341-711999313710,Toko_01434,BRONZE,Riau,2022-04-07,184,4.68,False
cbe8b60b-7d1f-4373-ac49-c1b675d774e9,Toko_01435,GOLD,Lampung,2018-07-06,87,4.48,False
83025f9f-8a51-45fe-ba85-12a35b9880e3,Toko_01436,BRONZE,Kalimantan Barat,2019-05-19,430,3.28,False
76fbd02a-24f7-4c06-8044-102bd59a3f0c,Toko_01437,BRONZE,Kalimantan Tengah,2020-05-13,317,4.01,False
82e6fa46-9077-4bd4-96b9-603e96a04356,Toko_01438,GOLD,Kalimantan Timur,2020-12-06,390,4.42,False
57c1d912-bcdc-42ea-aa20-dd07e394d0f8,Toko_01439,SILVER,Kalimantan Timur,2021-10-31,112,3.92,False
8623d308-b60b-4e1f-8529-690daaade0ce,Toko_01440,BRONZE,Maluku,2019-07-02,335,4.84,False
91141bf7-ca5c-4349-97e9-3667fd49188f,Toko_01441,BRONZE,DKI Jakarta,2019-12-12,216,4.11,False
c8a79388-fe6c-4d06-b5e3-0c27508723f1,Toko_01442,SILVER,Kalimantan Barat,2018-11-29,408,4.75,False
ff78a9ed-d848-4b53-9bdf-766bf7c25100,Toko_01443,SILVER,Yogyakarta,2022-12-29,349,3.25,False
df17d4b7-b63c-4f59-beba-1bacbc38eeb3,Toko_01444,BRONZE,Nusa Tenggara Barat,2022-01-06,203,3.35,False
fa87c81c-9a1e-4f75-82de-0ab7af9815de,Toko_01445,SILVER,DKI Jakarta,2019-05-27,241,3.74,False
513da3c4-4fd8-49c4-94bf-1c874a62645c,Toko_01446,BRONZE,Aceh,2018-03-23,393,3.56,False
c59f2e24-6370-46a2-8fc7-802bd09c4f8c,Toko_01447,BRONZE,Jawa Tengah,2021-05-26,418,4.44,False
7134cb97-6a1a-48c9-a6e9-6ca37fd1dcac,Toko_01448,SILVER,Kalimantan Selatan,2018-05-31,148,3.99,False
dfa9e0d7-6d6f-4708-8344-8100f3a2c687,Toko_01449,SILVER,DKI Jakarta,2020-03-14,425,4.28,True
7603fd92-b8bc-4434-8df6-0532aba791fc,Toko_01450,BRONZE,Sulawesi Tengah,2023-07-17,92,4.1,False
cd862e07-9847-468f-bee6-7062064ec179,Toko_01451,SILVER,Papua,2019-12-20,38,4.18,False
64b0acc2-2b99-4d56-8710-f7a218f2002c,Toko_01452,BRONZE,Gorontalo,2020-07-22,456,4.05,False
4e020f6e-04b1-44f9-af0f-069c46b9ac77,Toko_01453,BRONZE,Papua,2018-04-05,359,4.36,False
e276d579-9464-478c-92c7-80b3863afcd1,Toko_01454,SILVER,Yogyakarta,2023-02-03,6,4.88,False
3228983f-604d-49b7-be74-d38ab72c1bbe,Toko_01455,PLATINUM,Jawa Barat,2021-08-16,226,4.69,False
3fba8e7a-f872-40bb-92fe-2151e8b1b972,Toko_01456,BRONZE,Sulawesi Tengah,2023-03-27,258,3.72,False
99356939-1a23-4b2e-a7a3-43c5d70c1a2f,Toko_01457,GOLD,Sumatera Barat,2018-07-12,147,4.84,False
ceca7ee9-b417-41fc-882f-fa09443fe5ae,Toko_01458,BRONZE,Kalimantan Barat,2020-03-08,176,3.16,False
bbdc7529-9964-4943-bec7-8153ef55b923,Toko_01459,BRONZE,Aceh,2020-07-13,358,3.85,True
0f3c412f-ce97-483b-bc0d-05f62f0c7e29,Toko_01460,BRONZE,Sumatera Utara,2021-09-10,164,3.13,False
f2268196-3260-4311-a5d7-5c534e2745b1,Toko_01461,BRONZE,Kalimantan Tengah,2018-04-09,308,4.59,False
ffd722c9-7566-470b-87d7-a47454c9c66e,Toko_01462,GOLD,Sumatera Barat,2019-03-18,247,3.48,False
b35b38e7-2ad0-4662-a94a-97f49aa7b8b7,Toko_01463,BRONZE,Kalimantan Timur,2023-10-30,411,3.47,True
3a717122-d924-4eac-9058-8de46814faba,Toko_01464,SILVER,Sulawesi Selatan,2019-01-27,325,3.89,True
79616698-16e6-486a-8c45-9562c2c3651e,Toko_01465,PLATINUM,Gorontalo,2018-05-17,198,3.63,False
aae2dd97-3c45-4058-9823-51cac7759e28,Toko_01466,BRONZE,Banten,2018-09-11,475,4.6,True
8e34f8a5-61a7-472f-9719-95d668109033,Toko_01467,SILVER,Kalimantan Tengah,2018-09-27,57,4.36,False
4c63f445-093c-40dd-b6c4-f01a145a4822,Toko_01468,BRONZE,Kalimantan Barat,2022-07-04,54,4.23,False
4b5da267-e5be-4cbc-afeb-b1ee6b74ea55,Toko_01469,GOLD,Jambi,2018-02-13,237,3.77,False
d18f0d23-11ca-48ff-aa1c-017e63b425c4,Toko_01470,GOLD,Nusa Tenggara Barat,2019-02-19,178,4.3,False
4f799b19-de9e-40c9-8def-e62f2a5061d5,Toko_01471,BRONZE,Sulawesi Tengah,2021-09-06,305,3.38,True
0042b2cb-12b2-4bdd-94f9-ba2bc74351c3,Toko_01472,SILVER,Jawa Tengah,2020-03-04,468,4.15,False
77ff229d-df40-4919-a7ab-b947909c3011,Toko_01473,BRONZE,Kalimantan Tengah,2023-05-26,376,4.24,False
6bba82b2-4f3a-487a-af92-ad3c7056a9ac,Toko_01474,BRONZE,Jawa Barat,2018-09-05,70,3.62,False
f264d8c6-c2cf-4332-8a6a-9e59604e123f,Toko_01475,PLATINUM,Bengkulu,2022-01-05,164,4.17,False
e8cedaaa-85d6-49ca-aebd-fc7cdf6a6f33,Toko_01476,BRONZE,Sulawesi Utara,2021-06-18,313,3.69,False
d3933432-2494-4406-af2c-5ddd04e5a644,Toko_01477,BRONZE,Bali,2019-08-16,34,3.47,False
543b2fb5-48fb-4140-ba50-a67372fb444e,Toko_01478,SILVER,Jawa Barat,2022-09-25,181,3.39,False
b94e5aa7-e5de-4d2e-bba5-c9373982f95b,Toko_01479,GOLD,Jambi,2018-10-08,179,3.38,False
bf1841ef-5ab3-4db9-9f94-42397f62f6e9,Toko_01480,SILVER,Sulawesi Selatan,2021-09-18,441,4.16,False
3bcc44a3-d3e6-43b3-9ecf-9a02e89dd877,Toko_01481,SILVER,Kalimantan Tengah,2021-09-08,88,3.21,False
e4888ae5-3e07-4c1a-90f5-97911fb4cfe3,Toko_01482,GOLD,Sulawesi Utara,2020-06-17,476,3.01,False
17481078-370a-4991-b621-99220e8bd885,Toko_01483,BRONZE,Nusa Tenggara Barat,2020-05-23,127,3.96,False
52308b26-da10-436a-b999-c965cf0ee96d,Toko_01484,GOLD,Jambi,2022-03-20,110,3.8,False
ffd38481-f468-4d17-8c9e-0c2edfbf8513,Toko_01485,BRONZE,DKI Jakarta,2018-10-30,188,3.06,True
3b7294bf-d390-4272-828a-1a27583a36bf,Toko_01486,BRONZE,Sumatera Selatan,2022-01-14,27,4.95,False
f19704ce-b895-4f45-817c-bda3fd12fd62,Toko_01487,BRONZE,Sumatera Barat,2020-12-09,373,3.35,False
2cac6814-9ec3-4c8a-99e0-a4e68d3e8add,Toko_01488,BRONZE,Sumatera Selatan,2018-03-30,95,4.69,False
d7e08f77-3385-42a0-abbf-2142dcbd5825,Toko_01489,BRONZE,Papua,2019-07-17,199,4.31,False
3b0508dc-2464-4a9f-bce2-d6b8499f1c4e,Toko_01490,BRONZE,Sumatera Selatan,2021-06-03,238,3.48,False
19e43102-c0ac-4643-ac60-41c251d526cc,Toko_01491,SILVER,Sulawesi Tengah,2022-11-12,454,4.42,True
c0de3543-a5ec-4863-9794-90a80192d377,Toko_01492,GOLD,Banten,2020-02-16,103,4.07,False
33e8e08c-7222-4b2b-bb39-19fb63fcc7f8,Toko_01493,BRONZE,Kalimantan Tengah,2020-09-28,476,3.09,False
66a1ef31-7e24-4c6e-93f0-c43780c0469f,Toko_01494,BRONZE,Sulawesi Tenggara,2021-04-19,409,3.3,False
3170e7f7-f3c3-47c2-a704-ab00c7f93423,Toko_01495,SILVER,Riau,2019-06-02,440,4.02,False
da4fe717-d070-49a8-a7e6-30d508a6e25f,Toko_01496,SILVER,Aceh,2018-11-30,406,3.94,False
7e854f2d-ac84-4a86-969d-99163f2ec96c,Toko_01497,BRONZE,Sulawesi Tengah,2022-05-09,389,4.76,False
fea74f3e-91aa-4987-be8a-1b6e54df09ca,Toko_01498,BRONZE,Sulawesi Tengah,2023-03-17,96,3.64,False
6d31853d-6160-48c2-8042-970127efa98f,Toko_01499,SILVER,Maluku,2023-07-20,247,3.54,False
0af58666-79ed-44fb-8f69-1bb185a026d9,Toko_01500,GOLD,Bali,2018-05-30,111,3.44,False
3fdd193a-13d3-4d6a-a2f4-a8ef3993bb87,Toko_01501,GOLD,Kalimantan Barat,2020-06-14,161,3.85,False
e4e4a8c1-9a7d-4c36-87af-b5c9a1d083c4,Toko_01502,BRONZE,Kepulauan Riau,2022-03-13,135,4.1,True
875c0cf7-5584-4004-b40d-1957cf15807a,Toko_01503,BRONZE,Sulawesi Selatan,2023-10-27,185,3.46,True
5c1858cb-f7cd-48c7-a7be-91150a963221,Toko_01504,SILVER,Kalimantan Timur,2022-10-12,235,3.94,False
be137e2e-599f-426b-8084-1d710442dbda,Toko_01505,GOLD,Kalimantan Timur,2021-01-23,200,3.05,False
03c57b3c-5586-4c7f-8d4b-afb5e5dc1ebf,Toko_01506,BRONZE,Jawa Tengah,2022-01-10,466,3.16,False
7196c319-b0ba-4615-8e1b-88e3a92cdac3,Toko_01507,SILVER,Nusa Tenggara Timur,2018-11-17,407,3.55,False
dbb88a3f-0cf8-4a60-a31b-4e37c58b382b,Toko_01508,BRONZE,Kalimantan Selatan,2018-06-06,284,3.4,False
05e12731-72b7-4d2c-b87b-d0e4a07bf8fa,Toko_01509,BRONZE,Lampung,2021-01-29,102,4.41,False
2edbd652-287b-4ef7-b576-a6585974f1e1,Toko_01510,PLATINUM,Bengkulu,2020-12-05,9,4.54,False
2ebbb5d6-b42b-41e2-8d7d-dcbf7337cfec,Toko_01511,BRONZE,Kalimantan Barat,2022-07-20,425,4.16,False
450828d1-63a6-473f-9dca-bec2d2ee85f2,Toko_01512,SILVER,Sulawesi Tengah,2019-09-04,448,3.8,False
0b7b022d-7a7a-400d-adef-eef4e6f231ad,Toko_01513,SILVER,Sulawesi Utara,2020-08-15,269,4.17,False
4011df60-af52-452a-8ebf-8b3cb9b345a6,Toko_01514,SILVER,Kepulauan Riau,2023-03-05,179,4.58,False
f6ec019e-3afe-4a8d-bbfa-7088e586c5bb,Toko_01515,BRONZE,Bengkulu,2022-09-07,112,3.88,False
95efdb05-8dbc-40fc-8ee3-c21bbe223655,Toko_01516,BRONZE,Banten,2019-06-10,161,4.89,True
c42c8829-4631-4528-af73-fba0dbeca871,Toko_01517,GOLD,Kepulauan Riau,2021-12-23,178,3.45,False
0b75bd97-2fe5-48e7-b9a8-442fbf8f02af,Toko_01518,GOLD,Bengkulu,2021-05-12,171,4.17,False
643ec6a4-073b-4093-8d72-6ee7c8c5db1b,Toko_01519,BRONZE,Banten,2019-09-22,492,4.99,False
2dc1adef-32db-4b99-b2f9-e230873d5af7,Toko_01520,GOLD,Gorontalo,2022-05-21,200,3.41,False
8639528c-2c6b-44a5-950c-e9f1d0011565,Toko_01521,SILVER,Sumatera Selatan,2023-04-29,60,3.66,False
aebb93f7-75cb-42a8-b66c-fa84e54d3858,Toko_01522,SILVER,Lampung,2019-01-17,92,3.21,False
273dbcd8-af3b-4c3b-9c30-74a486b7ff54,Toko_01523,BRONZE,Maluku,2023-06-25,18,3.37,True
405437e6-1fce-4647-9f2f-9756a91182df,Toko_01524,PLATINUM,Lampung,2020-04-23,124,3.58,False
b426ec20-b469-4ca4-ad0d-e553ecaae723,Toko_01525,SILVER,Kalimantan Selatan,2023-10-25,10,3.34,False
beefc85e-578e-4c5b-913f-8206e92cae64,Toko_01526,BRONZE,Sumatera Utara,2019-03-30,71,4.07,False
1c9b6385-aacc-45d4-b301-06cef3dabf6d,Toko_01527,BRONZE,Yogyakarta,2020-04-25,71,4.74,False
174cc772-b8f7-4f8f-b076-20c476532797,Toko_01528,GOLD,Papua,2023-04-29,86,4.21,False
441b672d-c82c-44e7-9b02-c112d87d7ed9,Toko_01529,SILVER,Sulawesi Tengah,2023-02-23,146,3.4,False
59ace883-8f14-48d4-a732-99bdc2e9edc6,Toko_01530,BRONZE,Kepulauan Riau,2022-06-24,314,4.62,False
327df29d-1f91-4b32-a0e0-8c5d58897747,Toko_01531,GOLD,Yogyakarta,2023-07-04,240,3.93,True
2420d305-974a-434c-a63d-ada360eb8382,Toko_01532,BRONZE,Nusa Tenggara Timur,2023-02-13,182,4.4,False
76cb7e0b-0b86-4205-b3f0-fe5c694fe210,Toko_01533,BRONZE,Nusa Tenggara Barat,2019-12-19,217,3.5,False
6d5a58b1-f72d-44f9-8ab8-53ae443030f5,Toko_01534,SILVER,Sulawesi Selatan,2022-04-25,471,4.32,False
622c747c-fcf5-4dae-bfe8-9a0f54facd96,Toko_01535,BRONZE,Maluku,2018-06-28,127,4.77,False
4a7e7530-2aff-4de5-8492-7ecad0ca35ff,Toko_01536,GOLD,Sulawesi Tenggara,2021-04-10,346,4.83,False
1ae56038-cbc9-489c-85e9-6bef5a5ea6cc,Toko_01537,SILVER,Sumatera Selatan,2023-07-15,215,4.98,False
cff78b78-da39-4801-93ba-b36d1a91d63b,Toko_01538,PLATINUM,Jawa Tengah,2019-03-07,263,4.53,False
8996bc65-aca1-4c9b-9e67-d515ce84bef6,Toko_01539,SILVER,Riau,2020-04-29,264,3.09,True
ad0c52b8-c461-4b82-8ed0-1d881f5c5126,Toko_01540,SILVER,Papua,2023-03-07,200,3.69,False
77afb771-eb71-4fe8-8d58-636ac9d97b04,Toko_01541,BRONZE,Jawa Barat,2018-02-13,133,3.23,False
c415bfbd-9686-4b75-a4f1-2a8d9f2aeaf5,Toko_01542,BRONZE,Aceh,2023-03-17,253,3.92,True
faa2ebae-1de3-4aef-83cb-39ec2caa3ad2,Toko_01543,SILVER,Maluku,2022-11-28,76,3.94,False
2da68a9e-dd80-4c8a-9c15-1a0d103336ba,Toko_01544,BRONZE,Kepulauan Riau,2018-03-15,315,3.2,False
4e9db570-9ee7-485b-b1ba-4183f8943fca,Toko_01545,SILVER,Kalimantan Barat,2019-11-21,44,4.34,True
ffa37d79-b8ee-4153-a034-88112f3cc160,Toko_01546,BRONZE,Sulawesi Selatan,2022-01-06,96,3.43,True
18fbd1ac-a428-4d2f-84da-e8f313f64bc1,Toko_01547,SILVER,Sumatera Selatan,2022-12-16,361,3.1,False
473d38da-4502-42c0-aea1-0c5e3224e9b8,Toko_01548,SILVER,Papua,2019-02-26,204,4.38,False
016f7946-a30b-4f9a-8cc7-9b1c7668611f,Toko_01549,SILVER,Jawa Barat,2022-03-26,397,3.4,False
4e4e37bd-5bf3-420a-9e81-c8e4142d0ddd,Toko_01550,GOLD,Sumatera Selatan,2019-01-10,13,3.84,False
8395dbb8-3ffb-4e24-825a-d18e8669806b,Toko_01551,BRONZE,Sumatera Selatan,2018-09-16,117,4.92,True
4dac4f6a-e0ec-458d-bfa5-246fd5ad5b0f,Toko_01552,GOLD,Papua,2019-11-19,375,3.33,False
17b7655a-cecf-427b-993f-d1a7037a1c2f,Toko_01553,BRONZE,Kalimantan Timur,2021-08-14,292,4.25,False
3499da19-86da-493a-a765-1f0f45884e1d,Toko_01554,PLATINUM,Kalimantan Barat,2022-10-19,66,3.46,True
3710a889-a6bc-4cca-ad29-53e01be0ed0f,Toko_01555,BRONZE,DKI Jakarta,2022-07-06,339,3.63,False
f88c0156-d672-4ddf-b7a8-b39ca80f410f,Toko_01556,SILVER,Jawa Tengah,2021-02-14,337,4.25,True
64202f1d-71b7-4b7e-bc4d-216647bcbacd,Toko_01557,GOLD,Kalimantan Tengah,2021-05-20,397,4.2,False
81c4b559-9f49-4406-99de-64cee2df83e6,Toko_01558,BRONZE,Sulawesi Tenggara,2019-12-04,133,4.92,False
aff6d8c9-583a-47a9-bc6f-dd3f2ab340ab,Toko_01559,PLATINUM,Maluku,2022-05-11,352,4.85,False
0eb95db9-a07e-4d1b-a615-70e16ac00dae,Toko_01560,BRONZE,Sumatera Utara,2021-07-26,440,4.33,True
ebf00609-83b5-4288-9d43-7f263c232d72,Toko_01561,BRONZE,Gorontalo,2023-01-13,200,4.02,False
7c2dc26c-be23-4a24-a476-fb1491301aea,Toko_01562,SILVER,Maluku,2018-02-24,124,3.04,False
fdf1e749-4efb-435a-802b-111624fa026d,Toko_01563,BRONZE,Sumatera Barat,2022-10-22,392,3.49,True
a090f46d-c3f4-48c0-960d-018310d2a566,Toko_01564,BRONZE,Sulawesi Utara,2021-04-29,108,3.3,False
6743789f-5547-4a8b-a05e-130f733744cc,Toko_01565,BRONZE,Gorontalo,2022-12-23,383,4.75,True
4d9c7ebd-6c1d-4175-9d94-c13c5eed7648,Toko_01566,BRONZE,Jambi,2018-06-12,271,4.58,False
4b4a547d-105b-41de-8575-da44025fc8bb,Toko_01567,GOLD,Bengkulu,2018-04-08,122,4.69,False
c00af366-da53-485f-a6ac-df9730dc67f7,Toko_01568,BRONZE,Sulawesi Tenggara,2018-08-10,469,4.84,False
7b6819c3-b107-4ed1-8ad0-61e27a2a479a,Toko_01569,GOLD,Maluku,2020-06-30,316,4.75,False
cc18f4d3-0955-4b6b-b133-16fae81d49c1,Toko_01570,BRONZE,Nusa Tenggara Timur,2018-01-25,38,4.74,True
dc1ca955-b8b7-4499-9631-a67831589ebe,Toko_01571,BRONZE,Nusa Tenggara Timur,2019-08-03,485,3.41,True
c2eb1c93-b059-40e1-ae56-c3cbf8bbfce9,Toko_01572,SILVER,Kepulauan Riau,2020-04-17,125,4.01,False
ac7f409e-6289-4de3-9d20-606b8fb77001,Toko_01573,SILVER,Sumatera Utara,2020-03-20,130,3.85,False
71744305-473f-4adb-a299-a5891104ec3c,Toko_01574,BRONZE,Bali,2023-01-11,500,4.27,False
136e7f52-de2f-48fa-a15f-f3dd99ab45f7,Toko_01575,GOLD,Jawa Tengah,2022-01-12,208,3.76,False
cb515954-963e-494b-9158-be36a5903987,Toko_01576,BRONZE,Nusa Tenggara Barat,2022-11-11,394,3.31,False
354123c8-6132-43ad-8f3a-937d53d82194,Toko_01577,SILVER,Bengkulu,2022-04-12,223,4.71,False
45ceed6d-4526-4f15-80f5-a1f343f3aec0,Toko_01578,GOLD,Nusa Tenggara Barat,2019-09-18,288,4.45,False
bd09a2ea-38ac-4eb7-b721-2b86f11a7fec,Toko_01579,SILVER,Sulawesi Selatan,2021-03-06,197,4.12,False
782a6d09-99cb-4793-a341-d3199e6457bb,Toko_01580,BRONZE,Maluku,2023-04-07,105,3.31,False
7a9c4be0-de1f-420d-8672-e3b788b2187e,Toko_01581,BRONZE,Sulawesi Tengah,2022-03-13,256,3.81,False
1605e107-e010-4903-bece-9deee2ef7f34,Toko_01582,BRONZE,Aceh,2022-03-09,201,3.98,False
3c65329b-78ae-4592-9e01-5c48e170b817,Toko_01583,SILVER,Kalimantan Tengah,2018-06-09,476,3.25,False
1fb44796-d92f-4acb-a334-02a45c7c3f58,Toko_01584,BRONZE,Bengkulu,2022-11-23,495,3.51,False
12abd1b3-7b01-40ad-8b4f-b773128d85e6,Toko_01585,SILVER,Sulawesi Tengah,2023-06-25,330,4.38,False
bb868b76-0164-4b68-b668-87bc5959e1ae,Toko_01586,SILVER,Gorontalo,2022-10-03,381,3.49,False
13c5e71c-9cba-4708-ae8b-74acbe47108d,Toko_01587,GOLD,Kalimantan Selatan,2018-04-26,362,4.33,True
b57f2c82-e77a-4e9a-a23a-62c1fc1ec681,Toko_01588,SILVER,Papua,2019-08-27,135,3.49,False
0f743716-e79d-4c5a-904b-584e9d73c79c,Toko_01589,SILVER,Sumatera Utara,2018-02-20,64,4.54,False
a99ba541-e105-48ec-8c09-94f973a437f0,Toko_01590,GOLD,Kalimantan Barat,2018-11-26,270,4.82,False
e83ac3cf-e5e4-4213-a2dc-1527a7f4ab7e,Toko_01591,BRONZE,Kalimantan Tengah,2020-11-01,359,3.6,False
0a634411-13d7-47dc-8ac7-b3d6419d7388,Toko_01592,SILVER,Kalimantan Barat,2021-06-15,380,3.82,False
98b8172b-c8a4-433c-8863-f9faded6fd1d,Toko_01593,SILVER,Jawa Tengah,2019-03-24,330,4.15,False
409270d4-9b91-4b87-8093-30343cfbac17,Toko_01594,GOLD,Riau,2020-05-08,481,4.5,False
13e4f807-c694-4bd0-bcb4-d162973e55a4,Toko_01595,BRONZE,Sumatera Utara,2023-07-08,5,3.19,False
318e8e95-141c-45bc-a951-c3de54a84d58,Toko_01596,BRONZE,Kalimantan Tengah,2021-03-27,380,3.86,False
e7aa0903-e500-4929-b58a-270546f57b6c,Toko_01597,BRONZE,Banten,2020-03-22,254,3.36,False
d0fa0e61-351e-4131-87af-95c04dbef0ea,Toko_01598,SILVER,Kepulauan Riau,2020-05-20,100,3.4,False
9d8022b9-c408-4760-81ff-e40836da0e66,Toko_01599,GOLD,Sumatera Selatan,2020-11-28,466,4.74,False
b641f355-b310-4e5f-8a2c-2ba5d560ca9a,Toko_01600,GOLD,Jawa Timur,2019-11-12,45,3.59,False
2161272a-a99d-4854-bcf8-028b5578a625,Toko_01601,BRONZE,Kalimantan Timur,2018-05-02,304,3.47,False
04f11d10-6e1d-451e-960a-5bbbad2acee9,Toko_01602,GOLD,DKI Jakarta,2018-09-08,141,4.5,True
b2674ad8-c5a1-4bbe-b2fe-8267372cea5a,Toko_01603,SILVER,Jawa Barat,2019-02-01,113,4.04,True
6d4418df-39e5-442b-b4da-cd5974c05fc2,Toko_01604,SILVER,Bengkulu,2020-12-24,482,3.97,False
f9e2b6a0-e980-44a1-8767-d3c45b809252,Toko_01605,SILVER,Kalimantan Timur,2022-02-27,354,4.78,False
dd8b986e-9b8b-4523-8cbf-7f228f7461a5,Toko_01606,GOLD,Kalimantan Selatan,2022-06-21,198,4.22,False
14ed02d3-837b-4362-a790-5ee95b52d713,Toko_01607,GOLD,Jambi,2019-02-15,6,3.91,False
5e74973c-2db2-4037-bb35-7326c84d73a9,Toko_01608,SILVER,Yogyakarta,2019-07-23,18,4.2,False
95018365-8ad9-4d22-9c0d-26ac815a219d,Toko_01609,BRONZE,Maluku,2020-10-15,193,3.9,False
cb6cc428-f9d5-480d-88bf-496375d330d3,Toko_01610,GOLD,Sulawesi Tengah,2022-08-20,343,3.38,False
0334a168-02de-426c-97bf-bde9b691320a,Toko_01611,PLATINUM,Kepulauan Riau,2021-08-12,13,4.27,False
ee1da8f6-e6a0-42a2-81f3-7e388560bd60,Toko_01612,PLATINUM,Aceh,2021-08-26,352,3.89,False
00ae99f3-d9dd-4292-8157-c69e14891ab3,Toko_01613,BRONZE,Nusa Tenggara Barat,2018-11-30,183,3.86,False
ae2fc1a1-d382-4869-90b1-3e829f9a80b0,Toko_01614,PLATINUM,Papua,2019-02-16,380,3.77,False
023a2a10-caac-4071-b911-bb9d3268ac92,Toko_01615,SILVER,Bangka Belitung,2023-11-01,453,4.14,False
ef94b9b9-1377-4a00-b280-9cc1b37a5ab3,Toko_01616,SILVER,Banten,2023-08-02,412,3.17,False
4a35b57f-af63-4fca-97a0-3447737975d3,Toko_01617,PLATINUM,Bangka Belitung,2023-03-28,91,4.79,False
221bca2a-7276-4d89-9a8e-83c50854e3e6,Toko_01618,SILVER,Sulawesi Tenggara,2020-09-13,129,3.42,False
ae90dd6d-e8f0-4a6d-a13b-d3d1d62c04a9,Toko_01619,SILVER,Jawa Tengah,2019-03-09,227,4.99,True
e6900b2a-ee2d-4b7c-8acd-591f9ff4ee86,Toko_01620,GOLD,Kalimantan Timur,2022-04-20,397,3.56,False
923404ce-b064-4bbe-88aa-22f38fd554b9,Toko_01621,SILVER,Yogyakarta,2019-05-20,345,3.27,False
6640d159-b66b-485b-aa59-1cf5eb9e45a5,Toko_01622,SILVER,Jawa Tengah,2021-09-25,451,3.45,False
37ae2831-507a-4798-b1a4-b7bf488a88a6,Toko_01623,GOLD,Jawa Tengah,2021-11-06,198,4.82,False
aebad16f-46b1-489a-95b5-cfb0f11094ed,Toko_01624,SILVER,Nusa Tenggara Timur,2022-11-25,418,3.47,False
081f0c67-d7da-47f8-ba39-e2d6fd9a043e,Toko_01625,BRONZE,Jawa Timur,2019-01-01,179,4.48,False
cfddfbc3-cea0-49b1-91f0-3b725dcbfdc5,Toko_01626,SILVER,Jawa Timur,2022-02-15,70,4.71,False
83879e36-9a06-405c-9a0c-823f7ee878f3,Toko_01627,SILVER,DKI Jakarta,2021-06-27,36,4.18,False
45e96f2e-9149-4b3f-89c7-af028bc50c0d,Toko_01628,BRONZE,Kalimantan Tengah,2021-08-02,399,3.73,False
5d1c2887-1936-4472-bd2f-898a897e589b,Toko_01629,GOLD,Sulawesi Tengah,2020-06-28,59,3.79,False
3ff43009-3ff1-4ebe-b047-5eaba40d0c57,Toko_01630,SILVER,Banten,2021-04-30,433,3.44,False
0325447f-7d6c-4247-ac02-47e69fe38b93,Toko_01631,BRONZE,Lampung,2019-08-21,387,4.33,False
8b98381b-2db8-4ff5-ba85-7e2c2e47eeef,Toko_01632,SILVER,Nusa Tenggara Barat,2021-08-04,163,4.0,False
6a4fe752-264a-4588-92cc-c293a9403a17,Toko_01633,BRONZE,Bangka Belitung,2023-05-14,328,4.66,False
ea4df941-a006-4f90-b2e6-cef8fee8c2e1,Toko_01634,SILVER,Kalimantan Barat,2018-08-29,419,3.67,False
60e2c613-adc2-4111-b571-63ef66ee4324,Toko_01635,BRONZE,Aceh,2020-07-10,363,4.47,False
94de43ef-1117-49cc-92c6-0a0a6a6435ed,Toko_01636,GOLD,Bangka Belitung,2023-06-20,377,3.78,False
68b20f99-79b0-4114-8869-77b8ef520ed6,Toko_01637,SILVER,Bangka Belitung,2019-10-15,16,4.1,False
bf0748b0-14d6-4c35-ac0d-27ffecb7d6df,Toko_01638,SILVER,Kalimantan Selatan,2022-05-23,205,3.14,False
81b208ee-30e4-457d-a857-f28d2599d07e,Toko_01639,BRONZE,Gorontalo,2020-03-10,363,4.71,False
b3d696ab-7a90-434b-8b17-ecee80689098,Toko_01640,BRONZE,Bengkulu,2018-08-10,440,4.87,False
78930baa-596d-4be5-baf5-df6f1b5c17cc,Toko_01641,SILVER,Bali,2019-07-18,231,4.39,False
f099eca6-99ce-4d21-a64d-3f2d1631c4b4,Toko_01642,BRONZE,Sumatera Selatan,2020-03-12,381,4.3,False
7508cc9c-77b8-4826-aabd-c5668a50c74f,Toko_01643,GOLD,Jawa Timur,2019-08-28,197,4.9,False
89042362-9728-463e-bfe1-7752cd6692b2,Toko_01644,GOLD,Gorontalo,2018-08-19,54,3.71,False
5935e140-f2c5-4191-ac07-c79f97118e03,Toko_01645,PLATINUM,Jawa Timur,2023-10-13,337,3.68,False
59a48e21-76ac-4cc1-aca8-1d9012c6437d,Toko_01646,BRONZE,Aceh,2022-07-13,130,3.07,False
adaa0722-0944-4059-b39a-3bb6c9dd48ca,Toko_01647,SILVER,Maluku,2019-12-08,339,4.49,False
02385762-ca00-4960-9aec-989b1601ccdd,Toko_01648,PLATINUM,Papua,2019-01-03,403,3.93,False
f7054739-1707-4de8-a355-9a61e46d165a,Toko_01649,BRONZE,Nusa Tenggara Timur,2022-12-29,193,3.02,True
b89c03ac-5bfb-4439-abc3-6761393a5cda,Toko_01650,BRONZE,Nusa Tenggara Timur,2023-09-19,120,3.05,False
37581366-36e6-4205-b409-344449ff6bd3,Toko_01651,SILVER,Riau,2019-01-23,411,4.19,False
befbe8b0-2b31-4392-862e-bd72c85ebc74,Toko_01652,PLATINUM,Maluku,2022-11-12,157,4.14,True
43130f9c-d995-44ac-a9a6-6168481ec82d,Toko_01653,BRONZE,Gorontalo,2020-01-28,212,4.63,True
05682b5d-9b37-4385-8cd7-4d51034f4d47,Toko_01654,SILVER,Sulawesi Tenggara,2023-12-12,255,3.13,False
8a6ddb40-7f9f-448f-8fbb-1cd0083f58c1,Toko_01655,SILVER,Kepulauan Riau,2019-05-24,390,4.51,False
109e705c-59a6-4be0-9da0-890b434e7b60,Toko_01656,GOLD,Sumatera Utara,2020-01-08,7,4.11,False
a0d71e64-b689-4342-98ce-b579ebd4fd3c,Toko_01657,BRONZE,Banten,2020-04-24,339,3.32,False
4957864a-0e0e-4be4-bcba-3903916079ca,Toko_01658,GOLD,Jawa Barat,2018-12-13,68,4.01,False
af1c112e-d38c-4db3-9ade-ca4407139572,Toko_01659,SILVER,Kalimantan Tengah,2018-01-01,132,3.6,False
f4de63e2-ca7c-4373-8504-987a3bace1de,Toko_01660,SILVER,Jambi,2021-04-16,342,4.07,True
b07611f4-5e2c-4fed-bf26-becf8a253bad,Toko_01661,SILVER,Kalimantan Timur,2023-11-11,471,4.97,False
1f1b8502-c5a2-4289-9ae9-c8e95e5d047e,Toko_01662,SILVER,Sumatera Selatan,2019-02-10,344,4.64,False
07aab488-5d26-42b0-bb04-b2332340a574,Toko_01663,BRONZE,Lampung,2020-05-31,495,3.27,False
47677ab1-0e68-4d7d-96bf-2ae61af27ca3,Toko_01664,SILVER,Riau,2019-06-11,378,4.24,True
d459d2c9-52a1-4211-bb75-256707d00743,Toko_01665,BRONZE,Kalimantan Barat,2019-10-31,209,3.91,False
b74ff404-1aae-4798-b42e-a02c9c760dc3,Toko_01666,SILVER,Maluku,2019-08-10,279,3.41,False
48cd6639-dd54-40f4-81b8-7bdb1597f6ff,Toko_01667,BRONZE,Nusa Tenggara Timur,2020-02-29,370,3.74,False
8c481871-525e-4a16-a154-2ede668ac4ba,Toko_01668,GOLD,Nusa Tenggara Barat,2019-11-03,219,4.64,False
35eb1829-6226-4613-a1e8-d9c3f4200750,Toko_01669,GOLD,Kalimantan Barat,2018-04-17,498,4.21,True
8900baa9-1e06-43e9-9be4-15d820197eb1,Toko_01670,BRONZE,Jawa Timur,2022-07-25,38,3.66,True
b6b2ebc7-d035-492b-bb17-c04976e9fa6a,Toko_01671,GOLD,Bengkulu,2021-01-24,79,4.74,False
8e478140-ef59-403f-ad67-e01b72d73126,Toko_01672,BRONZE,Kalimantan Barat,2020-06-29,198,4.9,False
aa14ba2b-1747-4517-b8d7-23d05ca18b66,Toko_01673,BRONZE,Sulawesi Tengah,2021-06-09,306,4.64,False
f52317f7-9f17-45f1-8d90-9d276d87c356,Toko_01674,SILVER,Maluku,2021-03-01,287,3.54,True
09203a26-810c-447a-9992-83979d9e56f3,Toko_01675,BRONZE,Kalimantan Timur,2022-05-15,97,3.69,False
72a9eb5f-1076-466e-85fd-ac0e199cc6e5,Toko_01676,PLATINUM,Sulawesi Tenggara,2022-07-08,249,4.18,False
fdb695c7-aaab-438b-89b1-d7bd229e2908,Toko_01677,SILVER,Maluku,2019-09-29,341,3.25,False
b01bda5d-c162-4d23-912f-b9d8fbe00779,Toko_01678,SILVER,Jawa Barat,2022-02-25,367,4.56,False
48474aad-1592-4345-b1d2-b16c69b52640,Toko_01679,BRONZE,Sulawesi Selatan,2020-01-20,229,4.97,False
bbcc3e03-6b4a-43cf-95f5-d81fb407aa43,Toko_01680,SILVER,Riau,2022-10-19,271,4.88,False
182c0e0a-54d0-4d2b-b707-88c1aa3f1685,Toko_01681,GOLD,Lampung,2018-12-23,490,3.61,False
3ca0020a-7f79-400d-afd2-232e1ef5bbd6,Toko_01682,GOLD,Nusa Tenggara Timur,2018-11-22,44,4.46,False
c8d26d1a-61cd-4357-ac54-0b186216318a,Toko_01683,BRONZE,Jawa Barat,2018-12-13,385,3.57,False
83660b30-f769-4a9a-ac98-9ebc7fe109f5,Toko_01684,GOLD,DKI Jakarta,2022-10-03,351,4.02,False
c69227df-fa57-4e93-9f12-a62c0ee2501b,Toko_01685,SILVER,Sulawesi Tengah,2023-12-21,362,3.25,True
bacacc45-136d-4c45-b3e5-f53fecdaff5a,Toko_01686,BRONZE,Kepulauan Riau,2018-01-30,370,3.85,False
5d6bad60-1c46-48e5-a99f-6c2fbbe83041,Toko_01687,BRONZE,Aceh,2023-12-04,355,4.22,False
4b03cea3-d20d-4ebb-b8b2-80b4be3ae6e2,Toko_01688,PLATINUM,Papua,2023-11-15,467,3.45,True
5a79baee-6be0-4024-946c-b14a8ec143bb,Toko_01689,GOLD,Sulawesi Tengah,2021-12-18,492,3.1,False
eb7b38a6-6d2f-4eba-98da-f676bf082892,Toko_01690,BRONZE,Jawa Timur,2021-10-16,472,4.36,False
3d83dac8-820a-4a05-b7d0-4416e686f266,Toko_01691,GOLD,Bangka Belitung,2019-04-28,153,3.6,False
158d67e8-7867-42b6-9944-6e41f3173d4c,Toko_01692,BRONZE,Aceh,2022-06-01,116,4.85,False
8d9216dc-9ba5-4012-b561-8cb6259bf08c,Toko_01693,PLATINUM,Sulawesi Tengah,2018-05-26,483,3.93,False
c16f87f6-743a-4261-a121-be774c1e7d40,Toko_01694,SILVER,Kalimantan Selatan,2018-01-25,320,3.92,False
09073a8a-907e-4bda-b5b7-01cee76b7e9b,Toko_01695,BRONZE,Kalimantan Selatan,2020-02-02,210,3.71,True
754b1583-3344-4c08-afd2-5456ed1e8faa,Toko_01696,SILVER,Jawa Tengah,2023-12-08,268,4.8,False
f7f6364f-5e34-461b-b5b1-2fe8a10d5b0f,Toko_01697,GOLD,DKI Jakarta,2019-09-30,398,4.31,False
79d3b32f-6720-4496-ade5-e20c5c5a0b93,Toko_01698,BRONZE,Lampung,2022-02-01,224,4.78,False
84d900c3-3614-45f0-9dcf-eb6fe539c781,Toko_01699,BRONZE,Sulawesi Selatan,2022-12-05,87,3.28,False
e1bcee10-3df4-46e6-a8fb-8ec416f21d4c,Toko_01700,BRONZE,Yogyakarta,2020-03-23,61,3.38,True
3b7f2996-f2e8-4363-afdf-57c18e212cf2,Toko_01701,BRONZE,Aceh,2021-09-18,466,3.06,False
7fa43bf8-f404-495f-86f4-e50f130a2d1c,Toko_01702,PLATINUM,Papua,2020-12-24,65,3.84,False
719b2328-0101-4f67-b233-37e85d8dc7cf,Toko_01703,GOLD,Maluku,2019-06-06,171,4.5,False
403ac6d1-7486-4eb8-ac55-97f6f752d163,Toko_01704,BRONZE,Aceh,2022-05-12,72,3.22,True
c1afb119-ccd0-4415-9968-be08a0cd23e8,Toko_01705,BRONZE,Banten,2021-11-10,261,3.03,False
eb413d99-cbb6-408e-abe9-f9b1e6ddc460,Toko_01706,BRONZE,Kepulauan Riau,2021-11-02,224,4.95,False
d760c6e3-a855-421a-a608-c4cd38b2471f,Toko_01707,BRONZE,Lampung,2021-03-01,253,3.17,False
4cf069e4-4b3e-4739-bcd2-e92c923178ae,Toko_01708,SILVER,Aceh,2023-09-26,100,3.5,False
6882d87c-f3fd-4ede-b6a5-90237473f9de,Toko_01709,GOLD,Maluku,2020-10-10,346,4.64,False
f3c3a2ba-51a9-45f2-bafe-7010ba2eaf22,Toko_01710,SILVER,Jambi,2019-02-27,363,4.46,False
a4388492-f116-46d2-aa28-2db2be5cff74,Toko_01711,BRONZE,Bangka Belitung,2019-09-02,122,3.24,False
4b8f0caf-3ab6-4fdb-8c8b-e1cfa1909a09,Toko_01712,BRONZE,Sumatera Selatan,2019-08-22,223,3.04,False
35919cd7-0b2b-4677-b70a-0653e72e28ae,Toko_01713,GOLD,Kalimantan Barat,2022-07-27,273,3.61,False
3eb6459a-3a74-4ad3-8ad9-4f6505e4b408,Toko_01714,BRONZE,Kalimantan Timur,2022-10-12,250,3.12,False
c64562e0-24e7-46bd-b708-9081a3feab0f,Toko_01715,BRONZE,Jawa Timur,2021-01-07,191,3.56,False
cfbba4b4-150e-483f-aec4-44b1b2ffb85f,Toko_01716,BRONZE,Kalimantan Timur,2018-07-14,98,3.08,True
901a1d35-b83b-4fc3-aa11-435ae6806ffa,Toko_01717,SILVER,Sumatera Selatan,2021-03-14,246,3.56,False
af93a31f-37e3-4aa4-984f-b2b5cd94c66f,Toko_01718,BRONZE,Riau,2023-07-06,191,3.67,True
878b9570-b8ba-4465-853b-5cad91976e56,Toko_01719,SILVER,Papua,2019-06-18,174,3.72,False
5ed25eff-9d3e-44f2-89dc-8687403b5401,Toko_01720,SILVER,Bali,2023-12-07,314,3.74,False
9a66a7dc-c817-4228-b12a-9b37d7cdeccf,Toko_01721,BRONZE,Kalimantan Barat,2018-12-24,459,3.21,False
144e86da-88f2-4dc7-8602-c97b420eaa5a,Toko_01722,SILVER,Jawa Barat,2020-02-20,103,4.41,False
f72e9409-91d6-46f9-bb44-e3fd8f22f362,Toko_01723,BRONZE,Sulawesi Tenggara,2021-11-05,159,4.45,False
c14bcdd6-6a14-4513-bff4-d655e4bae594,Toko_01724,BRONZE,Aceh,2019-09-22,27,3.26,False
e0d7b36c-b434-4a93-b80d-ab71773997c4,Toko_01725,SILVER,Yogyakarta,2021-11-23,463,3.73,False
da205b72-3a00-4f07-ab88-0bc19f973e8c,Toko_01726,BRONZE,Kalimantan Tengah,2018-10-05,252,3.84,False
2d4983f3-f2c3-4597-876a-95c60ba4d5f2,Toko_01727,SILVER,DKI Jakarta,2019-11-15,311,3.55,False
695593a3-3c45-4816-96c8-a308a81a49d2,Toko_01728,BRONZE,Bali,2018-09-07,411,4.94,False
2dbba151-115a-4b8b-9a24-b2e64a0b59e7,Toko_01729,GOLD,Sulawesi Utara,2023-12-21,450,4.03,True
425c6719-3965-403b-85f8-5275980c5bcc,Toko_01730,BRONZE,Sulawesi Tengah,2022-04-23,292,4.56,False
e65ab5fc-4238-48d2-b41c-e3e52cc81e75,Toko_01731,BRONZE,Sumatera Utara,2018-01-15,86,4.14,False
c9ac2b4c-c3c2-4ac6-aad3-c35aa14b9726,Toko_01732,BRONZE,Gorontalo,2023-10-02,238,4.01,False
d1d83107-4039-482e-b5a0-fb2c177153a8,Toko_01733,BRONZE,Bangka Belitung,2020-06-21,156,4.42,False
0ebb1780-8cd9-446f-b4b7-c8a906c6fbc5,Toko_01734,BRONZE,Jawa Barat,2023-12-26,126,3.58,False
dc17d63d-34dc-403f-be5b-37d3bbb3d5db,Toko_01735,PLATINUM,Riau,2019-06-29,143,4.75,True
4e8ae782-214b-4b5a-9e68-1a55ecbde205,Toko_01736,PLATINUM,Kepulauan Riau,2020-05-10,278,3.23,False
13ec9407-2467-45ba-9c4f-c2d1a2c5f072,Toko_01737,SILVER,Kalimantan Selatan,2021-08-22,47,4.89,False
d4e55e14-b4ab-4186-91c9-21fa9570e42c,Toko_01738,BRONZE,Banten,2022-07-31,464,4.22,False
cb799276-335b-4320-b395-6d5f11da3484,Toko_01739,BRONZE,Kepulauan Riau,2018-02-12,426,3.71,False
633eab74-ba7f-4265-acde-db9a32e343f3,Toko_01740,BRONZE,Riau,2018-03-06,280,4.31,False
58e4552b-de1c-4dfc-a774-9e8333a855b0,Toko_01741,PLATINUM,Bali,2019-03-12,374,4.49,False
e9b8c241-167c-444f-ae5e-a8e8fe167916,Toko_01742,SILVER,Bangka Belitung,2020-04-24,423,3.88,False
8765a3d5-7deb-481c-9e51-24de3e459b4a,Toko_01743,BRONZE,Nusa Tenggara Timur,2022-06-08,84,3.89,False
49e8dd0b-2887-4c5e-b25f-f6b006a9fb53,Toko_01744,BRONZE,Banten,2023-05-17,52,3.99,False
4e0f2818-d127-4c80-a30c-ca6080d9e88d,Toko_01745,GOLD,Sumatera Utara,2020-02-13,296,3.98,False
c821980c-7a8b-45b2-b1e2-7822543cb6cd,Toko_01746,SILVER,DKI Jakarta,2021-06-24,88,4.77,False
bbd111e7-5c08-4ad8-8e85-c050683eb3f7,Toko_01747,SILVER,Sumatera Selatan,2018-10-12,78,3.14,False
3018e801-23df-4a9d-b606-f1e6457f4af9,Toko_01748,GOLD,Kalimantan Barat,2019-02-15,375,4.05,False
975177f6-ad3f-467d-880b-1c0e4a3358f3,Toko_01749,GOLD,Nusa Tenggara Barat,2019-02-13,198,3.77,True
9d2b3ccf-f426-4802-ad14-33cc5371e1ff,Toko_01750,BRONZE,Kepulauan Riau,2018-06-29,72,3.5,True
0cd7f682-b436-468b-9227-12eb925c19b5,Toko_01751,BRONZE,Nusa Tenggara Timur,2018-02-25,410,4.93,False
5afe3653-9e2c-4886-91f3-f9a53171b98a,Toko_01752,BRONZE,Aceh,2021-10-18,441,4.41,False
be262c15-d5c4-4d59-b717-77939f6388ac,Toko_01753,SILVER,Bali,2022-12-25,422,3.33,False
9a7294df-bc5e-49ea-aace-5facfe5cb417,Toko_01754,BRONZE,Jawa Barat,2020-12-31,326,4.09,True
73fce349-b0b1-4dfd-8e7f-cc761ea7ebed,Toko_01755,BRONZE,Sulawesi Tenggara,2021-04-30,57,4.02,False
44e7349d-70df-43d6-b6e2-737eb6982024,Toko_01756,BRONZE,Gorontalo,2020-07-07,17,3.45,False
20f0f21e-cf43-4a3f-b873-6dc60816e467,Toko_01757,BRONZE,Lampung,2020-07-14,476,4.76,False
1a6bac01-6b7e-4a70-afd9-ae6bb8ef8303,Toko_01758,GOLD,Kepulauan Riau,2019-04-06,256,3.34,True
05bed27b-1d98-4c1b-939f-be70ae2b0ef0,Toko_01759,BRONZE,Lampung,2022-01-03,44,4.23,True
1780f780-ce7b-40b0-94de-66b4d2ce1db3,Toko_01760,GOLD,Gorontalo,2018-12-14,463,3.09,False
cda116f6-0a02-4f4c-8eb0-a36f09da8301,Toko_01761,BRONZE,Kalimantan Timur,2020-01-13,352,3.85,False
13eaa94a-660f-4f60-96d4-c5f02a9d5c47,Toko_01762,SILVER,Nusa Tenggara Barat,2021-03-21,183,4.75,False
ba3c16da-965d-4680-96ca-9f1540248b0c,Toko_01763,SILVER,Kalimantan Selatan,2020-12-23,420,4.81,False
3767ba15-0f36-462b-8119-8a70d96558e7,Toko_01764,GOLD,Bangka Belitung,2019-09-01,403,4.31,False
e5126a36-bbd4-43c0-bd0c-ef93addbccac,Toko_01765,BRONZE,Aceh,2023-05-14,422,3.13,False
ff6a05ab-3ce3-42a1-81e7-df0d0f5138e1,Toko_01766,PLATINUM,Riau,2019-08-16,51,3.65,True
ab82bc52-b5d3-49c1-9b91-5ab48c8de4a5,Toko_01767,GOLD,Kalimantan Selatan,2021-07-31,258,3.85,False
6c872f35-52dd-4d82-ae12-f63128d1f7de,Toko_01768,BRONZE,Jambi,2021-09-27,75,4.6,False
6c018cb7-d131-45e9-ba85-38ac644380c1,Toko_01769,BRONZE,Kalimantan Tengah,2023-07-30,280,4.07,False
0fe795f6-6127-4e4d-95f7-223404dbb394,Toko_01770,GOLD,Kalimantan Barat,2018-12-09,302,4.43,False
645dd231-78ec-416d-8f46-981bf4b0ddaf,Toko_01771,GOLD,Jambi,2020-06-17,364,3.17,False
ffa87171-c725-4d56-839d-f7d1cfba1cf6,Toko_01772,BRONZE,Bangka Belitung,2018-03-12,190,4.12,False
a050681f-c802-4cc9-939f-176e020b2126,Toko_01773,GOLD,Jawa Barat,2021-12-01,189,4.7,False
d9fcb910-a90c-41d9-9f24-e85f83e46a71,Toko_01774,GOLD,Lampung,2023-03-01,78,4.67,False
823d7872-9fd8-4bb3-bc5f-67cbc9a5d005,Toko_01775,PLATINUM,Kalimantan Tengah,2020-09-20,112,4.66,True
52d58a0d-8c70-4ad7-b886-46f98e685620,Toko_01776,BRONZE,Maluku,2019-08-10,198,4.47,False
6d9e5688-68f9-4417-a59d-a0f8c5b42b0d,Toko_01777,BRONZE,Jawa Barat,2019-03-11,344,4.16,False
972ebd80-e874-4648-b601-04fcf85bdda8,Toko_01778,SILVER,Sumatera Utara,2018-05-04,80,3.73,True
3fa82189-33cc-4408-8f5d-99782e466ef9,Toko_01779,BRONZE,Bali,2022-09-02,81,4.53,False
5d0a5093-f6ef-4532-b91e-72c796985538,Toko_01780,BRONZE,Sulawesi Tengah,2021-05-11,245,3.82,False
c96541be-0344-40ed-a270-17d75f295057,Toko_01781,GOLD,Maluku,2018-02-24,151,3.22,True
5c0020ea-1093-484e-b1b6-c2e9a9b58f75,Toko_01782,SILVER,Nusa Tenggara Barat,2019-12-12,262,3.32,False
3a6415d7-8dec-439b-bd99-50ade6ddc3a0,Toko_01783,BRONZE,Yogyakarta,2023-02-04,288,4.42,False
ece36a47-d97c-45c5-9de1-404a282008df,Toko_01784,SILVER,Lampung,2020-07-20,221,4.86,False
4eb3bebe-ad74-4058-bd6d-da5e8bfef25b,Toko_01785,BRONZE,Kalimantan Barat,2019-05-28,385,3.42,False
769dfac4-94ff-4f66-8f14-d80a37ba9b32,Toko_01786,BRONZE,Sumatera Utara,2018-11-13,423,4.38,False
a95c8cc7-25ad-400b-ab40-40c2dbbde148,Toko_01787,SILVER,Kalimantan Barat,2022-04-08,89,3.11,False
35acbb38-35d0-4e72-b69c-284c50a4718c,Toko_01788,BRONZE,Riau,2019-03-21,58,3.16,False
6025dada-0832-4167-bd75-5fc1951909ae,Toko_01789,GOLD,DKI Jakarta,2020-09-08,149,3.33,True
6a80d2f0-163f-467f-a94e-52d640fbdf06,Toko_01790,BRONZE,DKI Jakarta,2021-06-20,101,4.1,False
9b90ff9d-f9db-4e3e-896b-80a9fcf79114,Toko_01791,BRONZE,Riau,2018-12-15,296,4.13,False
0bf1f560-b77c-454b-b3be-a869bcfb0ed8,Toko_01792,GOLD,Jawa Barat,2018-07-16,166,3.19,False
42cf8862-673c-4986-9e8b-9c2c033df81a,Toko_01793,PLATINUM,Bengkulu,2021-03-02,495,3.8,False
b87c5f23-0ca3-49f5-8286-de110edded0a,Toko_01794,GOLD,Aceh,2021-12-28,71,4.41,True
5a5b06fa-9896-4c60-82b7-d052908cffc5,Toko_01795,BRONZE,Aceh,2023-08-25,56,4.0,False
94c5853f-dcc0-4cb5-bee4-6b90f8657ee2,Toko_01796,BRONZE,Jambi,2022-04-15,249,4.17,False
8026dd66-736c-42bc-bf7e-f2d8cd10c3d9,Toko_01797,BRONZE,Banten,2023-03-12,45,4.77,True
6ff980cc-1376-4ad2-bf12-91c07a9e7187,Toko_01798,SILVER,Yogyakarta,2020-06-02,418,4.36,True
99304016-3f71-4222-8dd9-da53883c1f78,Toko_01799,SILVER,Sulawesi Tengah,2023-10-16,378,4.22,False
a38e450a-d71e-4d26-958c-bc204bf4d20a,Toko_01800,GOLD,Sulawesi Selatan,2019-06-22,178,3.58,False
b81957ef-97fc-4e58-aadd-6f179f00dc24,Toko_01801,PLATINUM,Jawa Barat,2022-05-07,127,3.42,False
c742bf16-558b-4544-b7b5-6419931f7599,Toko_01802,BRONZE,Banten,2023-07-31,54,4.61,True
07107872-2c15-4544-867d-ae4c97238726,Toko_01803,GOLD,Sulawesi Tenggara,2018-12-24,260,3.19,False
66f319e9-3878-4acb-8f4d-d52ab8f30b38,Toko_01804,PLATINUM,Sumatera Utara,2018-10-07,148,4.15,False
5a2f33ae-e57f-42fe-8648-f35e1dd9d99c,Toko_01805,BRONZE,Maluku,2023-03-03,137,4.97,False
e6651400-1523-4ddc-8c9d-e4b60231c5d3,Toko_01806,GOLD,Sulawesi Selatan,2019-07-30,486,3.25,False
7437acbc-bc88-4445-b4a7-b929c3ab0726,Toko_01807,BRONZE,Bangka Belitung,2021-03-20,210,3.82,False
0f0e0795-3788-4dc7-b4fb-0da46e52b06f,Toko_01808,SILVER,Sulawesi Selatan,2022-02-11,267,4.69,False
33efee87-1d12-4d46-a3ef-7acdb9b207ca,Toko_01809,BRONZE,Papua,2022-08-20,264,3.9,False
36e15a04-b44f-43bd-972a-add2dd460c25,Toko_01810,PLATINUM,Jawa Barat,2018-08-22,384,4.58,False
107d0ab9-1876-4081-b423-3027747a1184,Toko_01811,SILVER,Banten,2019-03-08,153,3.75,False
3e570a39-8075-44ae-83e9-9d2edc4103ac,Toko_01812,GOLD,Sumatera Barat,2022-05-10,452,3.92,True
38d92cf0-8b38-4806-9f4a-d08938366e92,Toko_01813,SILVER,Nusa Tenggara Timur,2023-03-20,60,3.17,False
84fc1d31-4e36-4565-be7e-fcdda903a990,Toko_01814,GOLD,Gorontalo,2022-06-14,398,3.87,False
8fc02842-6a6d-49b8-9ad0-d4cd3a7f2daa,Toko_01815,BRONZE,Kalimantan Timur,2023-06-15,113,4.4,False
9bba24a2-e609-49dc-9a0e-e4acad90e7e1,Toko_01816,BRONZE,Jawa Barat,2019-09-30,490,3.94,False
a77e6e6f-475d-48fa-8a17-86003c77f2c7,Toko_01817,BRONZE,Jawa Barat,2022-04-07,36,4.87,False
f15bd7a9-8468-41d8-a2b3-f89b4205e0b7,Toko_01818,BRONZE,Sulawesi Utara,2020-05-24,32,3.42,True
d46cae7a-7f3e-459a-bae5-d3ba621feba4,Toko_01819,GOLD,Kalimantan Tengah,2021-01-10,134,4.27,True
c62205f0-56d9-415b-8df3-1e9ca3a968b0,Toko_01820,BRONZE,Kalimantan Barat,2018-12-01,157,4.75,False
8a99397c-defe-41cc-8bed-75af6ad18a97,Toko_01821,BRONZE,Sumatera Selatan,2020-11-28,99,4.66,True
00868e1e-99a2-4346-b50f-432ae4a740ef,Toko_01822,GOLD,Kalimantan Timur,2021-05-01,89,3.4,False
b4ee0b38-fee9-4ca9-b99b-ec6916cffc3d,Toko_01823,SILVER,Sulawesi Tenggara,2019-10-21,499,4.39,False
9df93f1d-7128-4cc8-83d2-c0006b629974,Toko_01824,SILVER,Kalimantan Barat,2018-02-10,292,4.57,False
a555b770-8169-4034-9ef9-b4791b89306f,Toko_01825,BRONZE,Papua,2019-08-16,170,4.33,False
c6bab628-47e1-4d04-aa01-8b4c984142b6,Toko_01826,SILVER,Kepulauan Riau,2021-07-20,12,3.3,False
4dacbca7-eb47-406b-ad7e-1de6f6b8d861,Toko_01827,BRONZE,Bangka Belitung,2021-07-20,63,4.58,False
abadcebe-ea2a-469e-8ef6-0eef3509ed0a,Toko_01828,BRONZE,Aceh,2018-01-16,235,4.89,False
f6134d58-1d4e-4673-8d95-f4429a9f2727,Toko_01829,SILVER,Nusa Tenggara Timur,2019-02-04,23,3.44,False
724d2459-b2c2-4da5-a979-829e950c5863,Toko_01830,BRONZE,Sulawesi Tenggara,2019-11-12,312,3.76,False
0c8f2aac-8c07-460f-972f-412346e82604,Toko_01831,PLATINUM,Papua,2018-02-28,194,4.63,True
aa949b6e-2220-4d1d-b234-d975de95d883,Toko_01832,GOLD,Sulawesi Tengah,2019-05-26,363,4.0,False
13fd0858-9f67-4b0c-9c2e-40a527468346,Toko_01833,BRONZE,Kalimantan Selatan,2021-12-13,429,4.08,False
e6c23351-08ca-496f-a47b-0580016491d5,Toko_01834,GOLD,Jawa Timur,2019-12-22,239,3.86,False
47c8fd91-366f-482f-a19a-b756a0b15dfd,Toko_01835,SILVER,Sulawesi Tenggara,2022-11-21,200,3.57,False
9ece0340-b25d-4445-873b-131c0e53d1cc,Toko_01836,SILVER,Nusa Tenggara Timur,2021-03-06,364,4.24,False
6d895cb6-0ed8-447e-9e4c-36b8d82f68d6,Toko_01837,GOLD,Jawa Tengah,2019-03-02,50,4.3,False
8461b998-3b63-4432-8617-f3bc02dfa253,Toko_01838,BRONZE,Sulawesi Utara,2019-02-13,329,3.89,False
197b833d-1630-45bb-ab0c-45a038c18d31,Toko_01839,BRONZE,Lampung,2022-09-19,113,3.45,False
20ba1c9f-8381-4482-9683-34cdf14f7e23,Toko_01840,BRONZE,Sumatera Selatan,2023-04-08,491,3.25,False
28ce2315-785b-48b2-95fa-9ce763ca2186,Toko_01841,GOLD,Kalimantan Tengah,2022-06-10,8,4.88,False
f7a8b078-5a8a-4c9d-acef-cfd739e0968f,Toko_01842,SILVER,Riau,2020-12-19,162,4.68,False
7ca47be6-b017-4f28-9038-5329e6368d9a,Toko_01843,BRONZE,Sumatera Barat,2018-01-18,465,4.82,True
384dd5f7-a0e4-497c-afee-61ce59391c70,Toko_01844,BRONZE,Jambi,2022-03-14,435,4.63,False
58a36c67-9d83-4b76-ab27-6ecd09e6a9e9,Toko_01845,SILVER,Kalimantan Timur,2019-11-30,496,4.14,False
2be0dd7c-3144-4207-b488-0b374edee123,Toko_01846,SILVER,Kalimantan Barat,2020-02-29,320,4.29,False
ebba18f8-a9f9-42c0-9731-55541df4ea49,Toko_01847,GOLD,Bali,2022-10-24,70,4.88,False
77b7b5b9-5bd7-4179-aa31-d9c97b7e8d50,Toko_01848,SILVER,Kalimantan Barat,2021-07-27,269,3.32,False
a580d610-7a88-407d-a190-14f6bb6e111e,Toko_01849,SILVER,Banten,2023-08-28,65,4.26,False
e919668c-11d8-4e17-b454-d5ea4cdf397d,Toko_01850,GOLD,Nusa Tenggara Timur,2020-12-01,433,4.11,False
5f438165-fadf-4b94-8cff-b43dad519697,Toko_01851,BRONZE,Jawa Tengah,2018-04-16,228,3.02,False
6468c211-f04f-4050-b6b6-278f7ffe6f2a,Toko_01852,BRONZE,Nusa Tenggara Barat,2018-11-19,297,3.76,False
b0635c84-0f78-411c-9f1e-a7b82a248839,Toko_01853,BRONZE,Sulawesi Selatan,2022-01-06,100,3.48,False
681bf6a5-957e-4139-a790-5a7fe56f26db,Toko_01854,BRONZE,Sulawesi Tenggara,2020-10-01,376,4.56,False
9fb06726-9a42-418c-bb38-93642d84ac50,Toko_01855,GOLD,Papua,2018-07-31,145,3.17,True
8cb2cd49-1db3-4f2b-a63f-af73bfe011b4,Toko_01856,BRONZE,Bali,2019-02-28,61,3.92,False
f9e5cba3-e061-4c2a-86a9-9043f511ad79,Toko_01857,BRONZE,Lampung,2020-12-09,463,3.36,True
1360f9f8-e891-4bb0-beb4-5a6c7c89d6da,Toko_01858,GOLD,Gorontalo,2020-05-01,205,3.2,False
19ce8335-0792-4689-b1fc-9a314c0e3284,Toko_01859,BRONZE,Sulawesi Utara,2018-11-09,112,4.37,False
5ac96e63-05fe-4f8f-9a29-4794b33a7624,Toko_01860,BRONZE,Gorontalo,2023-01-21,418,3.32,False
95afaa21-14a3-4781-abed-ee842f66443a,Toko_01861,GOLD,Papua,2018-05-09,65,4.95,False
de189da8-dfc9-43bd-bca4-5418006be4da,Toko_01862,SILVER,Nusa Tenggara Barat,2018-01-21,86,4.04,False
0e05b18a-e9b1-4cfb-9f45-de808178c222,Toko_01863,BRONZE,Nusa Tenggara Barat,2018-05-02,279,3.05,False
7b460daf-80fb-4bc0-a0fb-f4d30143b8be,Toko_01864,BRONZE,Bangka Belitung,2022-02-03,63,4.8,True
faf08cb5-13c7-4cab-a7a7-7892d19689cf,Toko_01865,BRONZE,Jawa Tengah,2019-06-03,142,3.55,False
778f5240-4eb7-4f96-9f70-a6957964e581,Toko_01866,BRONZE,Maluku,2021-04-20,244,4.49,False
84f58671-3a01-47ea-a485-ce41d9201822,Toko_01867,SILVER,Kalimantan Barat,2020-03-01,133,3.35,False
671d0ae8-072f-4fc7-9856-281082385b40,Toko_01868,GOLD,Riau,2022-05-29,57,4.17,False
8202ba00-1524-4335-bfd4-3a59d8e95f7f,Toko_01869,BRONZE,Jambi,2020-04-23,493,4.44,False
046e5d32-024f-464d-8dca-605ce579ca22,Toko_01870,BRONZE,Nusa Tenggara Barat,2021-01-17,422,3.64,True
f8ab7b42-cd49-4e81-93a9-039084fcaccf,Toko_01871,BRONZE,Sumatera Selatan,2021-12-16,196,4.8,False
1e8d6d14-fa9e-40d9-89ca-3a11e4ec7291,Toko_01872,BRONZE,Yogyakarta,2018-05-19,495,4.02,False
4a1a2ab7-ace6-4677-8a53-6c8c1097c9aa,Toko_01873,BRONZE,Kepulauan Riau,2023-12-13,185,3.8,True
98a04834-5642-45eb-ad3b-60ab6e4821a7,Toko_01874,GOLD,Kalimantan Tengah,2020-02-01,188,3.49,False
7e4332bb-c108-4877-b5cc-972df0cfa2a3,Toko_01875,BRONZE,Banten,2021-07-11,67,3.02,False
d65c7e3e-3846-410f-8669-8672b617e606,Toko_01876,SILVER,Sumatera Selatan,2023-03-22,295,4.59,False
c1781361-3b04-4d83-a351-f3d5a4bed3de,Toko_01877,SILVER,Kalimantan Barat,2021-03-07,313,3.42,False
0b99a904-dc9a-4ce2-822b-40ffb2252857,Toko_01878,SILVER,Maluku,2018-11-03,298,4.79,False
e756653a-c51a-4402-8fec-c65faab6bbff,Toko_01879,GOLD,Kalimantan Timur,2021-08-04,106,3.39,False
f582de86-9acb-4895-8fde-8842006b92d3,Toko_01880,SILVER,Riau,2022-09-22,66,3.25,False
32bab812-f8ba-4734-abc8-2831e3bab414,Toko_01881,BRONZE,Kalimantan Barat,2020-08-26,300,3.04,True
5db84aaf-373f-4752-b962-a17677c98552,Toko_01882,GOLD,Bali,2018-01-20,471,3.92,True
435acd70-b1d6-48a4-bc19-98d8587da585,Toko_01883,PLATINUM,Jawa Barat,2023-12-26,475,4.06,False
80cd9dd3-1489-47f9-82ac-70fe6a991ccc,Toko_01884,BRONZE,Sulawesi Utara,2019-01-25,429,4.61,False
02be08d5-0e90-42cb-ab88-c52b258e7fa7,Toko_01885,BRONZE,Bengkulu,2021-11-17,209,3.16,False
937e035d-0fec-4212-b581-75eb3c8050a0,Toko_01886,SILVER,Jawa Barat,2022-05-31,157,4.39,False
ba25d894-2c43-49af-bc71-739a26a2e436,Toko_01887,GOLD,Gorontalo,2019-05-13,436,3.75,False
56ee9176-74cf-43c5-8dc2-1978918aa084,Toko_01888,BRONZE,Jawa Barat,2018-02-12,76,3.21,False
dcb392a0-70f3-4cfa-8694-b1297700836b,Toko_01889,SILVER,Kalimantan Tengah,2020-07-16,92,3.18,False
5e818fe5-ed7a-42a0-9111-4aa8c3178be2,Toko_01890,GOLD,Kepulauan Riau,2018-01-21,483,4.38,True
2e3c4eaa-af1e-47ad-984b-3a50c0a2ff4e,Toko_01891,GOLD,Jawa Barat,2019-03-30,29,4.89,True
d8636b22-c6d4-4ae1-b946-20632c6110a2,Toko_01892,BRONZE,Nusa Tenggara Barat,2022-04-04,143,4.4,False
fcdacfbb-56ac-4252-a53c-905fb8c0f1fb,Toko_01893,SILVER,Jawa Timur,2019-06-02,168,4.72,False
e8c53bc3-c75e-4b77-8b19-98aedb0f6419,Toko_01894,GOLD,Yogyakarta,2022-08-20,331,3.89,True
3fef2120-698a-4be7-a59b-4765b51bbc8e,Toko_01895,SILVER,Bali,2023-05-12,343,3.98,False
d808820f-2c2a-4017-aa3d-b8780d97aafc,Toko_01896,GOLD,Sulawesi Utara,2020-07-14,52,3.53,False
3c27bb06-4be1-4d18-9f93-a67e887bb2e8,Toko_01897,BRONZE,Sulawesi Tenggara,2020-09-19,342,4.29,False
efa99d48-1f55-4b1e-8975-bfe98dad0cab,Toko_01898,SILVER,Jawa Tengah,2023-07-19,35,3.42,False
60f663a1-facf-409e-8faa-89649d07f7cf,Toko_01899,SILVER,Kalimantan Barat,2020-02-09,254,3.21,False
212fee3a-d5c0-4e48-9aa6-980b461dca69,Toko_01900,SILVER,Sulawesi Tengah,2023-10-07,444,3.63,False
71a1a825-d56a-4022-ba6f-e5296fe9f65a,Toko_01901,SILVER,Nusa Tenggara Timur,2019-09-23,439,4.01,False
20001be7-06a3-49bd-b542-0b3653b62f6d,Toko_01902,BRONZE,Kalimantan Selatan,2022-04-29,236,4.74,False
4e7dd336-eec3-428c-8050-9bca8c7dcd20,Toko_01903,GOLD,Sumatera Selatan,2018-10-09,147,3.85,False
1e70afcb-1734-423a-b463-db4263e67cbf,Toko_01904,PLATINUM,Bali,2019-02-23,80,3.92,True
7a118271-7cbb-4900-a996-788ff6550b2e,Toko_01905,BRONZE,DKI Jakarta,2023-03-03,100,3.53,False
f4dfffb0-b69c-49ee-bbec-b4b18a1223f7,Toko_01906,SILVER,Kalimantan Selatan,2020-12-23,65,4.85,True
1534fe50-f9f5-4efb-88e5-65903ab450b3,Toko_01907,BRONZE,Banten,2022-06-14,262,3.86,False
d20cab77-d413-4d64-8f04-4cf4b97c70fb,Toko_01908,BRONZE,Kalimantan Selatan,2019-02-05,30,4.3,False
f8df449a-a028-496e-8443-a4e51daaaa80,Toko_01909,BRONZE,Lampung,2020-02-15,211,3.35,False
9e4df284-a5f1-48c6-ae0b-a1f0c0c1af12,Toko_01910,SILVER,Sulawesi Tengah,2022-11-11,60,4.36,False
22060d54-7316-4206-924c-1e9d49896a18,Toko_01911,PLATINUM,Sumatera Barat,2019-04-17,32,4.79,False
fffd4876-d234-4687-b138-d677680ac65f,Toko_01912,BRONZE,Sulawesi Tenggara,2019-02-18,146,3.45,False
fcc3d3b8-3a63-4cae-835e-7fc33a6d327c,Toko_01913,SILVER,Kalimantan Barat,2022-05-29,56,3.44,False
be736d66-309a-4bbe-ad1e-adcaf5c6097b,Toko_01914,SILVER,Sulawesi Utara,2020-04-22,92,4.57,False
2c1644c6-b255-4946-a734-2997f980a6d1,Toko_01915,BRONZE,Nusa Tenggara Barat,2021-03-25,380,3.01,False
fa21a930-15dc-44c3-a34b-e41679929757,Toko_01916,GOLD,Nusa Tenggara Barat,2023-05-07,383,3.61,False
879c27ab-63b5-4e53-847a-d7fd4b460983,Toko_01917,BRONZE,Kalimantan Timur,2018-10-12,90,3.37,False
41dd5059-41a9-4163-80f0-13cecd371a6e,Toko_01918,BRONZE,DKI Jakarta,2023-04-28,224,3.67,False
6f288e3a-5555-44dd-9685-43fdb9548cbe,Toko_01919,BRONZE,Jawa Tengah,2019-12-01,352,4.52,True
3669acf6-0a46-4a79-b44e-d43a926f110f,Toko_01920,BRONZE,Sulawesi Utara,2018-01-05,255,4.75,False
77318378-f453-4fe1-84a4-7316b439c0df,Toko_01921,BRONZE,DKI Jakarta,2021-04-05,432,3.46,False
ada5cdec-8d06-40e0-9bc7-26e8d7c83130,Toko_01922,GOLD,Bengkulu,2019-01-20,56,3.61,False
e7a6e50b-1d03-4f25-bc26-2a6576a36a36,Toko_01923,SILVER,Aceh,2021-12-07,284,3.51,False
611dec54-5b1e-4822-9ea6-6dd8b5ab01f7,Toko_01924,BRONZE,DKI Jakarta,2021-12-15,159,4.42,False
9ce62653-b31f-488b-baaa-3f3427475336,Toko_01925,GOLD,Bangka Belitung,2023-06-07,62,3.54,False
d73dcd8f-dd12-4404-a770-afaa04c13277,Toko_01926,SILVER,Banten,2022-08-08,443,3.44,False
dee94457-8a6c-43d1-a5b4-01b8d974ac4f,Toko_01927,BRONZE,DKI Jakarta,2020-09-27,300,4.48,False
c2998be7-7f36-48fd-ad27-95b7a0d52eed,Toko_01928,BRONZE,Aceh,2019-01-01,104,4.84,False
885ef03a-f6b0-4c36-a717-f22c2d591120,Toko_01929,BRONZE,Riau,2023-01-15,495,4.75,False
81d90972-a901-45f9-ab95-155e1d381297,Toko_01930,GOLD,Kalimantan Selatan,2021-09-18,205,4.18,False
9afddab0-ef1f-4ddf-9237-fc8176ca8b91,Toko_01931,BRONZE,Sumatera Selatan,2018-06-18,301,4.04,False
7230446a-7ab2-451c-a7d8-58477913f40d,Toko_01932,SILVER,Kalimantan Tengah,2023-02-07,295,4.94,False
69679bcd-65dd-4a60-95ef-71faa0d1038e,Toko_01933,BRONZE,DKI Jakarta,2023-08-06,479,4.37,False
d4623a70-c285-40ee-a379-29475f3698be,Toko_01934,BRONZE,Lampung,2019-10-29,160,3.97,True
485d8860-df31-4cb6-865d-401121229cee,Toko_01935,BRONZE,Sulawesi Selatan,2018-06-17,116,3.57,False
57f7ef71-2695-404d-bde0-3414bb4b89ba,Toko_01936,BRONZE,Lampung,2018-01-21,225,3.7,False
accc8236-2daf-45b6-b875-3c35eebbbef7,Toko_01937,BRONZE,Banten,2021-12-05,454,3.57,False
c472823d-924d-40c3-9cd9-b5d300ad084b,Toko_01938,SILVER,Bengkulu,2019-09-28,493,3.17,False
d649ea39-92a3-49b2-909e-8c16d3c98040,Toko_01939,PLATINUM,Sumatera Selatan,2022-11-05,304,4.84,False
2b5c8e74-7120-4ba2-8c45-8f559f427e45,Toko_01940,BRONZE,Gorontalo,2021-12-23,132,4.62,False
c697d150-1f77-490f-a799-b9427f4f237f,Toko_01941,BRONZE,Yogyakarta,2019-02-06,462,3.52,False
1a4d77f0-2992-4eb5-8d8d-66786005b00b,Toko_01942,BRONZE,Bali,2022-11-21,352,4.75,False
00f4ed1d-e577-427a-b050-87ffce9b59b5,Toko_01943,BRONZE,Bengkulu,2020-03-28,133,3.27,False
ddb02184-97f1-4fda-bf0b-67c3e8713ab1,Toko_01944,BRONZE,Jawa Tengah,2021-05-02,295,4.85,False
cb0c692c-702a-477f-a79b-8c0f7b83b5e8,Toko_01945,BRONZE,Jambi,2022-11-25,54,3.28,False
0b1ce9dd-3514-4ef6-916e-0c93d474049b,Toko_01946,BRONZE,Gorontalo,2022-01-04,244,3.71,False
faf78dad-a3d8-44e8-b1dd-074410581f34,Toko_01947,PLATINUM,Sulawesi Selatan,2018-04-24,472,4.12,False
fcc90140-a2db-40a6-a7a9-eb8cb90adf00,Toko_01948,BRONZE,Bengkulu,2019-07-30,319,4.81,False
7f4eb073-d0b2-4b9e-aa74-1f8a48fae952,Toko_01949,SILVER,Kalimantan Selatan,2019-06-06,322,4.09,False
450aad81-9d2f-4e76-858f-75112b162d63,Toko_01950,BRONZE,Bengkulu,2022-05-28,69,3.81,True
4ca1468b-2a98-43ae-a30a-6f510a5a338e,Toko_01951,GOLD,Bangka Belitung,2023-10-23,240,4.68,True
297fecd4-a4d7-4910-881f-446dbbd26ff2,Toko_01952,BRONZE,Nusa Tenggara Timur,2019-03-15,175,4.19,False
f7a4c991-84f2-4fe7-85cc-bf616d658d90,Toko_01953,SILVER,Maluku,2021-09-19,447,3.12,False
286ae815-b873-4241-8a50-63c323a3d387,Toko_01954,SILVER,Aceh,2018-08-06,364,3.41,True
40a0d913-77eb-44d8-8da0-38bc3cc2b6a2,Toko_01955,SILVER,Sulawesi Utara,2019-07-13,119,4.79,False
a2e89155-a7f2-4b79-b592-01c2d77c8ada,Toko_01956,BRONZE,Nusa Tenggara Timur,2021-06-27,373,4.98,True
0c00c4e3-2b3f-4341-882d-0403c91b0e9c,Toko_01957,SILVER,Maluku,2020-04-02,63,3.13,False
d9b52f87-fa8d-4f7b-9043-79ba1955269a,Toko_01958,GOLD,Sulawesi Tengah,2019-02-01,131,3.41,False
f7d9cc24-f433-42f1-bbfb-961fbf75921f,Toko_01959,GOLD,Sulawesi Selatan,2022-05-20,33,4.85,False
8a610a6b-206f-4ef8-846e-95dd2d80ed79,Toko_01960,SILVER,Sumatera Utara,2020-08-20,435,4.7,False
a6f63a52-c094-4d9c-867e-1a8b39166ac6,Toko_01961,SILVER,Sulawesi Selatan,2019-05-20,226,3.29,True
21d4556f-aa9b-43cc-b4d4-c72ef79c32bf,Toko_01962,BRONZE,Aceh,2020-09-12,92,4.02,False
b8a7b207-c415-41b1-a508-52216399bd9a,Toko_01963,BRONZE,Sulawesi Utara,2021-04-02,153,4.34,False
9827edc8-3603-4645-997a-fae52bbfd54f,Toko_01964,SILVER,Papua,2021-02-01,205,3.77,False
39324b0f-1da2-4a28-90b1-b4eca5be0a75,Toko_01965,SILVER,Kepulauan Riau,2022-10-07,80,3.06,False
93bd6dbb-bd77-420e-bbc5-535595f21bde,Toko_01966,SILVER,DKI Jakarta,2021-05-25,22,4.29,False
c08bdfed-2c8b-41f1-a612-22658d4c6649,Toko_01967,SILVER,Jawa Barat,2021-12-23,497,3.28,False
a8e8b9f3-8987-465d-bfa0-e6b721f09940,Toko_01968,SILVER,DKI Jakarta,2019-10-11,188,4.0,False
47895f58-923b-4724-b68c-0c302e4bef60,Toko_01969,BRONZE,Yogyakarta,2023-11-21,204,4.03,False
235503a4-e38a-45c0-89b6-768d135d5c9e,Toko_01970,BRONZE,Nusa Tenggara Timur,2021-10-21,240,4.43,False
596f5102-eea3-42f5-9bd9-97f3e8a1d5d3,Toko_01971,BRONZE,Bengkulu,2021-05-25,477,3.79,False
503ec65c-669f-427a-8521-b39adc422b7c,Toko_01972,SILVER,Kalimantan Barat,2023-04-17,315,4.32,False
c9fd1d08-d42d-4de1-bf82-cbc120efdbd2,Toko_01973,GOLD,Bengkulu,2023-11-23,137,3.26,False
5a9bcd52-786c-477c-bc66-aca8c0004959,Toko_01974,PLATINUM,Kalimantan Selatan,2022-07-12,39,3.09,False
ad3d295c-795e-45ce-ada2-e0c657f8eaaa,Toko_01975,BRONZE,Jawa Timur,2019-03-12,260,4.87,False
0e3163be-449f-430a-9a5b-704579126535,Toko_01976,GOLD,Bengkulu,2020-08-27,58,4.8,False
a2dc980e-f2e3-48d1-9b2e-a7bdd4ac8d5b,Toko_01977,GOLD,Bengkulu,2022-09-17,477,3.13,False
d9ceac68-31d4-4614-bcae-eb92c8a42c67,Toko_01978,BRONZE,Bangka Belitung,2018-10-26,231,4.53,False
c9dad264-516e-453e-bc50-4b6d396410c8,Toko_01979,GOLD,Gorontalo,2019-12-14,169,3.22,False
480df01d-6bb1-4f8a-a751-ee429c6c1d9a,Toko_01980,BRONZE,Nusa Tenggara Timur,2020-03-29,105,3.5,False
373734ed-9bbf-410b-932d-0da587092975,Toko_01981,BRONZE,Sumatera Selatan,2019-10-26,227,4.63,False
36940828-84d4-4ca8-a7d8-a0663905e4ee,Toko_01982,BRONZE,Bali,2018-04-10,327,4.92,True
5498e3ed-bf37-445f-a5f9-c38ef6c561c0,Toko_01983,BRONZE,Banten,2018-01-22,189,4.55,False
0d197cc3-d520-4d8d-b395-1d30ff4d0947,Toko_01984,GOLD,Kalimantan Timur,2020-01-30,354,4.46,False
77560cfd-6a31-4cab-8802-84861c8ba792,Toko_01985,SILVER,Sulawesi Utara,2020-02-18,431,3.41,False
d94b3c91-ec6b-4109-8130-7ef7bb3ceaad,Toko_01986,SILVER,Kalimantan Selatan,2019-07-19,415,3.13,False
ab85bbaa-8b14-4503-a1d8-e2cf63af32f3,Toko_01987,BRONZE,Jawa Tengah,2018-11-17,70,4.56,False
99a6ea2a-7934-482f-bbb3-0cbd4efbfedd,Toko_01988,BRONZE,Sumatera Barat,2018-07-30,312,4.08,True
fee6478e-4948-4f53-9e52-3ac39729d1da,Toko_01989,GOLD,Lampung,2020-10-26,204,4.41,True
a2def2f2-72d5-45dc-a73a-deba927f39b7,Toko_01990,GOLD,Lampung,2018-11-03,278,4.15,False
ed9a129f-b20f-4b35-8406-1c9056a7070c,Toko_01991,PLATINUM,Sulawesi Tengah,2021-07-02,209,4.24,False
a0cd87ed-1b3a-4b31-bd38-68dec4b72e24,Toko_01992,GOLD,Bali,2023-04-14,484,4.83,False
076fe05a-81e7-4127-8a91-eb9f6774bf0d,Toko_01993,BRONZE,Kalimantan Timur,2022-09-23,138,3.4,False
b973d06e-1860-4159-9797-9f7c42e9a058,Toko_01994,BRONZE,Sumatera Selatan,2021-09-12,478,4.51,False
adedd0e8-601d-444b-9c94-169add194b7c,Toko_01995,BRONZE,Sulawesi Utara,2018-10-26,417,4.9,False
1e1ff171-74cb-4a2b-9f85-37d24acc9aa8,Toko_01996,SILVER,Bengkulu,2018-05-25,182,4.96,False
50cd0291-26ef-427e-a76c-0cf1c847eb55,Toko_01997,SILVER,Nusa Tenggara Barat,2018-11-27,459,4.1,False
b906eb72-ca26-4275-9efe-0505e1e1be2d,Toko_01998,BRONZE,Jawa Barat,2019-03-03,23,3.99,False
9b236699-a3a9-4b22-8880-ee9362cf33a1,Toko_01999,BRONZE,Sulawesi Utara,2021-05-27,405,4.7,False
a7766749-1222-4e9d-98d6-2d4fa3f30117,Toko_02000,BRONZE,Jawa Barat,2018-04-18,401,4.56,False
ff8f22c0-135a-482b-9b3c-69d17935fe16,Toko_02001,SILVER,Kalimantan Barat,2018-03-16,287,3.96,False
25810098-2483-44d7-b21b-03b25342b473,Toko_02002,BRONZE,Banten,2022-10-27,364,3.85,True
7bc921a8-d3a3-4024-b1a2-495fa8b4449a,Toko_02003,BRONZE,Yogyakarta,2022-02-15,185,3.39,False
0987baf9-4518-45ab-88dc-9e383259eefa,Toko_02004,BRONZE,Sumatera Barat,2019-01-12,306,3.02,False
58a3e6d2-b0a9-4f3e-b141-5869194d962f,Toko_02005,GOLD,Jambi,2018-07-07,415,3.03,False
4d28619d-26e9-4f8c-bd14-171ce5947feb,Toko_02006,GOLD,Jawa Tengah,2018-08-21,69,3.88,False
a52b1882-c539-432b-8cb9-3cdb320d5a30,Toko_02007,BRONZE,Nusa Tenggara Barat,2020-09-27,154,3.26,False
196d050e-0858-4641-b852-d0738208fb25,Toko_02008,SILVER,Papua,2018-11-11,44,3.5,False
d74fc545-0681-4c6c-87b6-512249e1972a,Toko_02009,SILVER,Aceh,2022-01-02,464,4.83,False
2808e647-cdbc-467c-ae1a-8c87dabf83fd,Toko_02010,SILVER,Kalimantan Selatan,2021-04-13,449,4.31,False
ac5c645a-5bc5-4e3d-adb0-41d11c6fcfc2,Toko_02011,BRONZE,Maluku,2023-08-25,58,3.11,False
1534f6f6-6635-45a2-babc-8deeb7f3461f,Toko_02012,SILVER,Nusa Tenggara Barat,2023-06-15,148,3.16,False
c17dfdfa-fd33-4de8-a40c-9896fcc02381,Toko_02013,GOLD,Sulawesi Tengah,2020-08-02,161,4.48,False
3fe6fb8a-6448-4d74-b20a-4489891c4717,Toko_02014,BRONZE,Kepulauan Riau,2019-08-05,23,4.96,False
649389e6-3ec1-4f45-b9ac-1cb344211c91,Toko_02015,SILVER,Sulawesi Selatan,2019-04-13,15,4.0,True
7b3b79cf-ede1-4678-8908-4aa9e59af730,Toko_02016,BRONZE,Kalimantan Barat,2021-05-15,428,4.93,True
c56ae88b-7966-4862-b6db-b89af91850ac,Toko_02017,GOLD,Kalimantan Barat,2023-07-22,14,4.73,False
4d06c34e-7523-4991-942d-722788b5aa35,Toko_02018,BRONZE,Sumatera Selatan,2022-04-03,99,4.32,False
15120dca-0204-4902-8726-b7a20d5f0801,Toko_02019,SILVER,Jawa Barat,2021-11-25,484,3.05,False
2bda37ec-9227-4e10-9a69-b6e048a417ca,Toko_02020,GOLD,Gorontalo,2020-12-11,419,4.51,False
c0318d2a-aa67-40fc-8f31-00805913efd0,Toko_02021,BRONZE,Aceh,2022-11-13,448,3.86,False
9914b524-4727-407c-89cf-8c3a4568da10,Toko_02022,SILVER,Jawa Barat,2019-03-24,288,3.78,False
1dd50cae-0a4b-4c5c-a1bd-db1538fdfa20,Toko_02023,SILVER,Bangka Belitung,2023-12-31,242,3.85,False
f309010c-4a41-4fa1-867d-a902ef75cc37,Toko_02024,GOLD,Riau,2019-10-28,496,3.76,False
38d37954-fae0-43d2-ad0d-9a3b189ef464,Toko_02025,GOLD,Banten,2018-03-04,148,4.6,False
e56ed74c-e49a-4d31-ad60-40101d5df5d9,Toko_02026,BRONZE,Sumatera Barat,2021-04-26,177,4.14,True
9475f440-9d53-4804-916a-412f924c76a4,Toko_02027,BRONZE,Riau,2020-10-23,405,4.31,False
a0ffa6ca-7ecf-4214-b9fc-749830604c7d,Toko_02028,BRONZE,Lampung,2021-08-07,433,3.53,False
56ffeeba-2aff-4992-81ec-adc256c6a30a,Toko_02029,SILVER,Sulawesi Selatan,2018-02-06,243,3.07,False
efad3146-4cb4-49d9-979c-9cece0b284f7,Toko_02030,SILVER,Sulawesi Tenggara,2020-06-11,214,3.12,False
b0764848-ac17-4931-ae8c-edbcd1a931c4,Toko_02031,BRONZE,Nusa Tenggara Barat,2021-07-10,493,3.13,False
19a81fec-9d7f-41d3-821e-ad2f93550484,Toko_02032,GOLD,Riau,2020-11-29,449,3.99,False
2d12b550-5adb-4f30-9593-16b3f528792f,Toko_02033,BRONZE,Bangka Belitung,2018-07-23,124,3.23,True
e6e2e1be-3935-4863-befd-4700d5098b5a,Toko_02034,SILVER,Bangka Belitung,2022-12-09,301,3.63,False
16ec8c2c-e1ec-4427-a88a-ab8aa33d6674,Toko_02035,BRONZE,Maluku,2020-11-27,136,3.03,False
1a907c20-e97e-44e5-b5c0-74beb696e93a,Toko_02036,GOLD,Sulawesi Tenggara,2018-07-03,312,3.47,True
2d074d6d-d64f-485f-8f1a-f7ba45d7c2af,Toko_02037,SILVER,Jawa Timur,2023-09-25,44,3.47,False
29905e28-3015-4ca4-ab02-dd0449592fdd,Toko_02038,BRONZE,Kepulauan Riau,2022-08-31,41,4.28,False
e6e1f38d-e4f6-4a90-bc3b-95cbcfd9cd92,Toko_02039,BRONZE,Kalimantan Timur,2022-01-15,176,4.95,False
dfcdf9ee-869b-4338-bcba-e2708ed9a37f,Toko_02040,BRONZE,Lampung,2018-05-08,87,3.74,False
29410884-dc40-4871-bc9c-fbacb80fa2c1,Toko_02041,BRONZE,Bali,2018-04-15,59,4.22,False
fa5a5aa6-179e-4e7b-a1eb-c054a703e24d,Toko_02042,SILVER,Bengkulu,2023-09-13,406,4.16,False
f4476ad7-bc4a-4ddf-90ac-2c46965bd3c8,Toko_02043,BRONZE,Kepulauan Riau,2018-05-14,341,4.45,False
8717d88e-75ab-49a9-9e6f-056e57c3a948,Toko_02044,PLATINUM,Jawa Tengah,2018-11-13,495,4.87,False
a4a4caf9-2dcb-431f-945f-cd07c8aac62a,Toko_02045,SILVER,Bali,2022-09-09,280,4.47,False
88ea92c2-2a84-45e3-9850-e2028c69054c,Toko_02046,SILVER,Jawa Barat,2023-04-19,342,4.05,False
13ca5a35-3f1f-44ef-bbf5-e5fd8ba85a48,Toko_02047,BRONZE,Kepulauan Riau,2021-04-15,471,3.49,False
28a82e0e-8ab1-4e20-942f-96629c72ae24,Toko_02048,GOLD,Kalimantan Selatan,2020-08-03,238,3.63,False
f332aa4c-8865-47ba-85bb-6662949ee227,Toko_02049,SILVER,Sulawesi Selatan,2022-08-07,190,3.16,False
205e448c-2af8-45ab-8694-3445368536a6,Toko_02050,BRONZE,Kalimantan Selatan,2023-06-07,314,3.46,False
6b6bbbb1-e667-49f1-bf66-d6dfc89a54b0,Toko_02051,BRONZE,Kepulauan Riau,2019-05-29,478,4.08,False
b8db373c-e655-43ad-9cf4-52e63bdac93d,Toko_02052,BRONZE,Bali,2019-07-20,315,3.52,False
f0605951-8682-49d6-ae2f-a0c9fd7b839a,Toko_02053,BRONZE,Jawa Tengah,2022-08-01,220,4.01,True
16113b20-4615-4e91-8691-f8de4dd36257,Toko_02054,SILVER,Yogyakarta,2020-03-22,465,3.36,False
df2787e3-20cf-4217-ae59-dee9e4593c39,Toko_02055,BRONZE,Kalimantan Tengah,2020-12-14,396,4.11,False
dc534a24-b243-4752-b58d-776c71fefb7f,Toko_02056,SILVER,Banten,2018-05-20,431,3.86,False
953bb115-753f-4379-9a40-f469c9c4e7df,Toko_02057,PLATINUM,Banten,2023-10-11,448,4.06,False
53a6e54e-6aae-4b34-9ea2-d3a0b20a7295,Toko_02058,BRONZE,Banten,2022-07-06,361,4.11,False
92dd25f6-cb8e-4d81-afac-3825d6902854,Toko_02059,BRONZE,Yogyakarta,2021-10-10,307,4.22,True
2b476608-35b2-4f13-be2b-2b09d1a563de,Toko_02060,SILVER,Jawa Tengah,2021-12-24,491,3.9,False
73a8231b-8cc5-40f9-867c-bd63d03ba9b3,Toko_02061,BRONZE,Kepulauan Riau,2022-11-20,153,4.52,False
597416aa-57ff-43ee-93a5-d5ae71310f36,Toko_02062,SILVER,Aceh,2023-09-18,47,3.3,True
3ea16e44-449f-46d5-8f75-82cce95b844a,Toko_02063,SILVER,Papua,2023-02-01,199,3.64,False
c235e3b0-e752-421b-aeb8-bab886ca653f,Toko_02064,SILVER,Riau,2019-02-01,123,3.59,False
0e21a904-0143-40ba-8392-9c7d72eff8e3,Toko_02065,SILVER,Yogyakarta,2023-11-22,301,4.02,False
6b39a49e-a3e8-42b0-88bc-2d016b10f37f,Toko_02066,BRONZE,Kalimantan Barat,2021-07-28,392,3.36,True
3b3b3104-8214-4fb7-8f3d-d217aa855dfb,Toko_02067,GOLD,Aceh,2020-05-12,225,4.04,False
7ea41489-9257-4d09-be10-509bd563d8bc,Toko_02068,SILVER,Jawa Timur,2021-11-23,150,3.33,False
e3e9103f-d4a3-4d1b-834a-4882ab922e69,Toko_02069,SILVER,Sumatera Barat,2019-11-25,152,4.88,False
3b04ed7e-d5c6-487f-b369-d1c1226129ba,Toko_02070,SILVER,Jawa Timur,2020-08-06,346,3.56,True
092ed8c2-da6f-44a4-9b4f-14253f57bef3,Toko_02071,SILVER,Sulawesi Tengah,2019-11-23,19,4.2,True
62513bb4-a88e-4826-a5ab-a14fdd7edd89,Toko_02072,GOLD,Sulawesi Tenggara,2020-03-10,8,3.98,False
63364154-a5ff-4b5b-8132-56d1e8133e06,Toko_02073,BRONZE,Lampung,2022-10-13,379,3.89,True
1d75b2be-36bd-4d63-b674-1c298fc00e7c,Toko_02074,SILVER,Gorontalo,2019-03-25,371,4.41,False
fa517ba6-46b4-4221-afd8-4f737b6a2449,Toko_02075,BRONZE,Kalimantan Tengah,2023-07-14,139,3.17,True
b985cce4-abac-4182-af59-61262afd1358,Toko_02076,BRONZE,Papua,2019-04-23,500,3.71,True
dc152bf3-94e6-4ebc-9ec3-a11ecbd3d3c9,Toko_02077,GOLD,Aceh,2018-11-01,172,3.31,False
429d7e91-0937-4965-b786-dbbf4d5d1465,Toko_02078,SILVER,Aceh,2023-10-02,349,4.55,False
488a2e78-22b5-447f-843b-aced31eded6c,Toko_02079,BRONZE,Gorontalo,2018-06-07,226,3.2,False
3d53d7fb-d92d-48e6-996c-f803fd897288,Toko_02080,SILVER,Sumatera Selatan,2018-05-26,490,4.27,True
cc9aaba9-ffbf-441b-bbb2-eae67b871d56,Toko_02081,BRONZE,Kalimantan Barat,2020-06-20,349,3.39,False
11658dec-c3fe-457f-a800-5b9f12cb8c49,Toko_02082,SILVER,Sumatera Utara,2023-07-28,149,3.26,False
1c7c9839-493c-4819-900a-2a30191960bf,Toko_02083,BRONZE,Sulawesi Tengah,2020-05-27,6,3.87,False
2fad1ef8-3252-4c5d-9ed2-74c0213218cf,Toko_02084,SILVER,Maluku,2019-12-31,24,3.84,False
fce22f67-4710-499c-95b1-53aa71431229,Toko_02085,BRONZE,Bali,2020-08-19,331,3.7,False
5aff1653-8177-49eb-aa02-16d89a3732aa,Toko_02086,PLATINUM,Yogyakarta,2021-05-14,435,3.46,False
20eabf9c-c918-4244-82be-cf61caedd366,Toko_02087,SILVER,Jambi,2022-05-26,311,3.71,False
9b8fb27a-6d00-4bf0-bf42-394e793d5599,Toko_02088,BRONZE,Jawa Timur,2021-03-22,219,4.94,False
d80f94af-e59b-4031-90ae-703d0a1fc8f5,Toko_02089,SILVER,Jawa Timur,2019-12-23,242,4.91,False
303b2d8f-287d-4403-988f-dc0c78328de8,Toko_02090,BRONZE,Kalimantan Barat,2019-06-09,401,4.76,False
865004c5-636f-42f5-9f95-a6793f2a9220,Toko_02091,GOLD,Nusa Tenggara Barat,2022-08-15,356,3.47,False
b1c177b4-8638-4276-9578-61e11590b0e4,Toko_02092,SILVER,Yogyakarta,2022-08-03,36,4.12,False
076638c3-7a68-42ed-9169-c0bed39c396c,Toko_02093,SILVER,Kalimantan Tengah,2022-05-23,419,3.88,False
6e14638c-cb87-4ab7-8d17-2043f3614d2e,Toko_02094,GOLD,Riau,2023-06-12,377,3.44,False
b0e8c860-dc90-4e09-b6f1-cf11b6189bbc,Toko_02095,BRONZE,Sulawesi Selatan,2022-08-06,118,4.15,False
5c00c7bc-e634-4354-b88b-61fc2a8c1f2b,Toko_02096,BRONZE,Nusa Tenggara Timur,2019-03-28,490,4.94,False
b6e729cb-876d-461d-8664-6c8eb3ce0db3,Toko_02097,BRONZE,Sulawesi Tenggara,2018-03-23,491,4.44,False
79c0dd63-53c1-4315-968a-f91abb22c6f8,Toko_02098,BRONZE,Maluku,2021-09-27,472,3.71,False
2bc38772-c156-40ac-826e-1ba7e2357d80,Toko_02099,BRONZE,Jawa Barat,2023-10-26,112,3.72,False
6dd82268-8c8c-4cc3-89d6-cb47b36c916e,Toko_02100,BRONZE,Sulawesi Tenggara,2022-06-09,445,4.44,False
de4a484e-2874-4fc6-87c0-5033ff7cd787,Toko_02101,BRONZE,Kalimantan Selatan,2021-09-19,216,3.43,False
945b0ba0-5fbe-4ff2-b232-bf9ed610caa5,Toko_02102,PLATINUM,Jawa Barat,2018-03-24,391,4.88,True
eede1ca3-e28f-4173-9538-316ba7f0a89c,Toko_02103,BRONZE,Sulawesi Utara,2018-06-23,85,3.57,True
0d17c327-c689-4dd6-85d5-bb54690ef61f,Toko_02104,SILVER,Maluku,2020-10-09,22,3.54,True
bf9f639f-a453-4f73-b8fc-cd8be9730ab5,Toko_02105,GOLD,Nusa Tenggara Timur,2022-06-30,72,4.64,False
f7fb1293-ebfa-4899-8ae5-0747949c6112,Toko_02106,GOLD,Jawa Tengah,2018-10-30,263,4.44,False
b05264b3-a7d7-40b9-8a19-2b2dc9297bbb,Toko_02107,BRONZE,DKI Jakarta,2019-09-14,53,4.47,False
786935f4-dbce-4fdb-a385-67e1c061c44f,Toko_02108,BRONZE,Nusa Tenggara Barat,2021-07-02,406,3.65,False
c5708ad9-81da-4cb8-a190-1a9c7286654a,Toko_02109,BRONZE,Riau,2023-02-23,108,3.2,False
8e281a0d-3d6b-4599-99cb-148ff3d7ca38,Toko_02110,SILVER,Kalimantan Barat,2021-04-07,224,3.19,False
2f738a8f-86d0-4314-9694-013ffab3a3c2,Toko_02111,SILVER,Sulawesi Utara,2021-03-10,469,4.41,False
2279da9a-0a8f-48af-b63c-55c0d79aed5d,Toko_02112,BRONZE,Sulawesi Utara,2022-06-01,492,3.75,False
c51dad66-139c-44bc-a111-574409de5d76,Toko_02113,BRONZE,Sumatera Barat,2018-04-12,208,4.54,False
1473f456-d924-4665-8260-7c1ae0340cd1,Toko_02114,SILVER,Jawa Timur,2021-06-26,175,3.29,False
17d4986c-26b1-4226-8ac8-ae27b031697f,Toko_02115,BRONZE,Sulawesi Tenggara,2019-11-25,111,4.73,False
7cf6ed1c-181c-4ae8-9bcf-288b5d4bbebf,Toko_02116,BRONZE,Banten,2022-07-10,320,4.68,False
bc89f2cc-b3ad-423d-a532-935778c29a58,Toko_02117,GOLD,Bengkulu,2020-08-10,35,4.53,False
93a9b251-5fcb-4daa-aadf-a41102a0d5d9,Toko_02118,BRONZE,Kalimantan Timur,2019-09-09,23,3.64,False
d3d39810-7e94-4ad3-8dc7-94879085b4a5,Toko_02119,BRONZE,DKI Jakarta,2021-01-03,358,3.42,False
c21d380b-3db7-49fd-aeed-64e2e8b864dd,Toko_02120,SILVER,Sulawesi Utara,2021-07-06,496,4.3,False
22083375-7d28-4af4-8609-1b55d1853109,Toko_02121,SILVER,Sulawesi Tengah,2018-11-30,476,3.21,False
a40da9f1-8b6e-4ad3-9891-89c24d048216,Toko_02122,BRONZE,Bengkulu,2018-02-25,87,4.04,True
30b198ef-4905-45e6-8aff-395926030ca3,Toko_02123,BRONZE,Bangka Belitung,2019-04-11,24,4.77,False
fdec291a-20f9-4c4d-b0cd-aa1a79539ad3,Toko_02124,SILVER,Sulawesi Tengah,2023-06-19,76,4.5,False
41658a54-dd66-401f-9ab4-3ccc3bec2b11,Toko_02125,BRONZE,Lampung,2019-04-27,227,4.99,False
6148e7e0-36c4-4bb1-827e-9256814fb5b3,Toko_02126,GOLD,Riau,2023-11-11,170,4.23,False
25a6c9cb-37d2-48d6-a358-930518f454e4,Toko_02127,SILVER,Banten,2021-04-03,272,4.37,False
a51fadca-f773-4415-9533-91d97bb91c39,Toko_02128,PLATINUM,Kalimantan Selatan,2023-10-29,314,3.5,False
77f3420c-0e8c-4006-aeee-78cddd3f204b,Toko_02129,PLATINUM,Gorontalo,2019-07-09,89,4.05,False
d1d6602a-70be-4930-b668-8105a568a6f8,Toko_02130,BRONZE,Kalimantan Tengah,2020-01-05,81,3.94,False
36f7b36e-0ad7-4816-aadd-f5f8e94dde24,Toko_02131,BRONZE,Maluku,2020-02-08,107,4.39,False
5404b0f3-3f83-4b76-a507-55398eaecb38,Toko_02132,BRONZE,Jawa Barat,2023-04-04,309,3.31,False
fd688398-43c6-49b9-9084-c3bbc1fae3bf,Toko_02133,SILVER,Sumatera Barat,2021-11-13,326,3.03,False
4dfc256d-5cb6-449c-96d9-50bfeb544166,Toko_02134,BRONZE,Gorontalo,2022-10-12,304,4.46,False
dd5a0c56-6ded-4a33-977a-3f919e3dc656,Toko_02135,GOLD,Gorontalo,2020-11-09,292,4.08,False
4226333e-4324-4cf0-9745-454f076590ad,Toko_02136,BRONZE,Banten,2019-02-26,379,3.43,False
36185bed-1cf7-49d0-a300-d7911bac2a41,Toko_02137,SILVER,Banten,2023-11-10,305,4.29,False
5ad226af-a61e-487d-8b1e-3b5aa3978a1b,Toko_02138,SILVER,Bangka Belitung,2021-02-09,499,4.61,False
e9778a16-11fd-4e20-8967-a185940859c1,Toko_02139,SILVER,Sulawesi Utara,2020-05-07,91,3.01,False
43978b03-8a4d-473a-aadd-5c149c30a27f,Toko_02140,BRONZE,Gorontalo,2019-08-24,78,3.33,False
7b6ad7a9-c5c3-42cb-b9c1-4240ec865f30,Toko_02141,BRONZE,Yogyakarta,2018-08-02,75,4.02,False
b638cb49-d1ec-4ed5-b836-fa5bd8c8d60e,Toko_02142,SILVER,Kalimantan Timur,2021-05-24,261,4.52,False
946b2a69-64b4-40c0-8058-218247f906fa,Toko_02143,BRONZE,Bengkulu,2022-04-29,366,3.95,False
48e4f7fd-e6e9-42e5-b2bc-bab25fec0977,Toko_02144,SILVER,Sulawesi Tengah,2018-11-17,457,4.21,False
3c5e0f86-6316-46ca-a419-07fcd3c546f1,Toko_02145,BRONZE,Nusa Tenggara Timur,2021-02-11,369,3.29,False
76096396-09ca-45bb-babb-b27f890aa360,Toko_02146,BRONZE,Maluku,2020-10-23,355,3.24,False
b42e927a-00d8-4555-802b-84716f5a65c2,Toko_02147,SILVER,Sumatera Utara,2018-04-14,448,3.73,False
63609fdc-22e8-459a-a2ae-7486e22b1989,Toko_02148,SILVER,Aceh,2022-10-04,114,4.23,False
b6ade76d-ae66-46d8-abc8-5ad79af0bbcb,Toko_02149,GOLD,Sumatera Selatan,2022-04-16,196,3.36,False
fb3b7055-69b6-4c1b-9df2-3b05634f30fe,Toko_02150,BRONZE,Sulawesi Selatan,2022-01-18,274,3.39,False
35d1b119-3b5a-475c-aaf9-d6cbbb221657,Toko_02151,BRONZE,Gorontalo,2022-02-19,473,3.51,False
5d30d038-fc09-474b-86a3-0e7d97734653,Toko_02152,SILVER,Jawa Barat,2021-01-31,333,3.96,True
1c737b17-89c1-4c55-a35c-50dd50273da8,Toko_02153,SILVER,Riau,2021-01-28,325,3.11,False
514804ad-f383-4360-ac97-d1a08b974992,Toko_02154,BRONZE,Maluku,2023-04-13,316,4.26,False
91b491e1-ff26-47dc-8618-9ee90d25af2a,Toko_02155,SILVER,Bangka Belitung,2019-03-02,24,3.74,False
f0e28b10-5ac6-4c9c-b6dd-9a792b28defa,Toko_02156,SILVER,Maluku,2019-12-26,450,4.7,True
5f3f9698-2cb1-4a6a-9282-b7ef012ab51a,Toko_02157,GOLD,Jawa Timur,2018-08-18,232,4.27,True
e5353855-484d-4233-b04d-d4e16a749e6b,Toko_02158,BRONZE,Sulawesi Tenggara,2021-02-10,441,3.39,False
99a1602e-54d6-4708-a0a0-fe0a5cf626ef,Toko_02159,BRONZE,Kepulauan Riau,2021-07-20,464,4.42,False
c7e97b36-4e6c-47e6-9645-566a060a5aeb,Toko_02160,SILVER,Kalimantan Selatan,2023-10-16,12,4.88,False
d5107862-5f29-4bd5-b261-f5612741cea0,Toko_02161,GOLD,Papua,2018-09-09,38,3.39,False
e44069f8-ce60-49bc-8ff9-9c7a145edc48,Toko_02162,BRONZE,Riau,2018-12-10,93,3.89,False
a3436bd3-1909-4db2-9095-6bc9a1f820db,Toko_02163,BRONZE,Sulawesi Tengah,2022-08-04,93,4.27,False
e928536a-3ee9-4fc4-9f4e-cdec98b5b1e2,Toko_02164,PLATINUM,Lampung,2021-01-26,292,3.7,False
a632c11e-59e4-4b28-991e-213e1a62c9ce,Toko_02165,SILVER,Maluku,2018-12-19,294,4.86,True
cdd16d66-c43a-4d11-88c3-3b3d2d7679f0,Toko_02166,GOLD,Sumatera Utara,2018-12-20,100,3.64,False
876dc5a6-c185-49f0-8c98-0638cc0f352d,Toko_02167,BRONZE,Sumatera Utara,2018-02-12,116,4.28,False
2e4e324f-6a57-48c8-aeed-f3f96d47785a,Toko_02168,GOLD,Sumatera Barat,2021-06-14,433,4.36,False
b694c471-a753-435e-877f-0d70c0fcb64c,Toko_02169,GOLD,Aceh,2019-06-28,163,3.11,False
959c853a-e9b8-4c7d-bbce-fa82861108e8,Toko_02170,BRONZE,Banten,2021-07-16,216,3.45,False
71752703-e070-46e7-a2d4-15613ca2c784,Toko_02171,GOLD,Sumatera Utara,2021-04-23,137,4.4,False
24a2242a-ea81-4c63-ac2f-2256a1ec2b93,Toko_02172,SILVER,Bali,2022-01-29,183,4.54,False
0909cc07-83a0-4f3e-b5f5-85a546a99bb0,Toko_02173,GOLD,Papua,2019-11-30,23,4.9,False
e7183d64-1bdf-4433-812e-ebe407e5d3aa,Toko_02174,BRONZE,Bali,2020-05-12,364,3.87,False
233634dd-88e3-4456-899d-73143ef9900f,Toko_02175,SILVER,Lampung,2020-04-29,180,4.4,False
1cd597bb-a2c8-4809-aade-95abb40ad966,Toko_02176,GOLD,Jambi,2021-01-06,51,4.03,False
c042feea-4b5f-49af-b538-6e7798acdf89,Toko_02177,BRONZE,Riau,2018-05-09,477,3.23,False
c8cf429f-28a1-4999-a014-47402de4f00b,Toko_02178,BRONZE,Banten,2023-03-29,305,3.65,False
d6645d05-48af-46e9-a203-81e830b01ac3,Toko_02179,SILVER,Yogyakarta,2018-05-19,170,4.4,False
371ba5f5-825b-4143-909d-6ab36eda6b95,Toko_02180,GOLD,DKI Jakarta,2019-10-13,220,3.95,False
1e9a5eab-b6b7-4cfa-86a0-e41f21797b91,Toko_02181,GOLD,Sumatera Utara,2022-01-06,161,3.33,False
089ddfac-fffd-4f19-92dc-168a55944ee5,Toko_02182,GOLD,Sulawesi Selatan,2023-02-13,308,4.15,False
fab8f5dd-2510-40be-bfa2-3b463d461b93,Toko_02183,BRONZE,Kepulauan Riau,2020-09-24,134,4.45,False
3a418e9a-71c0-4768-ab96-c7139b31173c,Toko_02184,SILVER,Kalimantan Barat,2021-05-14,25,4.94,False
73ce56d4-c6fb-4829-8f87-b0b221ca3d06,Toko_02185,GOLD,Yogyakarta,2023-09-08,60,3.84,False
dde4e284-8660-478a-8512-77e1d683238d,Toko_02186,PLATINUM,Kalimantan Barat,2018-04-27,88,4.02,False
7aa39e25-dd93-463f-ab74-21f61bc78c02,Toko_02187,GOLD,Maluku,2023-11-17,106,4.9,False
ff25a117-9a46-4f5e-a827-e45513f86030,Toko_02188,BRONZE,Papua,2021-09-26,408,4.92,False
bc2108d4-535f-4bc9-bbfe-bc8f078b67ed,Toko_02189,BRONZE,Bengkulu,2019-08-03,415,3.69,False
71c88112-8309-4d47-82f1-23ecd7cd6350,Toko_02190,SILVER,Papua,2019-08-28,107,4.77,False
e6bcdd82-7ffd-4881-b45b-fe6ef65376f7,Toko_02191,BRONZE,Sumatera Barat,2020-04-12,228,3.18,False
353c16b5-2b62-42d0-8bcb-f587adc61bc8,Toko_02192,SILVER,Bangka Belitung,2022-03-13,7,3.95,False
f7016848-4a74-4809-b33b-c1a7f1619e15,Toko_02193,SILVER,Papua,2022-06-03,362,3.42,False
f2a0d9bb-c462-4478-8882-2c4a4e62d5e9,Toko_02194,BRONZE,Sulawesi Selatan,2020-09-21,395,4.83,False
82677308-0d6d-4d87-9da0-5d6a41cd2656,Toko_02195,BRONZE,Gorontalo,2019-07-01,209,4.55,False
e1445fdd-07e5-49b9-ab0f-42f9a406dc8e,Toko_02196,GOLD,Aceh,2022-10-06,310,3.79,True
65b8e4ef-8142-4a22-af7c-c46ebbae661b,Toko_02197,SILVER,Aceh,2018-04-21,118,4.77,False
a582cef3-c54a-44ea-91a2-e736a932202b,Toko_02198,BRONZE,Kalimantan Selatan,2021-10-24,261,4.65,False
f46b6cc7-d709-4d5c-930b-0f9eefc53c20,Toko_02199,GOLD,Gorontalo,2018-11-13,335,3.46,False
f6fdd39e-442d-42bb-bf42-0c093e06e8bf,Toko_02200,BRONZE,Lampung,2022-11-19,52,3.68,False
5a243065-e43f-4b90-890f-f1c64cc00620,Toko_02201,BRONZE,Lampung,2021-06-28,203,4.35,False
cce59b50-b52a-4e53-9287-93d1f0bfec01,Toko_02202,BRONZE,Kalimantan Tengah,2020-01-06,88,3.8,False
f6300656-0e9f-466e-8828-8ad69976624e,Toko_02203,BRONZE,Jambi,2018-12-05,182,4.37,True
4aa3a488-ba1b-48a1-b512-c1e81be0f376,Toko_02204,GOLD,Jambi,2018-02-20,87,3.64,False
49ee3268-3927-4218-8b4c-594c50754206,Toko_02205,BRONZE,Sulawesi Selatan,2018-02-17,253,4.31,False
241ed14b-79ae-431c-b7be-f787d8d79fc0,Toko_02206,BRONZE,Jawa Barat,2021-05-25,222,3.52,False
094faea2-1822-48ab-9c85-793a168adc75,Toko_02207,SILVER,Jambi,2023-01-19,262,3.75,False
ac0d23fc-121e-45a1-9e51-ceb22e85f760,Toko_02208,BRONZE,Sulawesi Tenggara,2022-02-03,62,4.57,False
19bfff3a-f6cb-40e5-9f26-f900c06ec5d7,Toko_02209,SILVER,Kalimantan Barat,2018-11-24,81,3.01,False
5e4f28c2-ee80-4df9-a4b6-70a6f895bb87,Toko_02210,SILVER,Riau,2020-03-20,268,4.63,False
9cce6ab7-cd91-4fe6-a497-da886e9fabb6,Toko_02211,SILVER,Jawa Barat,2023-03-19,149,3.08,False
969cf14f-6018-4e2c-ad60-a7a2e92e6ebd,Toko_02212,SILVER,Jawa Barat,2022-02-21,134,3.85,False
fef421dd-239c-4f96-bdc5-5d9684a56516,Toko_02213,GOLD,DKI Jakarta,2020-12-30,96,3.59,False
2fc8c6b3-49fc-4dab-a662-7592c37f8e31,Toko_02214,BRONZE,Lampung,2018-05-26,310,3.22,False
c2fc7a52-811e-4a77-8d11-d61e8e46e588,Toko_02215,SILVER,Kalimantan Barat,2020-10-15,94,3.17,True
6d710b49-4b37-4f96-ae43-dc8391b2089d,Toko_02216,SILVER,Nusa Tenggara Timur,2023-07-15,225,4.79,False
68eba452-9c34-4c7f-8bcb-07e201fc3e52,Toko_02217,SILVER,Nusa Tenggara Barat,2020-09-26,475,4.65,False
4df3bac1-068b-4014-be38-20bfeb6bd212,Toko_02218,SILVER,Sulawesi Tengah,2023-02-21,25,3.15,False
f5a6d33c-c7ea-4d6c-acb8-00b22e5e628f,Toko_02219,BRONZE,Aceh,2019-02-19,200,4.03,False
954692f3-7672-4198-8595-02c938de9e9c,Toko_02220,BRONZE,Nusa Tenggara Timur,2021-05-21,221,3.8,False
efe91453-da2c-4661-b811-9e97725a373d,Toko_02221,SILVER,Aceh,2018-11-21,433,4.82,False
bad26941-bc28-41e7-b6b4-4e449beaa3b3,Toko_02222,GOLD,Bali,2020-12-04,160,4.23,False
cdaad2fb-11fb-4b18-af90-a0e2e861a391,Toko_02223,GOLD,Maluku,2018-07-20,196,4.15,False
8b283384-99b3-449a-8f97-0103ab32a112,Toko_02224,PLATINUM,Riau,2020-01-31,146,4.0,True
719d6090-6e25-4bfa-8040-811040bd79c3,Toko_02225,BRONZE,Sumatera Utara,2021-03-13,144,3.01,False
90fb0fd5-2de6-4c85-9ee5-af7543b256ab,Toko_02226,GOLD,Papua,2019-06-16,145,3.53,False
119865df-6e35-45b9-a400-ba6961188659,Toko_02227,PLATINUM,Kalimantan Timur,2019-02-02,118,3.45,False
22198eab-ce20-445b-b756-ba83188d3714,Toko_02228,BRONZE,Nusa Tenggara Barat,2021-03-24,377,4.42,False
29d15364-7086-47a8-b03f-8e5ba0d35461,Toko_02229,SILVER,Nusa Tenggara Timur,2021-09-08,282,3.78,False
f0dece2e-1ecd-4d80-b0ef-9a671e395ac0,Toko_02230,BRONZE,Kalimantan Timur,2021-08-02,182,4.65,False
88a95108-880f-4116-98b2-e04e48f2cc1b,Toko_02231,GOLD,Sulawesi Utara,2020-05-12,277,4.4,False
970a9f73-7977-461a-a101-d49b915ee9ee,Toko_02232,BRONZE,Jawa Barat,2018-11-18,328,3.97,False
be190669-94a7-4640-81de-66bf0f9b4a37,Toko_02233,BRONZE,Aceh,2023-12-10,194,3.61,False
36457532-3012-44ec-8bf7-fda56d87395a,Toko_02234,SILVER,Sulawesi Selatan,2018-05-02,84,4.25,False
100a1f58-edf3-4b9e-ab73-5c198c693c6e,Toko_02235,BRONZE,Kalimantan Tengah,2022-08-29,396,3.05,False
c859d865-11fa-44eb-8be8-5fd3f1e82f7b,Toko_02236,SILVER,Sulawesi Utara,2020-08-19,197,4.84,True
8f627a9f-7c95-4967-998c-a4baa17f789c,Toko_02237,SILVER,Bangka Belitung,2019-05-21,54,3.79,False
46b02b0c-173d-431b-b761-98bc0e8f2c39,Toko_02238,BRONZE,Lampung,2020-01-02,447,3.32,False
8a5202a8-8c93-42a3-b0d5-147ed3e53821,Toko_02239,SILVER,Kalimantan Barat,2022-08-01,185,4.5,False
fffc218f-7920-4d34-860b-f69f5e6751d7,Toko_02240,SILVER,Kalimantan Timur,2022-01-27,327,3.21,False
edb53ec5-f806-4633-b262-5caaf67a001e,Toko_02241,PLATINUM,Bengkulu,2021-07-25,262,4.07,False
ba444ab2-8f80-4ca7-bf16-73100da2d179,Toko_02242,GOLD,Sulawesi Utara,2023-03-16,151,4.65,False
e22549e2-5867-4562-aaaf-36e9e0fa757c,Toko_02243,GOLD,Sumatera Utara,2022-06-27,152,3.01,False
2e9afd6b-e9b1-43de-8dcf-73633e5df9b2,Toko_02244,GOLD,Nusa Tenggara Timur,2019-12-07,354,4.81,False
4df59844-249b-4308-9383-b020279310f3,Toko_02245,SILVER,Kalimantan Tengah,2022-08-08,101,4.27,False
6228eb96-cc8b-48eb-a636-d6c10c5baaba,Toko_02246,BRONZE,Nusa Tenggara Barat,2023-08-24,46,4.2,False
5f7188d8-5493-4b85-8639-a5f5f7014402,Toko_02247,PLATINUM,Kalimantan Timur,2020-10-20,90,4.14,False
da7f8fdd-dbed-470d-9bf9-d6da8259196f,Toko_02248,BRONZE,Kalimantan Selatan,2018-04-04,385,4.2,False
eb3d07ce-8ede-4fbf-b6e8-6e81fa09c339,Toko_02249,BRONZE,Sulawesi Tengah,2020-03-01,440,4.83,False
16a93801-f94b-4d14-b789-8935b028f83c,Toko_02250,SILVER,Sumatera Barat,2019-12-19,246,4.87,False
b9c4798d-2049-4aba-b056-a200be8c0d38,Toko_02251,BRONZE,Lampung,2018-09-23,462,3.06,False
bc0ee562-3c78-4980-aca5-d0aa4ed8a5c2,Toko_02252,SILVER,Papua,2022-12-23,128,4.59,False
089d7595-35ab-4b0f-ad94-0fee04481966,Toko_02253,SILVER,Jawa Timur,2021-09-18,451,4.84,False
0ba141a8-a9f6-40d4-b6ef-24dbb59702f1,Toko_02254,SILVER,Jawa Tengah,2018-01-29,388,3.06,False
76dcd505-02a6-4487-9fb1-8879eef86aba,Toko_02255,GOLD,Sulawesi Utara,2022-04-28,41,4.57,False
de9887bd-7213-46a0-b851-68f2b0c8d76e,Toko_02256,GOLD,Sulawesi Tenggara,2019-05-11,371,4.55,False
9a10dc92-a2ad-47e8-ae16-721d22e4dc5c,Toko_02257,SILVER,DKI Jakarta,2022-12-02,251,4.66,True
96615319-e77e-4255-9ffa-58bfcbbc5f62,Toko_02258,GOLD,Kepulauan Riau,2018-06-13,191,3.8,False
eb7188a7-8193-421a-afd9-7f7e4d75bd49,Toko_02259,SILVER,Sulawesi Selatan,2022-10-22,408,3.25,True
e01f86bc-c48c-4496-bb6d-852eba5f3b93,Toko_02260,BRONZE,Kepulauan Riau,2019-04-03,374,3.34,False
e4430b80-d73a-48eb-a77f-6d81ec3c8c3c,Toko_02261,BRONZE,Gorontalo,2020-09-22,412,3.97,False
821c7e21-d793-4bae-b90d-8d3116af8a30,Toko_02262,BRONZE,Maluku,2018-10-31,239,4.8,False
da4fdc61-993f-498b-8920-841701920a56,Toko_02263,BRONZE,Riau,2021-11-03,156,4.38,False
45f70411-8dd6-4c9d-8688-f994bc57544e,Toko_02264,SILVER,Riau,2021-02-01,309,3.07,True
4fd56684-3ede-4c66-9b61-b56cbd46d6b0,Toko_02265,SILVER,DKI Jakarta,2020-06-24,455,3.74,False
baa13007-bdad-49b0-89f0-6e3d1751c79a,Toko_02266,BRONZE,Maluku,2019-10-11,295,4.27,False
1392083d-86e2-4e0a-81ac-79544c0af37b,Toko_02267,BRONZE,Lampung,2019-09-25,385,4.61,True
67a89141-165a-432c-9653-c32b99412f1e,Toko_02268,SILVER,Bangka Belitung,2022-04-23,136,4.27,True
ff124f2c-7201-4ff4-ad5e-7a9610d6107c,Toko_02269,BRONZE,Lampung,2019-08-31,304,3.02,False
91ba349b-979e-4ecc-a7a0-637b93124813,Toko_02270,SILVER,Bangka Belitung,2023-10-18,212,3.95,False
29b4fdd3-3432-4f92-af10-97f414028d2c,Toko_02271,PLATINUM,Nusa Tenggara Timur,2019-10-01,305,4.71,False
1c745b46-dae3-475f-8d7a-3686f3049c9a,Toko_02272,BRONZE,Bangka Belitung,2023-06-11,336,3.34,False
5fdd333c-8a9c-4d65-92ba-06fb77a69d1a,Toko_02273,BRONZE,Yogyakarta,2022-04-05,12,4.34,True
2d2fec26-08ea-4142-a562-f8a8cc3c23be,Toko_02274,BRONZE,Sumatera Selatan,2020-07-07,81,3.56,False
efa2020e-13cb-435a-b59f-862d10c1be3c,Toko_02275,GOLD,Nusa Tenggara Timur,2020-03-17,187,4.0,False
057fcae0-024d-49f1-a1fa-a50ad4cd3f30,Toko_02276,SILVER,DKI Jakarta,2023-11-17,464,3.46,False
da99d8d0-cf1a-4ff0-b500-8660658dd41e,Toko_02277,SILVER,Kalimantan Barat,2019-02-09,492,3.66,True
3710fc73-2527-4de8-a476-5e04f13bd81a,Toko_02278,SILVER,Sulawesi Tenggara,2018-11-22,413,3.11,False
4623388e-fe00-42a1-bb58-adf5ac8921ee,Toko_02279,BRONZE,Riau,2020-01-19,358,4.87,False
b1ff93c6-3453-43a4-81d6-519393400c35,Toko_02280,BRONZE,Maluku,2023-02-12,95,3.08,False
ecd9046a-d87e-45bb-92f5-e0d37a8cdf3a,Toko_02281,SILVER,Jawa Tengah,2020-02-18,380,4.66,True
b2a81395-d18c-4df7-bdfd-c94c840101e7,Toko_02282,GOLD,Sulawesi Tengah,2021-05-25,36,3.42,False
5856b866-6641-41c7-9fef-927de0f3d327,Toko_02283,GOLD,Sulawesi Utara,2023-03-17,55,4.07,False
789089a2-2007-4502-be56-285742649705,Toko_02284,BRONZE,Nusa Tenggara Timur,2018-10-27,105,3.96,False
7fdef118-0b07-4fbe-afc5-01849f485e54,Toko_02285,SILVER,Jawa Timur,2020-05-30,311,3.97,False
0c1a07f8-a8d1-4768-b4a9-b0d8d0f3f313,Toko_02286,SILVER,Bangka Belitung,2019-04-02,373,4.77,False
041d2263-f8fb-4b88-9ec4-e3044d769f7e,Toko_02287,BRONZE,Jambi,2023-02-12,5,3.5,False
e80ad4b1-90c9-4fbc-96c9-a08b5b162d9e,Toko_02288,BRONZE,Nusa Tenggara Timur,2019-12-25,173,4.01,False
6e9e7440-1582-436f-a8fd-90b9effb6f3a,Toko_02289,PLATINUM,Lampung,2020-12-18,449,4.06,False
241770ad-25a5-41d7-bd2e-2a14b0fc9d05,Toko_02290,SILVER,Sulawesi Tengah,2021-06-18,325,3.88,False
c7018d8b-ea1f-4e87-93ce-425ca12237df,Toko_02291,PLATINUM,Sulawesi Utara,2018-01-27,168,4.79,False
213cd0cc-b640-461b-a30a-7424b397a7aa,Toko_02292,SILVER,Sumatera Utara,2018-09-26,394,3.86,False
a2e1780a-fc46-43b7-a7d4-65e341226d95,Toko_02293,GOLD,Sulawesi Selatan,2021-11-03,331,4.37,False
1f9e0fe0-bc76-407c-a836-aff6a877f8ae,Toko_02294,BRONZE,Jawa Timur,2020-08-07,114,3.61,False
10d009e8-5c65-43f0-90a9-f835159c4032,Toko_02295,GOLD,Sulawesi Utara,2019-02-26,355,3.6,False
2bd0a73e-446d-4c1d-b79a-f83a653c06e3,Toko_02296,SILVER,Banten,2021-08-19,85,3.38,False
12c9b288-7a02-40eb-98a9-c8367ea01c55,Toko_02297,BRONZE,Sumatera Utara,2019-10-06,171,4.91,False
25c96ab7-cda1-4a89-8bf3-ceb67da67028,Toko_02298,SILVER,Jambi,2022-09-04,404,4.45,False
d2591ab4-67e9-4a01-9515-37195def0c8e,Toko_02299,BRONZE,Gorontalo,2021-05-28,194,3.29,False
9f2585bf-b794-4096-bb51-a69bd5ddbbb0,Toko_02300,BRONZE,Aceh,2021-07-15,235,3.62,False
231b1756-c6dc-484f-8347-b53c656a0098,Toko_02301,GOLD,DKI Jakarta,2022-07-14,33,4.94,False
8e3fd11e-143f-438f-9617-0e0695ddc0d9,Toko_02302,GOLD,Sulawesi Selatan,2021-01-28,14,4.64,False
07f66167-043c-40d3-b45c-2116010c3b23,Toko_02303,SILVER,Riau,2021-04-22,431,3.75,False
1ce4b58f-fd0a-40a0-aae6-6247c7b9704f,Toko_02304,GOLD,Kalimantan Timur,2020-03-27,413,3.43,False
57132d7a-3c49-458f-95ad-49ba5e67b675,Toko_02305,GOLD,Jawa Timur,2018-11-01,129,3.32,False
ab2bd95e-1ec7-4668-a447-b03bee1c8695,Toko_02306,PLATINUM,Bali,2023-04-09,492,4.94,True
0cb10cf3-a500-4f56-83bd-a641d0bd3679,Toko_02307,SILVER,Maluku,2023-06-18,132,3.56,False
decaab8c-7241-4982-8434-a073ad541448,Toko_02308,BRONZE,Jawa Timur,2018-08-18,332,3.69,False
3ee50d39-3a22-4914-9ac0-09d1475737d7,Toko_02309,BRONZE,Lampung,2019-03-31,246,3.27,False
baed1f6e-c013-40a1-aaf9-fd3b49ad811d,Toko_02310,BRONZE,Bengkulu,2022-08-22,427,3.3,False
070e4026-d282-48fa-a3a3-3d0b7a2d334a,Toko_02311,BRONZE,Sumatera Selatan,2018-12-27,229,3.49,False
94254039-1ce0-415f-8df0-fdbdb92be5c2,Toko_02312,GOLD,Riau,2023-12-16,423,3.58,True
7bd1af04-1611-46aa-a698-e32f5204c991,Toko_02313,GOLD,Jawa Tengah,2021-07-09,495,4.71,False
c34f797d-1775-4189-8388-4e2334be8b7d,Toko_02314,BRONZE,Yogyakarta,2020-05-29,99,3.64,False
cbe0d72c-e65a-452a-adba-f751bdc958b8,Toko_02315,BRONZE,Sumatera Selatan,2020-11-26,135,4.21,False
d3a3ec02-15cd-4764-b809-6f1c75f310bd,Toko_02316,BRONZE,Nusa Tenggara Timur,2022-08-10,223,3.79,False
d4d1b5c0-e2ab-478a-af3d-c8eac95fc175,Toko_02317,BRONZE,Sulawesi Tengah,2018-09-04,472,4.98,False
f5b2a448-1d89-4474-b097-d6df89303c24,Toko_02318,SILVER,Jawa Barat,2023-08-28,452,4.6,False
fca10983-673b-420b-aec0-a148117cb75f,Toko_02319,SILVER,Bali,2021-09-29,329,3.13,True
5a405856-3569-4059-b7f4-2a588ad0e4b0,Toko_02320,BRONZE,Sulawesi Tenggara,2019-04-06,277,3.32,False
cba9af57-72b4-4568-ba81-a333429f7e65,Toko_02321,GOLD,Bali,2023-04-03,317,4.3,False
95bf0d84-571c-4568-8896-76dae80e6342,Toko_02322,BRONZE,Papua,2022-11-01,423,3.55,False
8f38265b-d941-4bcc-afca-be42b3c8b586,Toko_02323,GOLD,Aceh,2019-09-16,338,3.66,False
433fac27-5a04-4f8e-8ed0-52cb35f84bf6,Toko_02324,SILVER,Sulawesi Selatan,2023-12-02,404,4.39,False
f17cce1d-6d95-465e-afb4-745b0d9b5702,Toko_02325,BRONZE,DKI Jakarta,2022-07-03,299,3.59,False
ad73c19d-0e26-4ade-b08f-8f9fa8369bcb,Toko_02326,BRONZE,DKI Jakarta,2020-07-11,170,3.85,False
1005c9eb-b147-4485-a45f-032080a14f10,Toko_02327,BRONZE,Papua,2021-08-30,277,3.92,False
9405e491-2840-4bd6-be58-d833205f1833,Toko_02328,GOLD,Bali,2021-12-23,462,4.76,False
b5dc15a9-4f2f-4688-8eeb-47a0ed125304,Toko_02329,BRONZE,Bengkulu,2019-08-31,110,3.62,True
84e5801f-2549-45d0-b77f-73920738c0cb,Toko_02330,SILVER,Bangka Belitung,2018-06-11,404,3.25,False
812a0612-3d93-4038-921d-372c959f28de,Toko_02331,BRONZE,Bangka Belitung,2021-07-15,480,3.46,False
9d7eef63-9ff9-4e2e-a5f5-a46044a77311,Toko_02332,BRONZE,Kalimantan Tengah,2021-01-15,124,4.87,False
21e881c9-9850-495f-bf36-5b811e3302cf,Toko_02333,BRONZE,Banten,2022-12-06,68,4.67,False
30655e5c-d50c-4461-ad10-19aaeaa1b7a7,Toko_02334,BRONZE,Aceh,2020-05-04,199,3.1,False
fd5110ac-0836-437c-86d5-d908072e1143,Toko_02335,BRONZE,Bengkulu,2022-04-08,307,4.63,True
82cec597-f4ed-48fa-b3e2-bc496b550739,Toko_02336,BRONZE,Gorontalo,2023-10-17,67,3.33,False
8552a4e0-a870-42c9-acb3-eedf9a100d15,Toko_02337,PLATINUM,Aceh,2022-01-07,388,4.99,False
183a02af-2267-49aa-8f0e-7d50138fcd80,Toko_02338,BRONZE,Jawa Tengah,2023-09-08,189,3.96,False
b80a4566-0e02-4290-b111-72d1816ae2b4,Toko_02339,PLATINUM,DKI Jakarta,2018-01-30,199,4.61,False
9523bc83-a083-421e-b7f8-7b8e2db19a9c,Toko_02340,GOLD,Kalimantan Selatan,2022-01-16,489,3.62,True
80a6b678-093d-432a-a459-e8f4177162a1,Toko_02341,PLATINUM,Nusa Tenggara Timur,2021-05-16,122,5.0,True
338747f1-0d10-4a6b-9075-b7fdfc3e8dcc,Toko_02342,SILVER,Kalimantan Barat,2023-04-15,13,4.9,False
cd597bc4-4366-482d-b4c1-670f85d301ff,Toko_02343,SILVER,Kalimantan Timur,2018-07-05,77,4.69,False
3a453d19-d4b5-4661-8a7d-f186f21a0790,Toko_02344,BRONZE,Sulawesi Tengah,2019-09-30,76,4.39,False
52713b70-ae27-4b82-8492-362cc68d4ca7,Toko_02345,BRONZE,Jambi,2020-05-09,448,4.48,False
fd8debd3-3293-4010-964c-6d3e1f104834,Toko_02346,SILVER,Kepulauan Riau,2019-10-08,219,3.34,False
d4b5b1ea-bdff-4397-9649-0642f942edf7,Toko_02347,PLATINUM,Aceh,2020-01-14,191,4.76,True
9b60750d-e5ad-4e56-8330-d2a7c41d6603,Toko_02348,BRONZE,Sulawesi Utara,2020-04-15,161,3.81,False
b45abcac-8db7-4c60-bd53-c5eee0bb7110,Toko_02349,GOLD,Nusa Tenggara Barat,2021-08-08,19,4.57,False
158484ec-041d-4b7c-b4e7-9ae265284bf1,Toko_02350,GOLD,Jawa Barat,2019-08-15,472,3.82,False
96e590fb-9b56-48b9-bb5c-d5d7a9ad670b,Toko_02351,GOLD,Aceh,2023-11-22,91,3.32,True
890f7682-a2b1-4568-ab4d-e3f12a7065f1,Toko_02352,GOLD,Jawa Tengah,2022-09-16,38,3.22,False
8c25428e-3cae-40cc-9129-bd866158ef21,Toko_02353,PLATINUM,Bangka Belitung,2022-12-09,73,4.71,False
a0c99e72-9d0e-4162-8e21-ab5ad792c94f,Toko_02354,BRONZE,Sulawesi Utara,2023-04-08,465,4.81,True
3026d817-6b83-46c1-bd01-6ff7e7f9b01e,Toko_02355,SILVER,Kalimantan Selatan,2019-01-30,249,3.99,False
14d8890a-37b2-4029-9807-8b9e9ba93177,Toko_02356,SILVER,Banten,2020-06-17,268,3.26,False
bcc6c738-82b3-437e-a842-33182eb24e7d,Toko_02357,BRONZE,Jawa Tengah,2019-01-24,372,3.81,False
c28795e4-ec3a-4f80-8e26-e09b92b2cdd1,Toko_02358,BRONZE,Sumatera Barat,2020-10-23,99,4.46,False
d9051705-3c43-43b8-aba3-c45fa27f3e11,Toko_02359,SILVER,Sulawesi Selatan,2023-10-31,269,4.15,False
1da761ba-06ed-4280-a934-0a5f0d9d9529,Toko_02360,GOLD,Banten,2021-09-05,221,3.75,True
3967b180-439e-424a-9bd3-bf1454ed25d0,Toko_02361,SILVER,Bangka Belitung,2018-05-21,387,4.81,False
8ecac284-b7e2-458f-8f8c-8310b13fe047,Toko_02362,BRONZE,Sumatera Selatan,2020-01-17,12,3.29,True
074f7dae-0ea3-4bcc-ad88-5ee536591888,Toko_02363,GOLD,Sumatera Utara,2022-06-14,170,3.02,False
449f754a-8ad4-4dac-955f-417f1652901c,Toko_02364,GOLD,Sumatera Selatan,2022-07-20,236,4.99,False
922ca2b7-f48c-48cd-8eba-2a591e72a0d5,Toko_02365,BRONZE,Sulawesi Selatan,2019-04-28,386,3.56,False
a3b4ad44-f525-4657-bccf-4821f7777e43,Toko_02366,GOLD,Kalimantan Timur,2020-02-03,135,3.68,False
56a02fd7-bcb8-475d-82b1-8a01847c701d,Toko_02367,GOLD,Sulawesi Selatan,2019-01-31,347,4.71,False
a6e28162-37cf-4306-9d4e-d9ae553e2114,Toko_02368,BRONZE,Jambi,2022-02-05,223,4.28,False
a2aa1f2b-6f2c-40e9-89bd-68ce9c9ade7e,Toko_02369,BRONZE,Sumatera Barat,2023-02-17,429,3.22,False
ffa19f24-abaa-419b-9449-30e085a3c042,Toko_02370,BRONZE,Bangka Belitung,2021-11-24,162,3.91,False
e4d063b6-eba6-4321-a45b-8b2c1f4e67ae,Toko_02371,PLATINUM,Bangka Belitung,2023-08-30,98,3.8,False
5f5d9368-8bdc-4859-bfaa-79e26d50aa56,Toko_02372,PLATINUM,Sumatera Selatan,2019-08-04,435,4.36,False
07b052b4-b3d9-43ba-b959-c16d2b15165f,Toko_02373,BRONZE,Aceh,2021-12-20,274,4.2,False
202eecb1-fe4e-479a-9a35-1491ba6586af,Toko_02374,GOLD,Sulawesi Tengah,2018-07-12,414,4.07,False
1b475087-cc6a-45e0-84ba-1353f3740f19,Toko_02375,SILVER,Sulawesi Tengah,2019-11-15,196,3.32,False
fdfbfd12-2e19-4c02-90a5-9071535d5867,Toko_02376,SILVER,Bangka Belitung,2020-07-15,436,4.86,False
f56f6c1c-62bf-4c41-bb3a-dcc9f9f4389d,Toko_02377,SILVER,Nusa Tenggara Barat,2022-10-03,444,3.4,True
15b8dd7a-d5e9-4298-925c-20a4dc9a39b3,Toko_02378,PLATINUM,Kalimantan Barat,2021-04-29,204,4.8,False
beecb8fd-cb35-408d-811f-76c9af6257ad,Toko_02379,GOLD,Sulawesi Selatan,2021-08-11,74,4.44,False
aa38f103-0267-4e73-842f-0e80c823b9f2,Toko_02380,BRONZE,Maluku,2021-06-30,111,4.85,False
7a95f614-b916-4fcf-be53-bf917a445b08,Toko_02381,PLATINUM,Jawa Barat,2022-08-08,76,3.29,False
51aabe37-4029-44b7-bbfb-c9b186dd7e2f,Toko_02382,GOLD,Jambi,2020-09-20,205,4.57,False
9f82f08c-79c1-4777-822e-0c468126b596,Toko_02383,BRONZE,Sumatera Selatan,2020-10-15,432,3.7,False
d2f4a24e-2eb2-43f7-ba78-e6d2570f6a9e,Toko_02384,PLATINUM,Banten,2022-07-03,68,4.45,False
0a862854-944a-4124-840f-0db0208e71e3,Toko_02385,SILVER,Sumatera Selatan,2022-12-22,77,4.34,False
7decada6-e23d-4a9d-8293-7d1aa5f36eb5,Toko_02386,BRONZE,Jawa Timur,2023-11-03,164,4.05,False
8e887d0c-3fa1-4acd-b95b-e09cb1d064f5,Toko_02387,SILVER,Sumatera Barat,2022-12-01,157,4.64,False
71b2bcaf-5bfe-4d37-a2fc-6c800fbef716,Toko_02388,SILVER,Banten,2018-10-16,455,4.96,False
7589c0af-615c-44b6-bd04-920ef85cd72c,Toko_02389,BRONZE,Riau,2018-06-17,200,4.68,False
517ed004-0df2-46b0-bbeb-afcc5f731b44,Toko_02390,SILVER,Kalimantan Tengah,2019-11-21,453,4.42,False
6a436623-e430-42b5-a289-6488b1885a64,Toko_02391,SILVER,Lampung,2020-07-09,272,3.21,False
ae1ea4f9-76a1-4ad6-ac3f-e1053d39b622,Toko_02392,SILVER,Nusa Tenggara Barat,2022-01-25,128,4.74,False
f716ecd0-0812-4a99-bc7f-c6b447c10dee,Toko_02393,GOLD,Kalimantan Tengah,2022-09-24,34,4.28,False
a1019005-86b6-46ef-bdd5-36c0fa7f03c8,Toko_02394,BRONZE,Aceh,2021-02-03,468,3.5,False
4fcd66e4-e7cd-4978-be07-cc2e517fdb3b,Toko_02395,BRONZE,Kepulauan Riau,2020-10-26,187,3.17,True
515323f0-c34c-4b0b-b7c4-09a08bc1acd3,Toko_02396,GOLD,Sumatera Barat,2023-07-21,118,4.18,False
7b2daba9-e9b6-474e-bb63-ff1423576696,Toko_02397,BRONZE,Bengkulu,2023-06-22,292,4.21,False
0729ac0b-e8be-4d40-bf32-ae24ce9b45d9,Toko_02398,SILVER,Bangka Belitung,2022-04-17,26,4.2,False
d993ff81-dad8-46fd-a9f2-26558217e1f1,Toko_02399,GOLD,Jawa Timur,2019-01-24,65,4.93,False
834846f1-7bc4-44f3-8ac4-fd95b8780157,Toko_02400,SILVER,Maluku,2022-09-24,422,3.79,False
5a7c886e-4013-4a76-afe3-98ca4d2549f6,Toko_02401,BRONZE,Jambi,2022-12-09,441,3.92,False
a15838f6-9a9e-44a0-8c0a-3643bb2b5928,Toko_02402,BRONZE,Kalimantan Barat,2022-11-04,347,4.82,False
31314736-6137-4dbe-95ae-b1911b93da41,Toko_02403,BRONZE,Nusa Tenggara Timur,2021-09-09,55,3.58,False
6f03a588-fd8c-4621-ab66-db8bd2825478,Toko_02404,BRONZE,Sulawesi Selatan,2020-11-04,188,4.64,False
b385e790-e567-4518-89fa-85b96f857e8e,Toko_02405,PLATINUM,Sumatera Barat,2021-02-07,233,4.57,False
c1c77ea6-ccc6-4504-921c-3b71c6e59cb3,Toko_02406,SILVER,Nusa Tenggara Timur,2020-12-13,398,4.59,False
cd5879bc-a749-4bfa-a1f1-3c4c2cbfb750,Toko_02407,GOLD,Sulawesi Tenggara,2021-08-11,384,3.8,False
d73df183-22e9-4a93-9e65-6cf076724f42,Toko_02408,GOLD,Bangka Belitung,2023-08-10,443,3.18,False
0ec462cc-c62d-46db-be69-f456522d9a84,Toko_02409,SILVER,Jambi,2020-07-21,167,4.66,True
65b40170-4d19-45de-ae9d-6435740803de,Toko_02410,SILVER,Nusa Tenggara Timur,2022-07-22,165,4.24,False
9b70a56f-d06e-4702-a02f-ad3ac851ae13,Toko_02411,GOLD,Sumatera Selatan,2020-12-20,443,4.41,False
6ca1c424-501f-40cd-aa53-d05ef5f354d4,Toko_02412,GOLD,Yogyakarta,2022-01-20,391,3.32,False
7bd26632-b1d6-479a-ad8f-414e957a8c37,Toko_02413,BRONZE,Sumatera Selatan,2021-06-25,470,4.01,False
6b8b6ef7-3cdd-4cf9-8a06-dc130ab7612b,Toko_02414,BRONZE,Sulawesi Tenggara,2019-12-30,208,4.24,True
1c0c4819-18a7-4405-b519-13c3c30f1dad,Toko_02415,BRONZE,Maluku,2022-07-16,441,3.53,False
895d3f9d-5ab3-4948-8356-0c9b6e1ba358,Toko_02416,SILVER,Kalimantan Barat,2019-06-29,476,3.77,False
ff73f411-4510-486a-8302-3fa871af6f35,Toko_02417,SILVER,Yogyakarta,2021-04-18,319,4.14,True
7ad3ea9e-f81c-4568-a116-6d6d2842fbb2,Toko_02418,PLATINUM,Sulawesi Selatan,2018-06-17,130,4.1,False
53cf1c6e-4386-4ab9-b5b4-29041d9d44fd,Toko_02419,BRONZE,Sulawesi Utara,2020-07-08,431,4.39,False
202f0a48-677d-4b4d-afca-ee5c8d96528b,Toko_02420,GOLD,Sulawesi Selatan,2020-06-03,79,3.02,False
7df2f661-d843-4a5d-ba39-9ad37d028c84,Toko_02421,BRONZE,Nusa Tenggara Barat,2023-06-03,434,3.88,False
c53a14ab-696c-48f2-9d66-9db0464428ac,Toko_02422,PLATINUM,Sumatera Selatan,2022-08-16,100,4.7,False
204e1c79-1041-4e9e-a103-5d116ea323e8,Toko_02423,SILVER,Yogyakarta,2022-05-05,387,3.52,False
2fa2477f-54db-4433-a491-b4b5707c9dff,Toko_02424,BRONZE,Jambi,2020-12-15,225,3.74,False
9e9ae6ad-fad3-47ae-8784-8361f363b2a7,Toko_02425,PLATINUM,Kalimantan Timur,2022-01-02,44,4.92,True
292830cd-20e5-4209-9ce1-d3e0878a2efd,Toko_02426,GOLD,Maluku,2020-10-08,412,4.08,True
f45855ee-f4da-4ce8-8ad7-187dbff02033,Toko_02427,PLATINUM,Jambi,2023-09-10,367,3.95,False
74e394f0-3fa9-4b7d-8a36-e4a0605f90ba,Toko_02428,GOLD,Nusa Tenggara Barat,2020-07-22,373,3.7,False
cf9daaf9-4056-42c6-9838-7f8950a83cec,Toko_02429,PLATINUM,Kepulauan Riau,2020-07-06,243,3.54,False
83c45c8b-0ed1-4268-8d16-63c93c02da6d,Toko_02430,SILVER,Sulawesi Selatan,2023-07-30,307,3.87,False
c73c1fe2-a82d-403d-8f90-ba500a6daac7,Toko_02431,BRONZE,Sulawesi Tenggara,2023-01-11,291,4.3,False
b92b2942-5d7d-4578-b4aa-dfc720f0a89b,Toko_02432,SILVER,Maluku,2019-08-29,37,4.36,True
6ec06d90-75de-49bd-aa74-0c98fff0ff06,Toko_02433,SILVER,Bali,2020-10-29,490,4.79,True
725e41a6-0076-465c-ac82-802f0abc5597,Toko_02434,SILVER,Kalimantan Tengah,2019-07-01,207,3.43,False
208af990-8021-4421-ba19-fd57cdaa6bc7,Toko_02435,SILVER,Papua,2021-06-01,174,3.47,False
d0fda71e-a666-4ca4-b0de-f9a9556fb808,Toko_02436,SILVER,Kalimantan Tengah,2019-08-14,397,4.08,False
a81676d3-2a0b-48fe-825b-38cf8c38961d,Toko_02437,BRONZE,DKI Jakarta,2018-08-05,369,4.51,False
fbfc3919-1753-4a5c-ac39-b80e34bb205a,Toko_02438,GOLD,Jawa Tengah,2018-09-18,276,3.83,False
b15e408f-ad13-4f21-a594-ce2e7ff0a726,Toko_02439,BRONZE,Nusa Tenggara Barat,2020-01-05,432,3.36,False
33a475bc-064f-4857-9921-164428bc07b2,Toko_02440,SILVER,Jawa Timur,2021-09-21,50,3.19,False
79fbb74d-6b24-4906-a34f-4173b585bb5c,Toko_02441,SILVER,Papua,2022-05-06,417,3.82,False
6c654b82-f799-4f8a-96a8-56ef77b45000,Toko_02442,BRONZE,Kalimantan Timur,2020-01-20,54,3.62,False
edf316d4-a1c2-4198-b60d-a42c9675083d,Toko_02443,BRONZE,Riau,2023-08-09,51,3.37,False
4fd94081-e86b-4802-9a49-63924a0fa82b,Toko_02444,BRONZE,Nusa Tenggara Timur,2018-12-01,178,3.9,True
4bc617a8-302a-4a33-b955-76e7c9d8ac49,Toko_02445,BRONZE,Yogyakarta,2018-09-07,290,3.12,False
d7eb7f09-98a9-4ff1-b7cd-5cb4f8068ec9,Toko_02446,BRONZE,Sulawesi Tengah,2018-02-21,7,3.65,False
fd437ce8-d810-444a-86e5-16c42dc5160e,Toko_02447,GOLD,Bali,2022-03-16,444,3.14,False
fd2218da-d205-44e6-8ca4-68c47fed3469,Toko_02448,SILVER,Sulawesi Utara,2020-01-15,279,3.44,False
8bfa0c30-f639-49e0-bd13-b789750e0a7a,Toko_02449,GOLD,Gorontalo,2019-09-26,312,3.75,False
0a5467da-242d-42b8-b89c-1641a45d4d47,Toko_02450,BRONZE,Bangka Belitung,2019-12-29,264,3.3,False
98cdba23-600c-4c40-8e54-854dfead317d,Toko_02451,BRONZE,Jawa Barat,2019-05-08,418,4.87,False
2c046024-e6d6-4e17-83d8-cad4b70ba6e8,Toko_02452,BRONZE,Papua,2020-01-09,307,4.04,False
8553b75c-7be2-4463-b65f-cd227ceaec5a,Toko_02453,SILVER,Nusa Tenggara Barat,2019-09-28,318,4.84,False
d17f44bb-4942-441d-b624-36c397c3977b,Toko_02454,GOLD,Sulawesi Tenggara,2022-05-12,406,3.9,True
a058fc48-bc87-4bd6-992d-a8134db0b67e,Toko_02455,SILVER,Kalimantan Timur,2020-10-05,192,3.28,False
a2b0ff90-c5bb-43aa-86c5-8e1ff23a91e3,Toko_02456,SILVER,Jambi,2022-07-14,26,3.72,False
aa63ffef-b9dc-4cba-9983-10834dadb2dd,Toko_02457,GOLD,Jambi,2019-02-09,439,4.04,False
a48627b8-2c43-49d6-b5f8-213920a314c0,Toko_02458,BRONZE,Sulawesi Tengah,2023-12-19,272,3.79,False
5aa99f5f-4011-462f-8403-7d6144da0e9a,Toko_02459,BRONZE,Kalimantan Timur,2019-07-09,234,4.53,False
8a58d36c-7c8b-4f78-9c22-482f6d4a91d8,Toko_02460,SILVER,Kalimantan Barat,2022-11-18,198,3.16,True
53d35435-c9d4-488b-9f0e-af82841c6c8e,Toko_02461,BRONZE,Sulawesi Tenggara,2023-06-06,317,3.78,False
a58029a6-4876-49a4-90a0-71ad1355352f,Toko_02462,GOLD,Lampung,2018-08-14,275,4.66,False
ed23f573-2d4a-43ec-86a0-b296a3512b0a,Toko_02463,BRONZE,Yogyakarta,2019-12-12,333,3.63,True
50807a30-c60c-4cbb-9ee2-6916de8bb14a,Toko_02464,BRONZE,Lampung,2022-04-26,101,3.7,False
8f50e3bd-3220-4be7-80b3-815e4eaf61a6,Toko_02465,GOLD,Papua,2022-11-12,383,4.02,False
7cc22dcf-4b81-4e05-8481-a9104f56e752,Toko_02466,SILVER,Papua,2018-07-03,471,3.43,False
c817e604-8846-4ac3-bec9-5e8fe06375f8,Toko_02467,BRONZE,Sumatera Barat,2021-08-04,42,4.43,False
76d2fe7a-baf3-4210-8dbb-7c0769e5f9c1,Toko_02468,SILVER,Nusa Tenggara Barat,2018-03-05,28,4.84,False
45e4f3af-f188-4956-bee5-10a3537169fc,Toko_02469,SILVER,Gorontalo,2021-04-04,7,4.81,False
6697a0f8-75d7-49e2-b899-acbd4daefcd3,Toko_02470,GOLD,Kalimantan Timur,2019-12-27,204,4.65,False
8ac7ba31-0f4b-43f7-820c-2b18e9f31140,Toko_02471,GOLD,Jawa Barat,2019-10-01,77,4.2,False
a53f62f7-3b91-47ae-930c-d17e8ceeb26f,Toko_02472,BRONZE,Gorontalo,2022-09-28,353,4.14,False
abfca672-6024-4d0c-bf1c-1fec65e8d4eb,Toko_02473,SILVER,Sumatera Selatan,2021-01-21,214,4.38,False
aa6ede46-241f-48f8-8b2f-50d1c1dbc09c,Toko_02474,BRONZE,Riau,2020-02-16,423,4.56,False
9478eaf7-4081-4d09-af24-12a2798a396a,Toko_02475,BRONZE,Maluku,2022-06-08,26,4.39,False
d865935e-e9cd-40b7-8146-de26667fffb4,Toko_02476,SILVER,Sumatera Barat,2018-10-16,331,3.23,False
3d41a5ff-de99-4f69-b513-1324f5282eee,Toko_02477,GOLD,Jawa Tengah,2020-01-22,279,3.65,False
5e2ff621-471f-4136-908f-ccb087489b6b,Toko_02478,BRONZE,Papua,2022-06-20,150,4.07,False
25b79607-360a-4092-9a54-a0b9da0972fd,Toko_02479,SILVER,Jawa Timur,2019-05-05,207,4.65,False
932597d2-33f1-4cac-afeb-647b803f9342,Toko_02480,PLATINUM,Sulawesi Tenggara,2023-08-02,107,3.25,False
23c82cb6-4f5b-4431-a360-bf463f35e628,Toko_02481,SILVER,Jawa Timur,2019-04-02,122,3.08,False
ff75a599-47ce-4466-a6d5-723cd2cf736b,Toko_02482,BRONZE,Maluku,2018-10-04,128,3.87,False
2d29778a-496d-41e7-bc91-f99889528208,Toko_02483,SILVER,Sulawesi Selatan,2018-06-18,344,4.87,False
bed3be60-723c-4823-828a-d9a0ea2bf77a,Toko_02484,BRONZE,Sumatera Selatan,2021-07-26,27,4.14,False
2602c1d3-2af0-48c4-96f3-b817a9a329ff,Toko_02485,BRONZE,Riau,2019-12-20,184,3.92,False
727e5ef9-ad98-4c59-8f21-6323aff35c46,Toko_02486,BRONZE,Kalimantan Barat,2019-09-20,489,3.58,True
64c7bd09-aefd-4e80-beb6-cb4dcb8fecab,Toko_02487,BRONZE,Sumatera Selatan,2021-10-07,341,4.44,True
8fac96be-8241-4468-a746-922fd3adff9d,Toko_02488,BRONZE,Kepulauan Riau,2020-10-03,313,4.06,False
476cdb1d-69d5-4ace-9972-80690437bbbb,Toko_02489,BRONZE,Kalimantan Timur,2018-08-21,62,4.37,False
614e5fa6-eead-466f-9a07-64575c581302,Toko_02490,SILVER,Nusa Tenggara Barat,2019-11-27,375,4.87,False
9756f39e-b1ee-4b0d-b412-568bb852fa56,Toko_02491,BRONZE,Jawa Timur,2020-08-15,8,3.76,False
2faf5187-a68a-4cd7-9956-c7736711c8ce,Toko_02492,GOLD,Bengkulu,2019-05-06,443,3.45,False
ad638159-2ab4-4b53-94ad-45aa836379c7,Toko_02493,SILVER,Jawa Tengah,2018-03-23,337,4.65,False
8d5f5f52-c225-4ef4-a4f9-5199e451dd2a,Toko_02494,SILVER,Kalimantan Barat,2021-03-02,356,4.23,False
afd1a985-e6d9-41aa-891f-c23bdedcdf14,Toko_02495,SILVER,Papua,2023-07-03,318,3.5,False
b3480e67-bc31-47fe-8b52-d82946a3794a,Toko_02496,SILVER,Sulawesi Utara,2019-09-20,237,4.07,False
2ae48b47-aa37-4330-94fa-51c22ce10e03,Toko_02497,BRONZE,Nusa Tenggara Timur,2019-12-16,498,4.93,False
c1ef18b1-4c08-44d6-ab84-44ab43c18539,Toko_02498,GOLD,Kalimantan Selatan,2018-03-27,226,4.61,True
02ebad4b-305d-47c4-b2b3-c7a9f3a96ac7,Toko_02499,SILVER,Maluku,2020-07-18,210,3.25,False
858f4b54-ec7f-4cd6-8f34-b12ef0abad4b,Toko_02500,BRONZE,Kalimantan Barat,2022-09-21,457,3.84,False
73056754-b014-48a2-a97a-3ff4cf2aa9b9,Toko_02501,BRONZE,Kalimantan Barat,2023-03-14,191,3.68,False
1a990837-6ea2-4dab-8b1b-4a1ec650fa04,Toko_02502,BRONZE,Sulawesi Tengah,2020-04-23,130,3.43,False
6ba80702-2d45-4bc2-ab02-610db9833e61,Toko_02503,BRONZE,Bangka Belitung,2022-01-28,465,3.93,False
70f3ae54-cae8-44a5-98a5-aecf0e8e6fca,Toko_02504,GOLD,Kalimantan Selatan,2021-06-11,114,3.79,False
a39d2aeb-c86b-4ff4-a442-f1f5293e5a7c,Toko_02505,SILVER,Sulawesi Selatan,2021-05-15,468,4.67,False
f8286e60-3e31-426e-8161-8a349e80fd0f,Toko_02506,SILVER,Jawa Barat,2020-03-27,116,3.68,False
db28f07d-62a2-43c9-bb2b-02b0a3b82a68,Toko_02507,SILVER,Gorontalo,2023-10-21,226,3.36,False
492a3d1d-aa6a-4e6e-9583-785d5aa15fb2,Toko_02508,SILVER,Kalimantan Barat,2019-12-07,144,4.97,False
7d593077-6871-4f9f-88a2-55d5b15b8c84,Toko_02509,GOLD,Nusa Tenggara Timur,2022-07-05,299,4.56,False
6eafeb5d-42d0-4f60-9e85-3f5cbea4350e,Toko_02510,BRONZE,Sulawesi Selatan,2020-10-03,449,4.48,False
553216bf-01c9-40e0-bcbf-8c7c97f81867,Toko_02511,SILVER,Nusa Tenggara Barat,2023-12-14,381,4.26,True
15c55a9f-208e-4074-a2d1-801534cce502,Toko_02512,BRONZE,Jawa Tengah,2018-12-18,15,3.02,False
fb9cdcd6-79de-4f8e-97df-fba056c7c85f,Toko_02513,BRONZE,Bangka Belitung,2019-01-04,165,4.86,False
d8fd2b2a-ce6a-468b-a6d5-475a65d6229c,Toko_02514,SILVER,Sumatera Selatan,2021-06-13,435,3.13,False
3ea41311-3457-4fcd-b9d9-87cb08a004d1,Toko_02515,BRONZE,Yogyakarta,2023-01-04,248,3.68,False
d43fd689-3bbd-4623-81e5-6f257252aaef,Toko_02516,BRONZE,Jambi,2019-10-17,466,4.76,False
3169186a-34c0-4d7c-b37d-27cfdff16322,Toko_02517,BRONZE,Gorontalo,2022-08-06,86,4.12,False
497f6efc-7f59-4019-ae5c-b3cc5f9255a4,Toko_02518,SILVER,Riau,2020-10-18,63,4.33,True
380c3c1f-bd2a-4ea9-9ba5-fec7af89dd09,Toko_02519,BRONZE,Bengkulu,2018-06-11,74,4.76,False
2fce77c9-562d-4897-8925-0b7751ef66ba,Toko_02520,SILVER,Bengkulu,2018-03-23,305,4.38,False
bc46e0b1-703e-4b2a-81c4-b82f1c72fdcb,Toko_02521,PLATINUM,Bali,2020-01-15,234,4.79,False
7fe08262-fc7f-4dd2-bd1e-a536ba473b17,Toko_02522,PLATINUM,Bali,2021-11-09,458,3.68,True
ca9df373-d32d-4886-9453-9d123e094cfe,Toko_02523,BRONZE,Sumatera Utara,2019-07-07,324,3.6,False
6c2683b7-ad78-48d6-be99-eb9402909e96,Toko_02524,BRONZE,Gorontalo,2020-03-18,497,4.27,False
26f84046-0224-4d54-9c17-4f7eb06dacf9,Toko_02525,GOLD,Jambi,2018-12-07,186,4.21,False
139c5d30-fecd-4b44-960c-c823e3426753,Toko_02526,BRONZE,Yogyakarta,2022-09-08,91,3.73,False
0e7e41e6-366d-47ac-af77-15afc3536acb,Toko_02527,SILVER,Sulawesi Tengah,2018-04-07,255,3.64,False
9e6eac07-52bb-4565-9dd4-e807d1b23779,Toko_02528,SILVER,Maluku,2021-06-09,139,3.9,False
7c4d981e-a2bc-4fbe-be69-b7c6bbc41ee1,Toko_02529,BRONZE,Aceh,2023-02-20,342,3.16,False
30f2b982-d6b8-45ff-82d5-5b4e5dbaaef0,Toko_02530,BRONZE,Gorontalo,2018-02-13,381,4.15,False
8944a053-08e6-4c62-9f03-c7256d3a2593,Toko_02531,BRONZE,Sulawesi Utara,2022-04-06,203,3.07,False
b559a0df-0211-4905-ab79-d8443c8b9b6f,Toko_02532,SILVER,Kalimantan Timur,2022-02-11,416,4.03,False
94edfa94-424e-43c6-91a4-8e8edd125791,Toko_02533,BRONZE,Maluku,2021-11-02,72,4.89,False
acae9e40-e7a8-487e-9865-5a712176ce52,Toko_02534,SILVER,Sulawesi Utara,2021-02-27,141,3.17,False
c1c5df43-695b-48e2-bc2b-832fa94413f1,Toko_02535,SILVER,Jambi,2021-07-29,446,4.02,True
e37641ff-593d-4208-aedc-0226123c4644,Toko_02536,GOLD,Jambi,2019-03-15,129,3.15,False
e01ea3a5-4b39-4ace-b72a-de15e6edffdf,Toko_02537,BRONZE,Jambi,2020-08-28,403,3.17,True
87fef497-7e99-4add-8a5b-717aaba769a7,Toko_02538,SILVER,Aceh,2021-10-29,450,4.82,True
7c457417-10c5-4347-943e-66c5eca3659e,Toko_02539,SILVER,Bangka Belitung,2023-03-03,328,4.75,False
a526ef81-cdac-4f76-99ad-98e9ef309653,Toko_02540,BRONZE,Jawa Timur,2018-08-19,365,3.28,False
a93fe2cc-b713-45c8-aabb-1f4fcbf4fab1,Toko_02541,GOLD,Sumatera Utara,2019-01-11,372,4.9,True
500ac48d-883a-40e5-8066-5f48148e5aff,Toko_02542,GOLD,Sumatera Barat,2020-05-11,30,4.43,False
fa33549a-b6dc-4c84-8c2d-3d9a6816ffd8,Toko_02543,SILVER,Sumatera Selatan,2023-05-04,423,3.39,False
cc0bd290-8585-4213-8dc1-d6d925a385a3,Toko_02544,SILVER,Sumatera Utara,2023-04-06,152,4.46,False
0629688a-fa76-457e-9da0-ab438aadced7,Toko_02545,GOLD,Sulawesi Selatan,2020-01-28,264,3.01,False
03606474-b798-4d34-8097-f10ae86141b5,Toko_02546,BRONZE,Banten,2020-02-15,363,3.25,False
c90d1b40-35de-47a3-8a61-9e3978a870b8,Toko_02547,BRONZE,Bangka Belitung,2021-08-09,392,4.98,False
cbd98da9-1999-4f93-a103-fdf0af8e8dca,Toko_02548,SILVER,Bali,2021-04-30,312,3.82,False
b272aa8a-9a86-411a-8bc7-5290a6835530,Toko_02549,BRONZE,Riau,2021-11-13,381,3.48,True
d36008fe-d7fd-4fce-8916-882996d2e942,Toko_02550,GOLD,Papua,2020-10-27,149,4.51,True
4d78f912-b1e3-4f68-823d-67a9aaf711fc,Toko_02551,BRONZE,Kalimantan Selatan,2018-09-05,322,4.51,False
e028192e-f58d-47e4-ae3e-ab9ea553956a,Toko_02552,SILVER,Yogyakarta,2023-01-01,11,4.95,False
33b56509-7d7d-41ba-a451-23604c1c678d,Toko_02553,BRONZE,Bengkulu,2022-01-20,362,4.36,False
8c3625fd-a366-4689-936a-f66233b4b284,Toko_02554,BRONZE,Riau,2021-07-30,235,3.72,False
6b6966fc-cd3b-47b3-9609-62aaea5789fb,Toko_02555,BRONZE,Lampung,2023-06-27,165,4.09,False
cec0a0e8-d212-4d71-b611-c5a932cb4333,Toko_02556,BRONZE,Sumatera Utara,2018-06-24,358,3.71,False
edc3fd61-18db-4d87-941c-23eafa8c0952,Toko_02557,SILVER,Gorontalo,2022-07-10,242,4.74,False
85499afe-f7b6-43c9-9b6f-fbabe4270031,Toko_02558,BRONZE,Aceh,2022-04-29,219,4.9,False
f6655837-0efd-49c5-8dd0-8d0d15d3e8e5,Toko_02559,GOLD,Kalimantan Barat,2019-09-04,209,3.73,False
1e71cada-741f-4e52-a912-6870490f270d,Toko_02560,GOLD,Yogyakarta,2019-12-09,82,4.19,False
8e64627e-d5e0-4271-af46-792bed588cc1,Toko_02561,BRONZE,Kalimantan Barat,2023-04-19,81,3.54,False
410e3fe8-55dc-4815-aa6e-158fc4bef8f0,Toko_02562,SILVER,Sumatera Utara,2021-05-28,429,4.91,False
b3147d59-e7b0-4748-a8de-3c7f6ecbbd24,Toko_02563,BRONZE,Sulawesi Utara,2023-08-07,226,3.87,False
2fadf14c-41b3-4fe7-ab9b-c77f63305315,Toko_02564,SILVER,Papua,2018-09-02,185,4.92,True
00e79d42-7890-473f-b2f8-4632a7bed410,Toko_02565,BRONZE,Sulawesi Utara,2021-03-31,77,3.47,False
6d235516-80b3-47ea-a9d7-319359d5bf45,Toko_02566,GOLD,Kalimantan Tengah,2023-07-03,11,4.91,False
fdf7580d-101b-4ac9-9cad-cbfb46e7c7fa,Toko_02567,BRONZE,Lampung,2022-10-24,318,3.24,True
add0f52d-04e4-458a-b5d2-18c7ec39f26a,Toko_02568,BRONZE,Aceh,2022-03-10,418,4.38,True
ebdfa85c-fabc-4ebf-8385-96f7ac04c2c5,Toko_02569,SILVER,Sulawesi Utara,2018-09-16,14,3.89,False
25ebd5ed-7a7a-42d0-a634-7127eb56073d,Toko_02570,BRONZE,Kalimantan Timur,2020-08-14,470,4.74,False
57d4e096-48b8-4ad8-88b7-d7780bfa7215,Toko_02571,GOLD,Sulawesi Utara,2021-02-23,289,3.68,False
6666c82d-04fb-4122-8efc-cd59afe97617,Toko_02572,SILVER,Yogyakarta,2019-06-05,499,3.64,False
8b6be2bf-1cb0-418b-9a99-b84d94caffab,Toko_02573,PLATINUM,Sumatera Barat,2020-08-28,421,4.64,False
7b7f6cf7-3caa-4d69-b81f-4c397d46d4b2,Toko_02574,SILVER,DKI Jakarta,2021-07-07,266,4.76,False
703e3c35-d03e-47fb-924d-bda7a35a6084,Toko_02575,BRONZE,Kalimantan Timur,2018-11-30,275,3.98,False
2e2b32fa-5545-4e02-b192-121261bffecb,Toko_02576,GOLD,Aceh,2020-12-25,39,3.9,False
4cc13e2d-19ae-4bcd-9aaf-bdc0827b7c75,Toko_02577,GOLD,Riau,2019-08-10,191,4.7,True
2061967b-820b-4750-8fa6-bbef17ef6c14,Toko_02578,BRONZE,Nusa Tenggara Timur,2018-01-13,172,3.71,False
8c6989aa-d54a-4f02-879a-8b035609995e,Toko_02579,SILVER,Jambi,2021-01-22,494,3.64,False
8231a6c3-040f-4bf6-b04d-e9136a88a1e7,Toko_02580,SILVER,Sulawesi Tenggara,2020-03-30,426,4.62,False
fd4b629a-9907-461e-8d78-cd3ad3f5312c,Toko_02581,GOLD,Nusa Tenggara Barat,2019-05-09,156,4.47,False
f8df7ae0-f12f-4c9b-af40-b843f27613d9,Toko_02582,BRONZE,Jambi,2023-08-27,149,3.5,False
adfad27e-3c47-4667-9550-2499c64d0b0b,Toko_02583,SILVER,Bangka Belitung,2018-02-14,157,3.52,True
2ded4cb3-a44e-4f0a-b477-50fd7297ac5a,Toko_02584,BRONZE,Nusa Tenggara Timur,2022-09-23,45,3.74,False
3da4fd5f-44c5-4cb8-b825-e2d05b6c1f62,Toko_02585,PLATINUM,Sulawesi Selatan,2022-04-14,289,3.31,False
4aee792c-1cc6-4e0a-af46-0cc505b64195,Toko_02586,BRONZE,Gorontalo,2021-01-25,238,3.55,False
599daa5e-3f40-48c2-b0a7-a9f11fdce4b2,Toko_02587,SILVER,Sumatera Utara,2019-06-11,170,4.91,True
1c2a1c76-5035-4cd1-a8dc-fe20541c6241,Toko_02588,GOLD,Sulawesi Tenggara,2023-05-09,193,3.28,False
f9e64b51-997d-4df9-a0ac-40927dcb0047,Toko_02589,BRONZE,DKI Jakarta,2022-11-14,335,3.65,False
cfd663c4-b943-44c8-a8b3-efe9995da480,Toko_02590,SILVER,Bengkulu,2018-05-22,334,3.57,False
c06cd4fc-fb32-40a5-bfdb-720d7569493c,Toko_02591,SILVER,Yogyakarta,2023-09-27,33,4.45,False
c0cbada0-9c58-435a-b58d-5c17a5714896,Toko_02592,SILVER,Gorontalo,2018-10-06,76,3.3,False
b332e8ea-e4cd-4fc9-9d6e-854f9123953e,Toko_02593,PLATINUM,Sumatera Barat,2019-01-12,391,3.72,False
fafa2b1d-ae55-477a-b1c8-75fafa0f14ed,Toko_02594,BRONZE,Kalimantan Timur,2018-10-12,257,3.8,True
eedb53b0-3807-4392-b3a5-de8ebe4ecbf2,Toko_02595,BRONZE,Jambi,2022-06-10,360,3.31,False
6fcab896-e4fc-446e-8994-bef93fa201a6,Toko_02596,GOLD,Sulawesi Selatan,2019-10-14,64,4.53,False
3bd5c449-6a25-4451-b026-3e70eeb3f1ec,Toko_02597,BRONZE,Jawa Barat,2018-04-10,31,4.29,False
c0a7d6db-61fb-420e-86dc-715795219e38,Toko_02598,SILVER,Jawa Barat,2020-06-16,393,3.47,False
d8cd8c90-34b4-4b72-bbec-438475266eb1,Toko_02599,GOLD,Sulawesi Tengah,2021-08-01,170,3.78,False
fa02729d-e495-4f1f-ade5-46cd15c9455e,Toko_02600,BRONZE,Sulawesi Tengah,2021-04-01,257,3.05,False
6a2350ce-234e-4243-8381-6a666224c30f,Toko_02601,BRONZE,Jawa Tengah,2018-06-14,107,4.18,False
74543234-748b-4a7c-8315-b1bfeabe0036,Toko_02602,SILVER,DKI Jakarta,2021-12-02,364,3.16,False
80afa3b7-a6a9-4f22-a0ef-14f7a743fde5,Toko_02603,SILVER,Kepulauan Riau,2019-11-04,208,3.43,False
0def0d5c-e4fa-414a-8c89-797c530febe8,Toko_02604,GOLD,Aceh,2021-02-26,141,4.11,False
d06e70ea-b940-4015-99a4-512eccd43da6,Toko_02605,BRONZE,Sumatera Selatan,2020-11-15,176,3.39,False
62d2426c-60cc-46d1-ace1-1b7f0cc23c47,Toko_02606,BRONZE,Nusa Tenggara Timur,2021-03-14,236,3.06,False
fb42bf8e-7e46-4239-9e7c-f10cf70e19ff,Toko_02607,SILVER,Sulawesi Tengah,2022-07-20,109,3.37,True
542c4f2c-4109-48f1-bdf4-dcf537343445,Toko_02608,GOLD,Aceh,2020-04-22,107,4.52,False
42f59fe4-ddb7-4333-b662-86e76d67ae8f,Toko_02609,BRONZE,Maluku,2020-05-27,458,4.19,False
54399edb-4c9d-4d91-959d-f360f3c769f7,Toko_02610,SILVER,Nusa Tenggara Timur,2020-07-30,295,4.78,False
e1e1ae53-0984-4c3f-9508-e07a365ef338,Toko_02611,BRONZE,DKI Jakarta,2021-06-23,11,3.43,False
567422f6-d917-4486-8489-8c42aa1dbf65,Toko_02612,BRONZE,Sulawesi Utara,2022-05-11,373,3.65,False
cfb3a251-ad46-4d85-8db8-182a7d98cc21,Toko_02613,SILVER,Sumatera Utara,2023-07-07,250,4.12,False
3fae6a76-d5d1-47db-ad28-18be0e03772c,Toko_02614,PLATINUM,Bangka Belitung,2020-10-14,44,4.23,False
15e97cbf-cb61-4362-943e-68940351a2ac,Toko_02615,GOLD,Nusa Tenggara Barat,2018-07-24,443,3.02,False
9d27622f-e4b0-4af5-8ab1-30edd9ea823c,Toko_02616,BRONZE,Sulawesi Selatan,2022-04-12,378,4.14,False
c39595a6-b6e9-41f3-a493-eb171ccc41be,Toko_02617,BRONZE,Sumatera Selatan,2020-02-21,221,4.48,False
a2ae1ee0-b697-4b14-8781-25b4092cd2da,Toko_02618,BRONZE,Nusa Tenggara Timur,2018-04-02,157,4.54,False
d88da71f-6c90-4c89-89ba-99457abd8afb,Toko_02619,BRONZE,Riau,2023-02-15,481,4.86,False
d032486a-9954-4e42-bb06-8bc38025b738,Toko_02620,GOLD,Jawa Timur,2018-05-05,455,4.86,False
09f9c450-0085-490b-b0aa-bd4815b43217,Toko_02621,BRONZE,Jawa Tengah,2020-08-19,238,4.74,False
5d2a3612-5ee6-46a1-98ee-576def691367,Toko_02622,SILVER,Riau,2018-04-03,364,4.13,True
3d1d9adc-a73f-467d-bb22-62a5bf9f5adc,Toko_02623,SILVER,Sumatera Selatan,2018-09-24,208,4.36,True
83bc1f6c-388d-4622-afd9-5a55b3ebe7c4,Toko_02624,SILVER,Kepulauan Riau,2023-03-23,216,3.35,True
4c1a7941-3caf-433a-93e0-714677ba0417,Toko_02625,GOLD,Papua,2018-09-16,496,4.54,False
9400bd8f-d53d-407d-8b52-90cd66eb0e0b,Toko_02626,BRONZE,Sulawesi Utara,2020-04-10,415,3.53,False
4c9d1bb4-a0b3-4e05-98b6-aa5d9239296f,Toko_02627,PLATINUM,Sumatera Selatan,2020-08-19,358,3.9,True
2393fff0-0425-49e1-9ff0-d51b94f9ecea,Toko_02628,SILVER,Bangka Belitung,2022-11-19,291,4.9,False
37b362e5-2fcb-4a6f-bacf-06b4b74880fb,Toko_02629,BRONZE,Bangka Belitung,2018-07-13,151,3.73,False
01f58923-3921-49c5-85a8-ece6c7a04315,Toko_02630,SILVER,Sulawesi Utara,2019-11-03,196,4.32,False
9704515b-8d54-4668-9cbd-b17124207934,Toko_02631,SILVER,Banten,2021-08-06,381,4.28,False
7f5c4b2f-2788-4ea5-8e3f-8bb663730375,Toko_02632,SILVER,Kalimantan Selatan,2023-03-30,182,4.53,True
75c9991d-d35d-4d1e-8c40-a9431371ee03,Toko_02633,SILVER,Yogyakarta,2023-07-19,350,4.08,False
6cee6911-ee04-4180-b6af-146da5214874,Toko_02634,BRONZE,Nusa Tenggara Barat,2020-11-03,458,3.28,False
6ab18901-a924-44b9-b0f9-f4e6c8ea7a5b,Toko_02635,SILVER,Sulawesi Selatan,2019-11-04,460,3.09,False
8c762d3b-961c-4761-9a1c-0ccbfcddd65d,Toko_02636,GOLD,Nusa Tenggara Timur,2019-08-18,311,3.68,False
bf63ef4e-3181-4a56-9508-39f2b39b6240,Toko_02637,SILVER,Bangka Belitung,2019-07-26,422,4.58,False
00bb14ec-0dac-46e5-acd0-d5cbe44e57ca,Toko_02638,BRONZE,Kepulauan Riau,2022-09-13,455,3.22,False
45b3db0b-8c44-4018-ac42-0a48ec059787,Toko_02639,BRONZE,Jawa Timur,2018-01-17,135,4.87,False
85ac8bbc-a8e7-41f0-a19a-bdba95bd3f86,Toko_02640,BRONZE,Sumatera Barat,2021-10-03,255,3.23,False
dfd373d0-eadd-487e-9746-164771b5559f,Toko_02641,GOLD,Sulawesi Tenggara,2022-06-06,272,4.31,False
bd1735e9-8bf0-4e49-9237-72075d65e40b,Toko_02642,SILVER,Aceh,2022-07-30,357,4.5,True
7d31d858-9d8b-4bee-82de-7a51d5ada49a,Toko_02643,SILVER,Sulawesi Selatan,2019-09-30,432,4.39,False
605f0a13-c7c3-408b-98bc-0d527ad5af6c,Toko_02644,SILVER,Yogyakarta,2023-08-29,414,3.22,True
92ac508b-0c80-4dd4-ae9e-4149a522c9ea,Toko_02645,BRONZE,Lampung,2020-09-17,391,3.81,False
f362af68-0e10-4856-b2bc-5ba74474f6d5,Toko_02646,SILVER,Jawa Timur,2020-02-22,17,3.03,False
dad2aa77-8d85-488b-8a96-9115a55ce520,Toko_02647,BRONZE,Kepulauan Riau,2018-10-20,39,3.51,False
9091bce9-340d-491b-9fcc-9a2869b8f062,Toko_02648,BRONZE,Kalimantan Selatan,2022-07-09,10,4.4,False
f677cd58-ca33-49dc-8e1d-530bcb01b9d6,Toko_02649,BRONZE,Sumatera Selatan,2021-05-29,224,4.24,False
2dc5e81c-423a-44ea-9568-b7aa3354d18f,Toko_02650,SILVER,Bali,2018-06-21,352,3.98,True
d20070b1-9e44-4d89-8057-09ec634c330f,Toko_02651,BRONZE,DKI Jakarta,2020-11-13,363,3.95,False
3b686ef3-c88b-4e23-8870-99d51ccd8e3a,Toko_02652,GOLD,Bengkulu,2019-02-06,221,4.38,False
62c45886-1270-4133-970d-c65e4f1160eb,Toko_02653,BRONZE,Papua,2023-07-02,18,3.76,False
4b17d40a-3925-48a4-b915-0138f3988828,Toko_02654,GOLD,Jawa Tengah,2023-04-30,134,4.09,True
3a56dbf3-f268-41ab-b536-0ecb265c0b1b,Toko_02655,SILVER,Maluku,2019-01-21,237,3.76,False
18a620fd-bde4-4c8f-a713-f5b6937bbf2b,Toko_02656,SILVER,Sulawesi Utara,2018-05-21,170,3.62,False
40fd3294-16c4-483d-8418-16c8b63a102a,Toko_02657,GOLD,Sumatera Selatan,2022-08-09,53,3.02,True
87bd94ca-ef2a-431b-9488-4e54c53e2810,Toko_02658,GOLD,Bengkulu,2018-04-26,483,4.01,True
df787daa-354e-4abc-848e-de4596df50d8,Toko_02659,BRONZE,Riau,2022-05-09,415,4.85,False
1718c929-4e50-4c33-b2b5-484f58fd4b9f,Toko_02660,BRONZE,Bali,2019-04-27,362,4.03,False
9b96d480-248c-49af-97c2-230fa792a6cd,Toko_02661,SILVER,Bangka Belitung,2019-10-29,25,3.58,False
5219b16e-1fa3-405d-b60f-cc31ef56e309,Toko_02662,BRONZE,Banten,2018-11-11,106,3.96,False
2519e8a0-96d0-472d-b77d-e609d9cea404,Toko_02663,BRONZE,Aceh,2019-12-25,400,3.75,False
20ab549d-b4dd-4da6-ae20-6074c5ba2067,Toko_02664,BRONZE,Bangka Belitung,2023-07-14,122,4.43,False
1e63da1d-dab2-4499-8366-e53819af932f,Toko_02665,PLATINUM,Jawa Timur,2019-02-20,89,3.28,False
aadf94c7-abe0-4ff5-be3d-f7d1eec747dd,Toko_02666,PLATINUM,Bali,2018-04-07,229,3.99,False
42cd211f-5c5f-464d-b550-74c6cee16887,Toko_02667,BRONZE,Maluku,2023-11-22,464,4.39,False
c8748909-ce47-47fe-93a4-0bf916cac271,Toko_02668,BRONZE,Sulawesi Utara,2018-05-18,147,3.87,False
337a2e5c-cda3-4105-a996-57e64dd8dee8,Toko_02669,BRONZE,Jawa Tengah,2020-12-12,454,4.9,False
eedb2946-a2fc-412a-8ee5-1b6d6b49b333,Toko_02670,BRONZE,Gorontalo,2020-09-23,469,4.86,True
8c6ad11f-e68f-4c76-bcc9-d50ac3158854,Toko_02671,BRONZE,Jawa Tengah,2020-02-05,345,3.39,False
826d4787-4840-4b0c-9bd4-511f896ade1a,Toko_02672,SILVER,Sulawesi Tenggara,2020-12-13,249,3.13,False
621212ad-f640-4894-a26a-cb11e2693a8f,Toko_02673,BRONZE,Kalimantan Tengah,2019-04-20,291,3.08,False
2332af43-5c1b-4caa-bcb0-e6e7951b3931,Toko_02674,BRONZE,Aceh,2022-05-20,10,3.74,False
5e111a26-41b2-471b-b4eb-ab2c82132f25,Toko_02675,BRONZE,Sulawesi Tengah,2020-12-25,304,4.06,False
478b6e47-222b-40a0-a632-b74046aa199a,Toko_02676,GOLD,Kalimantan Timur,2020-09-25,445,3.96,False
6bbdc0b4-761c-4654-8875-2e5684d91125,Toko_02677,SILVER,Sulawesi Utara,2023-05-15,114,3.2,False
c6831e21-1476-42ca-97d6-a1231da45585,Toko_02678,SILVER,Sulawesi Tenggara,2018-10-18,79,4.33,False
5da4f3dd-ccb0-43ac-a33f-5607f260dc52,Toko_02679,BRONZE,Bengkulu,2018-10-06,249,4.03,False
0776a658-7a1b-4b0c-9b26-4c30385151df,Toko_02680,SILVER,Sumatera Barat,2022-08-21,434,4.25,False
8e0dbab8-a2ca-4f91-868d-6fa297398c27,Toko_02681,GOLD,Kalimantan Tengah,2018-09-02,390,3.86,False
b869cf40-91f3-4608-aa7d-eaf6e6c87908,Toko_02682,GOLD,DKI Jakarta,2020-02-28,348,4.45,False
71c4c5de-be3d-412b-8a75-a2d2f2cca7db,Toko_02683,BRONZE,Kepulauan Riau,2020-07-09,388,4.82,False
3f65929d-9285-4eb2-bd91-6d2c9baa34fa,Toko_02684,PLATINUM,Sulawesi Tengah,2022-07-24,335,4.74,False
74ce5bd5-b4e4-4c10-a6d9-90e3ca4ae42b,Toko_02685,BRONZE,Sulawesi Tengah,2021-03-24,259,4.55,False
796dfa8c-b4b8-4854-b3f0-991bf7291951,Toko_02686,BRONZE,Jawa Tengah,2018-12-14,365,4.78,True
914e0772-cb1f-4239-bb37-e89ca06c903b,Toko_02687,SILVER,Kalimantan Selatan,2021-02-10,206,3.56,False
adc1a86e-4fb4-49b9-82bd-6f6a1cd33d5a,Toko_02688,PLATINUM,Kalimantan Timur,2021-05-28,433,4.07,False
9a2dfefb-7bff-4ccc-889d-9c3121fb900c,Toko_02689,BRONZE,Sulawesi Utara,2023-09-26,254,3.77,False
866e7024-eee8-4d1f-b417-bd60be75e590,Toko_02690,SILVER,Maluku,2019-07-17,245,3.67,False
425bdbe5-4559-44c8-ba7b-6e2648e9e99f,Toko_02691,PLATINUM,Sulawesi Tenggara,2023-10-19,320,4.26,False
9e319410-e56f-46ee-bd9e-582376592d87,Toko_02692,BRONZE,Riau,2021-03-29,309,4.03,False
9497a29a-eb22-4446-9b65-bc174739647f,Toko_02693,GOLD,Gorontalo,2020-09-07,294,3.38,False
dad0cc41-f85a-4582-90eb-de582e77c91e,Toko_02694,BRONZE,Kalimantan Timur,2023-10-22,351,3.82,False
140bdaad-ecc7-455d-ba78-72da52bda4e4,Toko_02695,BRONZE,Papua,2020-02-11,398,4.23,False
6efb5bbc-11d3-4c9f-93f2-c203b453235c,Toko_02696,GOLD,Maluku,2021-04-23,102,4.37,False
6d6d72ca-53d2-4800-8512-0ee8c6297697,Toko_02697,SILVER,Kalimantan Timur,2020-04-17,413,3.93,False
8e9fd5cf-8ade-4337-8fec-6a428e9b46fc,Toko_02698,BRONZE,Aceh,2021-04-08,331,3.49,False
f005b95a-2abe-40c7-9d86-eb7f38a20812,Toko_02699,SILVER,Kalimantan Timur,2020-01-20,459,4.29,False
581f79f5-1b34-4324-b2f7-beff31b03a5c,Toko_02700,BRONZE,Sulawesi Utara,2021-01-13,482,4.14,False
3a9fa96c-5c90-498e-9686-a54917f2c04b,Toko_02701,BRONZE,Nusa Tenggara Barat,2018-10-23,134,3.25,False
ae3b3002-06d4-4f40-8b67-a79f20ba5b75,Toko_02702,SILVER,Kalimantan Barat,2018-01-14,39,3.38,False
92700487-134d-4dc7-8f9f-bc1479dac38b,Toko_02703,GOLD,Sulawesi Selatan,2021-02-08,266,4.13,False
c690ed41-533b-44b1-8b42-8fbb951b5b5f,Toko_02704,BRONZE,Kalimantan Tengah,2023-06-29,309,3.22,False
37f05178-38be-4994-9734-bf2ccaabaac0,Toko_02705,BRONZE,Banten,2020-01-12,67,3.72,False
54fba21d-4fbd-4e38-8b28-3c9214ce3181,Toko_02706,BRONZE,Bangka Belitung,2018-10-15,147,3.21,False
dccfffca-28cd-41e2-b923-6ba67b5a7554,Toko_02707,BRONZE,Jawa Timur,2022-09-30,109,3.08,False
a4bc983a-270a-4855-aa29-2cd059df4784,Toko_02708,BRONZE,Jawa Timur,2021-10-14,324,4.44,False
70c9f787-21b0-411d-85f1-b916f949d94b,Toko_02709,BRONZE,Sumatera Barat,2020-12-28,480,4.11,False
d294927e-4d7a-4ac6-9c3b-6e3d0e15c5b3,Toko_02710,BRONZE,Sulawesi Tenggara,2021-07-21,395,3.44,False
ac20a637-7638-43a1-9ac8-98ed21868d38,Toko_02711,GOLD,Sumatera Selatan,2018-03-13,493,3.32,False
49a4c412-f9ae-4ec4-a5bd-638e31501fd4,Toko_02712,SILVER,Riau,2023-06-15,68,3.19,False
91c78c15-c6eb-4965-a5cd-371b1605b256,Toko_02713,BRONZE,Sulawesi Selatan,2019-11-10,461,3.35,False
781b653e-5ede-4a38-a969-e6f0a9c11a4b,Toko_02714,BRONZE,Sumatera Barat,2021-06-17,227,4.16,False
1264a328-c590-4de5-850a-bc4c8ce15003,Toko_02715,BRONZE,Sumatera Selatan,2020-08-09,56,4.69,False
387e2bea-2b22-4453-a13a-388eca0aa043,Toko_02716,BRONZE,Banten,2022-04-24,440,4.23,False
a8a84655-3b98-4c4a-91c4-9545f9ccbaef,Toko_02717,SILVER,Riau,2020-04-20,456,4.35,False
0bcd1777-da14-469e-bcde-9f1528253dff,Toko_02718,GOLD,Kalimantan Timur,2021-08-12,15,4.0,False
20d5b906-ca1d-40c0-aaa4-27bc75c07f7f,Toko_02719,GOLD,Nusa Tenggara Barat,2020-04-21,195,3.29,True
2e36a212-5958-490e-807f-34416a8f7d7a,Toko_02720,GOLD,Papua,2022-03-27,91,4.58,False
21fd1080-03f7-48d3-923f-e220b18e0de6,Toko_02721,BRONZE,Kalimantan Barat,2021-01-27,132,4.43,False
58a3a3db-d736-479e-9361-ce64ec7bb883,Toko_02722,BRONZE,Yogyakarta,2023-04-08,496,3.05,False
606c56f4-be18-4c3c-8f8e-5cbb9b0e3ce1,Toko_02723,BRONZE,Maluku,2018-09-22,236,4.43,True
b05b5ab4-dcf4-4326-bb54-d6cedc8ae8d7,Toko_02724,SILVER,Kalimantan Selatan,2022-04-10,15,3.98,False
cedda911-0682-4767-8b1e-7e4630d55f94,Toko_02725,GOLD,Jawa Tengah,2022-11-27,135,3.7,False
987f677e-ebd3-4816-b540-0abfe765a867,Toko_02726,GOLD,Riau,2023-05-15,85,3.34,False
839b1672-31ad-4bff-8950-9e1041bb8b44,Toko_02727,SILVER,Nusa Tenggara Barat,2023-12-15,419,3.39,True
c1589b21-e8cd-471f-8be0-96541418b7bb,Toko_02728,BRONZE,Jawa Barat,2020-07-25,51,4.41,False
83b9ea7a-44a8-44b8-b700-79dbab116c5c,Toko_02729,SILVER,Sulawesi Tenggara,2018-07-25,133,3.16,False
a9818947-85bf-44d5-8ec2-dc516ceb4deb,Toko_02730,SILVER,Lampung,2019-08-04,444,3.87,False
0bd878f1-72ef-4ff0-8be2-0572273cc2f9,Toko_02731,BRONZE,Kalimantan Tengah,2021-06-30,90,4.04,False
f289965a-fc7b-494c-9eb0-5b4bbb30fad7,Toko_02732,BRONZE,Jawa Barat,2019-12-22,152,4.1,False
dd0112d7-f74e-43a4-b63a-566471355134,Toko_02733,GOLD,Sumatera Barat,2018-03-12,418,4.92,False
802a84ab-67f1-46b2-acd3-1da496af2c66,Toko_02734,BRONZE,Bengkulu,2019-02-20,142,4.63,False
eb174007-fdec-478f-b6f6-f9f0c72dd51c,Toko_02735,BRONZE,Sulawesi Selatan,2022-02-20,375,3.36,False
6b35170c-9bb0-4586-b245-5335da231b7f,Toko_02736,BRONZE,Jambi,2018-02-05,171,4.71,False
be42ca45-a4a7-408f-a7d0-ed892a789d27,Toko_02737,SILVER,DKI Jakarta,2023-08-14,263,4.79,False
ba52f669-b1a9-4e2b-921f-df18140fb9c3,Toko_02738,BRONZE,Sulawesi Utara,2019-10-01,438,3.26,False
2a10ba01-c92b-4df7-874b-a04d7803554f,Toko_02739,GOLD,Bali,2021-02-17,241,3.49,False
870681a3-3b8c-4a46-b2a6-90a06be600b4,Toko_02740,BRONZE,Sumatera Barat,2019-10-26,332,4.21,True
423841c8-eb67-47b1-be4c-10a806f084b5,Toko_02741,PLATINUM,Banten,2018-01-03,152,3.92,False
c6a05f3f-9d50-4fa7-b794-4163f1d8f8b6,Toko_02742,SILVER,Kalimantan Barat,2022-07-13,460,4.05,False
7f2d435c-1d77-44bb-97e4-bad445426dfd,Toko_02743,PLATINUM,Kalimantan Selatan,2022-07-18,389,3.5,False
8b5fbbf9-2b0e-4f30-8f98-c20adcb2d75e,Toko_02744,BRONZE,Bangka Belitung,2023-08-09,69,4.61,False
4246a87b-6289-45d9-80ec-9334e28d8c82,Toko_02745,SILVER,Kalimantan Selatan,2021-05-07,64,4.21,False
52b05091-648c-4be2-be8a-1d1043cc1b6b,Toko_02746,BRONZE,Kalimantan Selatan,2018-04-08,166,3.97,False
51d037c5-2030-4216-a5ce-18b3651cf6a2,Toko_02747,BRONZE,Bengkulu,2019-08-26,235,4.73,False
464e87fb-d0a7-42f0-ae1e-a112cdccdac9,Toko_02748,SILVER,Nusa Tenggara Timur,2021-05-21,207,3.49,True
58473a7e-ce0b-483f-9160-dc59e3d8491c,Toko_02749,BRONZE,Sulawesi Selatan,2020-11-01,254,3.8,False
5ed173be-29b3-430b-8256-2f599ce2a0b5,Toko_02750,BRONZE,Sumatera Selatan,2023-03-13,71,3.83,True
a371f2a4-a80c-4719-8e7e-8d5a13c19f55,Toko_02751,PLATINUM,Yogyakarta,2019-02-19,156,3.75,False
563ed80a-6125-4925-a07f-5adb72ea9481,Toko_02752,GOLD,Yogyakarta,2022-11-11,44,4.2,False
19a69a8a-26d0-46bd-9589-9b5eed2fe46c,Toko_02753,SILVER,Sulawesi Utara,2018-06-15,483,4.96,False
83c92e7c-b3fe-43d5-a6f6-f465b1e499b5,Toko_02754,BRONZE,Kalimantan Timur,2020-03-03,163,4.84,False
f90b9df8-ad60-4c2c-ac49-2e842a30835a,Toko_02755,PLATINUM,Banten,2021-01-09,35,3.05,False
4f70f2f5-c4d6-490b-9c07-8737cc62b25e,Toko_02756,SILVER,DKI Jakarta,2023-01-11,211,3.67,False
f6334cd2-7eec-4d57-bc47-1ee9f14b214d,Toko_02757,BRONZE,Kalimantan Timur,2021-03-13,193,3.1,False
9a920aba-3fda-460f-9ff7-3f6916e8808d,Toko_02758,BRONZE,Sulawesi Selatan,2023-06-20,226,4.53,True
a6852817-c0a2-47b5-8225-d885fb70d2d2,Toko_02759,GOLD,Aceh,2023-09-04,39,5.0,False
dc91488b-f3a1-4ea9-85df-ad9625d360d2,Toko_02760,GOLD,Kalimantan Timur,2022-12-07,379,4.45,False
150eebbb-98d7-4ba8-b7e0-ce5d5422e340,Toko_02761,BRONZE,Gorontalo,2020-03-15,52,4.23,False
1c9ed1f2-fdcb-4c13-b961-5b47707fd363,Toko_02762,BRONZE,Jawa Barat,2021-05-25,11,4.91,False
c33668ab-bdf3-4047-b3b1-9c34249d26ef,Toko_02763,SILVER,Kalimantan Tengah,2019-09-14,223,4.09,False
46e033f8-abbc-4110-bf6e-fbf44ddbfd10,Toko_02764,GOLD,DKI Jakarta,2018-09-29,88,4.72,False
9190bd15-4e0f-4444-9a4f-527351a1aa08,Toko_02765,SILVER,Jawa Tengah,2020-06-16,244,4.83,False
71625b00-1506-4b3b-a79c-7c23bb5a9cd1,Toko_02766,SILVER,Jawa Timur,2018-11-24,347,3.92,False
aafbdc3b-3277-4742-9e9a-ac9916824f4d,Toko_02767,SILVER,Kalimantan Selatan,2023-04-05,494,4.91,False
7e7ca969-1724-47c2-aacb-fa29b8dc769d,Toko_02768,SILVER,Yogyakarta,2021-09-16,328,4.33,False
ef467cbd-df16-46b6-bf4e-58768fb5d6c6,Toko_02769,SILVER,Kepulauan Riau,2023-11-01,354,3.56,False
25dc2d91-f640-49ed-908e-b99aacbfc166,Toko_02770,GOLD,Sumatera Barat,2018-04-02,227,3.97,False
3ebb85da-2dee-4b5d-9442-b73fe092e4f6,Toko_02771,SILVER,Sulawesi Utara,2022-07-16,31,4.9,False
f3de3421-6adc-460f-b27a-befd02346718,Toko_02772,GOLD,Jawa Timur,2019-08-30,289,3.45,False
90d6bd84-f1e7-41a4-95a8-15e88587c768,Toko_02773,GOLD,Sumatera Barat,2023-03-17,468,3.31,True
10674155-169b-4d07-9435-eadc85802dc2,Toko_02774,SILVER,Kalimantan Selatan,2022-08-18,385,3.8,False
83f5a283-90b6-4bfc-aef9-f26d3b46258f,Toko_02775,BRONZE,Sumatera Barat,2019-10-28,324,3.96,False
807bebac-2111-4af7-bad1-b5ed2aba265f,Toko_02776,BRONZE,Kalimantan Timur,2018-08-22,228,3.81,False
067dd5de-d132-422e-b62e-80b9b80c8e0a,Toko_02777,BRONZE,DKI Jakarta,2021-09-29,485,3.74,False
9311fb6c-14c2-4694-a179-1e61214cbffd,Toko_02778,SILVER,Sulawesi Utara,2022-06-12,306,3.43,False
e385943e-7c26-4b61-98cc-5be92e0a401b,Toko_02779,BRONZE,Sumatera Barat,2019-11-07,177,3.32,False
58d295cb-c7ee-4b31-b50b-c1ad0649bf5c,Toko_02780,BRONZE,Jawa Tengah,2019-02-17,47,3.16,False
35a004a0-e94e-47bf-9c72-7bb796ed04e2,Toko_02781,BRONZE,Kalimantan Tengah,2023-07-11,464,3.18,False
2cf38e73-81d0-413d-9c61-54ec749788dd,Toko_02782,GOLD,Nusa Tenggara Timur,2019-09-15,31,3.0,False
28c0fae6-0f01-4375-88ba-28ea1cad769a,Toko_02783,BRONZE,Kepulauan Riau,2022-02-11,352,4.37,False
fe39909a-97de-4d9d-9e4e-cebcdc7baef7,Toko_02784,BRONZE,Bali,2018-12-25,25,3.33,False
2ff29e9d-6d6c-4dc9-8779-8d3b3f2fc89f,Toko_02785,BRONZE,Bali,2018-12-04,25,4.23,False
35f22d53-8d13-49e8-b69a-0323d8de59c1,Toko_02786,BRONZE,Sumatera Utara,2022-05-20,426,4.99,True
d1046d2d-e35c-41b6-af23-1c263a3a07d7,Toko_02787,SILVER,Nusa Tenggara Barat,2023-11-25,41,4.66,False
6da3d5a7-3d80-4bcb-b1f3-ca3ef2cb6a3f,Toko_02788,BRONZE,Nusa Tenggara Barat,2020-11-30,85,4.29,False
7a85b9cb-b3e5-4c81-a28d-b9919420ec3c,Toko_02789,BRONZE,Nusa Tenggara Barat,2020-07-05,357,3.57,False
d3ef8092-095c-4aa6-be44-14e09745897b,Toko_02790,BRONZE,Sumatera Utara,2023-04-21,419,3.91,False
dd5bd38c-b489-45ca-b410-f18137ee21a5,Toko_02791,BRONZE,Nusa Tenggara Timur,2022-07-01,219,4.61,False
63ae8649-9c1a-4c90-b86a-319d86409438,Toko_02792,PLATINUM,Lampung,2021-08-30,112,3.48,True
29504c62-760a-45bc-8eb8-400e32430a1d,Toko_02793,BRONZE,Jawa Tengah,2018-08-29,305,4.75,True
1ca786f2-a69a-4341-a1c1-b0374e9ac467,Toko_02794,PLATINUM,Banten,2019-09-04,375,3.15,False
d81f9658-f741-4e08-a097-7999ef470f95,Toko_02795,SILVER,Bali,2020-09-06,372,3.96,False
05f70121-53ca-4254-a807-b13dbc36ae9a,Toko_02796,GOLD,Papua,2021-05-24,484,4.42,False
3a2156ca-4ddd-4a1b-9fa0-1b0967e300e3,Toko_02797,SILVER,Kalimantan Selatan,2019-10-04,205,3.38,True
1dd4701a-5bae-4f24-abec-0025a1ceb093,Toko_02798,BRONZE,Bangka Belitung,2020-10-29,204,3.37,False
4b87a698-1515-484b-bf59-29f39368c6c8,Toko_02799,SILVER,Kalimantan Barat,2021-08-18,235,3.27,False
3e43d572-cafd-49eb-b39c-d17c82b2d304,Toko_02800,PLATINUM,Kalimantan Tengah,2021-07-13,495,4.83,False
e33b3f23-8445-4d18-9437-5f67f5010216,Toko_02801,SILVER,DKI Jakarta,2019-11-04,493,3.5,True
679750cc-13e5-4018-8444-88f86d60e5d2,Toko_02802,GOLD,Kalimantan Timur,2019-08-30,26,4.77,False
2e7a5c22-86ac-449f-9bfd-5c8da1a46884,Toko_02803,SILVER,Riau,2020-04-08,374,3.36,True
00275eeb-bf4b-4121-8b21-8a6e658d5b9a,Toko_02804,BRONZE,Kalimantan Selatan,2021-11-05,414,4.23,False
9a44f54c-1ea1-4fed-a168-2588a0c2686f,Toko_02805,BRONZE,Bengkulu,2023-08-15,108,3.42,False
0ede81bf-0093-4171-a122-944a79ee4184,Toko_02806,SILVER,Aceh,2023-08-31,145,4.06,False
8a966129-1255-4174-952a-180b16948149,Toko_02807,PLATINUM,Nusa Tenggara Barat,2020-03-16,227,4.54,False
8122037a-3231-4aae-9706-b746f5497afe,Toko_02808,BRONZE,Aceh,2021-04-03,280,4.99,False
55d8928d-d422-46e7-904d-61af3dca54eb,Toko_02809,BRONZE,DKI Jakarta,2022-07-27,306,4.25,False
ca8700f7-9a1a-44fe-a686-38cf80cf044a,Toko_02810,SILVER,Yogyakarta,2022-09-06,480,3.93,False
5753318c-a980-4046-a147-d56b19df703f,Toko_02811,SILVER,Gorontalo,2021-07-14,432,4.18,False
7d2c3694-84f7-4321-ad74-af8af68ed70f,Toko_02812,BRONZE,Nusa Tenggara Timur,2018-06-08,423,3.46,False
135ee701-e8ff-48a7-8437-999d94dadb1e,Toko_02813,BRONZE,Riau,2018-01-18,276,3.46,False
c947be95-79c8-4128-b8ca-4eab564f4f44,Toko_02814,GOLD,Sumatera Barat,2022-06-15,6,3.86,False
05d48d76-06f0-4bb4-8471-f1875c297ae5,Toko_02815,GOLD,Riau,2022-09-04,13,4.0,False
4f8c5900-ba11-4a75-a95a-a60bba51b36c,Toko_02816,GOLD,Nusa Tenggara Timur,2021-06-08,398,4.2,True
c12af5a7-2bb2-4bbc-b627-b9264ffd81d2,Toko_02817,PLATINUM,Sumatera Selatan,2023-12-28,343,4.1,False
479122e0-5aa5-441e-a972-32b6c1e0ab01,Toko_02818,GOLD,Gorontalo,2022-05-13,292,4.45,False
ba853aae-6e00-45e4-97f4-0623cb9ee4a1,Toko_02819,SILVER,DKI Jakarta,2022-10-26,45,3.66,False
2d3874ae-d40b-4eb8-a177-4699daf31c72,Toko_02820,SILVER,Jawa Timur,2019-06-16,481,4.5,False
721da748-e590-4128-b8a1-44237b6a3fd0,Toko_02821,SILVER,Papua,2020-11-19,217,3.32,False
0ba60b0b-cc89-46b0-a1c0-5a82b6abdb59,Toko_02822,SILVER,Kalimantan Selatan,2019-02-04,396,4.86,False
14322016-4cfd-453d-a631-4e09984ff267,Toko_02823,SILVER,Sulawesi Tenggara,2018-10-08,44,4.97,False
42a6afb1-da8d-47de-a3da-8a95f933f021,Toko_02824,GOLD,DKI Jakarta,2020-09-08,38,4.56,False
cb868543-183a-43d9-9bcf-1c4221b89c95,Toko_02825,PLATINUM,Sumatera Utara,2019-04-10,396,3.9,True
52d7b933-1f20-4c79-a9b4-23d404968bb2,Toko_02826,GOLD,Bengkulu,2023-12-30,243,4.02,False
5d584831-4352-4475-b1ca-48d5f619d569,Toko_02827,SILVER,Jambi,2018-12-08,187,4.58,False
ea2b46f3-3d95-4315-ba53-e1e66b45515d,Toko_02828,BRONZE,Sumatera Selatan,2020-10-22,376,3.04,False
52e736f6-2e5a-4b4e-a0df-49ada27c2f8f,Toko_02829,GOLD,Jambi,2018-12-20,37,3.32,False
4ba20843-532d-4064-b7af-bb6b22b42763,Toko_02830,SILVER,Maluku,2023-12-31,104,3.96,False
2e121afa-8efe-4749-84d5-fc7032c599d2,Toko_02831,SILVER,DKI Jakarta,2021-10-25,441,3.78,False
9c7eae49-9fee-484c-be89-6acf45aee78b,Toko_02832,BRONZE,Sulawesi Tengah,2022-07-07,113,3.34,False
b8e210fd-dc3c-4031-ab8b-dbf6a675617c,Toko_02833,SILVER,Bali,2018-10-02,386,3.45,False
b9c56162-cc53-43ae-858a-5e14fe534e1f,Toko_02834,GOLD,Sulawesi Utara,2023-02-19,203,3.64,False
87113f6e-4eca-4fa2-8383-614402d91413,Toko_02835,GOLD,Jawa Barat,2023-01-30,101,3.01,False
7c2350c7-da54-41f4-b818-dad98d24106e,Toko_02836,PLATINUM,Gorontalo,2022-03-06,337,3.68,False
aa3ccbe3-d7c7-4f39-a73b-5aee29580dbf,Toko_02837,BRONZE,Kalimantan Timur,2023-03-14,48,3.27,True
6819a91e-f2bc-403b-a1a0-d821d8d4740e,Toko_02838,SILVER,Bengkulu,2019-04-23,308,3.27,False
b1181a40-108a-4b8c-9e51-656e37e199b4,Toko_02839,PLATINUM,Aceh,2021-10-27,66,4.25,True
86482e32-1d10-457f-a440-b821374ebd05,Toko_02840,GOLD,Kalimantan Timur,2020-10-04,164,4.07,False
24fc9a9e-294f-4c32-96be-a8208264ae58,Toko_02841,BRONZE,Jawa Timur,2018-08-13,485,3.6,False
77eb8868-bcb0-4e64-8147-daba86f12e82,Toko_02842,BRONZE,Riau,2022-04-04,83,3.56,False
6692f5ec-e151-4c15-b59d-e97441cc0162,Toko_02843,PLATINUM,Sulawesi Tengah,2022-01-30,43,4.0,False
cb64de57-dfde-4fd3-b2f2-9587eee5296e,Toko_02844,BRONZE,DKI Jakarta,2021-03-13,172,3.37,True
bc905970-7844-457e-b490-0e1cc4b0c4c6,Toko_02845,BRONZE,Sulawesi Tengah,2019-02-15,190,3.23,False
1b53c39f-23c9-4cbc-a2af-d53b95dacf7b,Toko_02846,GOLD,Kalimantan Timur,2019-05-22,98,4.15,False
b159134e-0f86-4984-a397-93ef8816ebe6,Toko_02847,BRONZE,Jawa Barat,2021-02-06,164,4.68,False
5999176a-630f-4693-9975-4894bcb97c09,Toko_02848,SILVER,Bangka Belitung,2018-11-23,420,4.43,False
61566b1f-8a00-459a-8c94-55c33fef9fac,Toko_02849,GOLD,Sulawesi Tenggara,2021-05-02,469,4.1,False
756ac75c-3619-4a25-b174-90e100f642d7,Toko_02850,GOLD,Bengkulu,2018-06-16,164,4.84,False
5e58ffa7-1e2f-41cf-894e-8defb0934dfc,Toko_02851,SILVER,Riau,2018-08-02,75,3.14,False
fce49fc1-7525-4441-ac7f-5eeee3de2f51,Toko_02852,SILVER,Jawa Timur,2023-05-08,26,3.94,False
27c88d38-a338-46ea-902e-adf9c89570ff,Toko_02853,SILVER,Riau,2019-10-13,307,4.88,False
5e43c76f-b794-476c-9671-b5559e23f7c5,Toko_02854,BRONZE,Kalimantan Timur,2019-11-21,99,4.3,False
99f6844a-524a-4fc9-8ac7-5d6d8be46a2a,Toko_02855,GOLD,Nusa Tenggara Timur,2018-03-10,245,3.44,False
9156c365-01ef-4c58-a505-f0873afa3926,Toko_02856,BRONZE,Kepulauan Riau,2023-09-19,127,4.98,True
5543e016-d68c-4adb-9f26-bb90daae289b,Toko_02857,SILVER,Riau,2020-02-08,257,4.1,True
997ba13d-9c4c-491b-8e2a-287efe416989,Toko_02858,BRONZE,Papua,2022-05-11,103,4.65,False
e5904c4b-223a-46a3-8c64-0b7f4ff38189,Toko_02859,BRONZE,Bali,2022-08-13,471,4.16,False
395667a5-2974-464e-9437-897b247ecfd5,Toko_02860,SILVER,Yogyakarta,2019-05-26,366,3.84,False
0934b543-19f7-4115-93bb-7d8695415c20,Toko_02861,SILVER,Jawa Timur,2022-07-20,307,3.38,False
f1929a24-1d88-4626-aee1-4df514137d12,Toko_02862,BRONZE,Sumatera Utara,2019-05-07,500,4.34,True
8574d871-3e7a-4cda-a0e6-520da146ada2,Toko_02863,BRONZE,Sumatera Barat,2018-07-10,379,3.14,False
0ac567f8-4eff-41bd-a066-800d55ecf7c0,Toko_02864,PLATINUM,Riau,2019-04-07,299,3.01,False
34d27ac9-6531-42ea-b7a2-8dd7c36eb780,Toko_02865,BRONZE,Maluku,2018-02-26,216,3.21,False
2ac00e41-596c-41b5-af0c-0274afcf4ecb,Toko_02866,BRONZE,Aceh,2019-05-20,449,3.74,False
26c4a24c-5f7d-4d07-9579-be26cc6df408,Toko_02867,BRONZE,Sulawesi Tengah,2021-01-31,232,4.33,False
86b61db3-56ec-4fb3-b080-28ab36dd45a6,Toko_02868,BRONZE,Kalimantan Barat,2021-12-17,101,4.74,False
4f3f9cc1-bd49-4157-8921-488ea3323119,Toko_02869,SILVER,Sulawesi Utara,2023-06-26,490,3.55,True
06128dc1-c613-47de-9222-e19b711b72eb,Toko_02870,BRONZE,Sulawesi Selatan,2019-10-12,36,4.56,False
65cb90ef-4f23-4b44-92ce-39ee6f614a1e,Toko_02871,SILVER,Sulawesi Tengah,2021-03-30,109,3.83,False
b093c2c9-645a-4f6d-a462-d6aca7aaeb8f,Toko_02872,BRONZE,Riau,2019-12-27,223,4.54,False
780accdd-cfc0-43fe-ab56-7073156541ba,Toko_02873,GOLD,Jawa Tengah,2023-02-05,183,3.61,False
b0139349-ea3b-4968-9a0e-41b50a632cf8,Toko_02874,BRONZE,Bangka Belitung,2021-02-02,434,3.95,False
ccbb3bb9-f3e7-434e-90a0-ec7b30e7f7c5,Toko_02875,BRONZE,Sumatera Barat,2022-11-30,468,3.27,False
fa58f0fd-9397-45fb-ac52-ce1d1b826ed9,Toko_02876,SILVER,Kalimantan Barat,2020-06-15,490,4.1,False
097bd06e-0558-4f1c-a6b5-a88123348d4c,Toko_02877,BRONZE,Riau,2022-02-27,272,3.51,True
6fca092a-fe8b-40fe-9977-3523ef5162ba,Toko_02878,GOLD,Sulawesi Tengah,2021-06-24,387,3.81,True
157fa8d7-882a-46ec-ae44-2c5a1d78e005,Toko_02879,PLATINUM,Jawa Timur,2020-09-15,465,3.57,False
3f926c58-eb64-4a0c-872e-32e01f6f4a50,Toko_02880,GOLD,Papua,2023-12-11,476,3.37,False
94a520e3-0ef5-4276-9d92-11428c4d2677,Toko_02881,SILVER,Banten,2018-03-22,172,4.54,False
80051fb8-3470-4841-805f-201d43fb7e98,Toko_02882,BRONZE,Kalimantan Timur,2018-01-06,251,3.39,True
59e71169-e662-4137-99a7-70ddbc950630,Toko_02883,BRONZE,Bengkulu,2022-10-07,133,4.39,False
26484310-fc45-41b9-aacf-c2c16f6a0f76,Toko_02884,BRONZE,Kalimantan Barat,2022-01-01,54,3.76,False
3e87bfac-1657-4bb3-809e-66d653e025fb,Toko_02885,GOLD,Kalimantan Timur,2018-07-07,444,3.67,False
95e5f1ca-6048-4fed-b99a-55399b9a540d,Toko_02886,BRONZE,Kalimantan Timur,2023-07-13,121,3.86,False
1c2d2eea-75cf-4f4b-a31a-1d33582e4683,Toko_02887,SILVER,Jawa Timur,2019-07-16,123,3.82,True
c0c70e08-6a98-4c90-ae58-840bef2945c5,Toko_02888,SILVER,Sulawesi Tenggara,2018-10-25,57,4.36,False
286996f1-9ce5-4216-a41f-7a7c20db974a,Toko_02889,BRONZE,Banten,2020-06-23,382,3.43,False
92a85659-3379-40d7-b9e9-9141c99206eb,Toko_02890,BRONZE,DKI Jakarta,2022-08-03,66,4.98,False
809b6099-2929-46f8-a746-be82a184dd16,Toko_02891,GOLD,Yogyakarta,2020-05-06,52,3.68,False
46cf1a28-b7b5-4878-b669-c281e0c09607,Toko_02892,BRONZE,Jambi,2020-10-22,410,4.2,False
b4d925f8-4826-4ecb-b687-5913b8827c18,Toko_02893,PLATINUM,Sumatera Barat,2018-06-30,248,4.38,False
0b2df1be-8921-4c97-8511-43645e579deb,Toko_02894,SILVER,Maluku,2018-01-27,479,4.68,False
aa3492b3-701d-454b-80de-1884fe007cb4,Toko_02895,BRONZE,Kalimantan Tengah,2021-09-16,56,3.18,False
466213d1-4d9e-48b4-989b-8d06b79bad8a,Toko_02896,GOLD,Riau,2018-01-01,223,4.39,False
bfdef15b-5ea0-4603-862c-4bebd113b0e6,Toko_02897,GOLD,Sulawesi Tenggara,2019-11-04,18,4.48,False
d2a6b312-02b8-41e3-9d49-f040e0774b45,Toko_02898,SILVER,Papua,2021-02-01,103,3.34,False
4dfca05b-dac3-40d3-b615-fd2e8284cb3c,Toko_02899,SILVER,Aceh,2020-01-05,105,4.65,False
cf6beb6f-4699-4faa-ae76-bb92bde23d55,Toko_02900,BRONZE,Jawa Barat,2023-01-16,120,4.24,True
d2702191-2107-4bb0-af4f-05227550c156,Toko_02901,SILVER,Aceh,2020-04-16,192,4.25,False
a39ac85f-6cc4-423d-85db-743662e579a1,Toko_02902,BRONZE,Papua,2022-11-04,83,4.38,False
5d563010-9681-4f8b-a268-5e1678f593fd,Toko_02903,BRONZE,Kalimantan Barat,2018-02-01,92,3.75,False
bd5ba01b-67dd-4eb6-a6b0-cb97e442edd6,Toko_02904,SILVER,Yogyakarta,2022-09-18,60,3.17,False
309f5df6-5eee-4ae8-9dbe-2eec1fe27c69,Toko_02905,BRONZE,Kalimantan Tengah,2019-03-21,227,3.46,False
84fa80af-a7a9-4a63-9974-6c2c8c96ca14,Toko_02906,BRONZE,Sulawesi Tengah,2023-12-15,491,4.8,False
7729bfdb-61d0-4a88-9929-c76838081717,Toko_02907,PLATINUM,Bali,2021-09-13,458,3.91,False
e882d3c5-ece7-427b-9baa-ae3d059141b7,Toko_02908,SILVER,Papua,2020-06-02,493,3.9,False
df51b040-9812-47d2-ba7e-db4c3b22f83c,Toko_02909,GOLD,Sulawesi Selatan,2021-02-17,166,3.52,False
14c6c1bf-68d4-4aae-acef-eadc7e1a01aa,Toko_02910,SILVER,Bengkulu,2018-03-24,105,3.81,False
abaff3ad-36a6-4cd5-9c81-54e1d6e11ff8,Toko_02911,SILVER,Gorontalo,2019-01-08,452,4.16,False
31b03a43-00c6-4926-9e74-000cfbd3c2cc,Toko_02912,BRONZE,Jawa Barat,2020-07-30,382,4.4,False
dac68eb9-6948-46be-bec9-45af1f93e378,Toko_02913,BRONZE,Sulawesi Utara,2022-06-05,470,4.3,False
d6e52c61-23ca-46e6-99ae-a5f7b8bec67a,Toko_02914,GOLD,Jawa Barat,2023-10-23,97,4.08,False
0a88a120-6c1f-4c54-832f-59af428d4d8d,Toko_02915,BRONZE,Gorontalo,2018-07-27,265,4.72,False
6f8324c6-3c66-4b55-90d3-f4116425c98a,Toko_02916,BRONZE,Sulawesi Tenggara,2018-12-09,178,4.05,True
5c5e8113-cf70-4fc7-ac19-29decd947b84,Toko_02917,BRONZE,Sulawesi Tenggara,2019-07-12,428,3.36,False
745579a6-d5e6-4ea2-9748-928153b2ed19,Toko_02918,GOLD,Sumatera Selatan,2019-07-27,416,4.58,False
98a0aada-fb27-4d46-96ca-1396ee870f2a,Toko_02919,BRONZE,Banten,2022-12-17,41,3.84,False
1ff534c4-30ad-47db-8dc1-3ec5ff738b25,Toko_02920,BRONZE,Bengkulu,2021-08-11,240,3.33,False
eedeacb4-833f-44bd-bb72-6f55145109fd,Toko_02921,GOLD,DKI Jakarta,2018-05-16,396,3.02,True
a382f6df-4402-41cb-8497-dfb8f0485f54,Toko_02922,SILVER,DKI Jakarta,2018-05-05,47,3.64,False
54769a79-1fcd-433d-b93d-a0aeb3f96642,Toko_02923,GOLD,Bali,2018-11-29,47,4.38,False
0847b59b-06e6-4f9f-88f7-c6f670742f37,Toko_02924,GOLD,Sulawesi Selatan,2022-03-02,34,4.57,False
7548956f-a669-4e2b-a53b-e482ddf703d8,Toko_02925,SILVER,Aceh,2019-09-06,185,3.63,False
10d21c70-59f2-46db-b697-13ad9f09476e,Toko_02926,GOLD,Sulawesi Tengah,2021-04-02,390,3.58,False
fabc6232-6197-4f0e-8551-f1726e43256b,Toko_02927,SILVER,Banten,2023-05-07,152,3.98,False
d85e53f9-5332-44cc-aec0-a555c5333256,Toko_02928,BRONZE,Sumatera Utara,2021-03-29,261,4.24,True
d4ec15e3-fb28-40c9-8d82-15aada8034dc,Toko_02929,BRONZE,Jawa Barat,2023-09-09,227,3.93,True
793d2915-1995-445d-97ff-d4cb1b305e9f,Toko_02930,BRONZE,Papua,2020-12-06,458,3.49,False
e26d2d23-8cba-43d9-a959-66092c4bce6b,Toko_02931,BRONZE,Kalimantan Selatan,2023-10-15,145,4.06,False
e7e2ccee-4124-4056-ac5b-521aef6ee073,Toko_02932,SILVER,Sumatera Barat,2022-08-19,81,4.6,False
641b4239-cc39-4666-964c-aa98676eb67a,Toko_02933,PLATINUM,Kalimantan Selatan,2018-07-20,192,3.62,False
94f7afcc-06b6-430a-8430-f93928bceae2,Toko_02934,SILVER,Aceh,2018-06-21,287,4.43,False
319e8062-4e62-4573-8999-820b117d46c1,Toko_02935,BRONZE,Sumatera Selatan,2020-09-11,215,4.2,False
6880b2b0-cc02-4c67-9275-3fd80e7206fb,Toko_02936,SILVER,Kalimantan Selatan,2018-03-11,400,4.25,False
28049753-5f9e-40e8-9bd8-561f8302d3e1,Toko_02937,PLATINUM,Gorontalo,2023-11-24,99,3.25,True
8c3f3c5c-ce47-4b72-9f87-8a6e40e5738a,Toko_02938,GOLD,Gorontalo,2019-05-17,448,3.78,False
5482aadc-07a8-4fb8-9d00-3dee8ae2e70e,Toko_02939,BRONZE,Sulawesi Tenggara,2023-12-08,383,3.01,False
b30bff14-f3b5-4807-ac70-b992e9374589,Toko_02940,BRONZE,Bangka Belitung,2019-12-28,285,4.9,False
9e4f90be-11b5-4142-b7bb-6bf2d4a41018,Toko_02941,PLATINUM,Sulawesi Tengah,2020-03-05,198,4.44,False
4c91c181-ee0f-45df-a151-06ddfb2df4f5,Toko_02942,SILVER,Kalimantan Barat,2021-01-01,129,3.31,True
5d41b412-2484-4c91-be1d-3396adda7a4b,Toko_02943,SILVER,Nusa Tenggara Barat,2021-04-23,376,3.34,False
ee8040f3-b6b4-487a-9f58-9f80cc10b725,Toko_02944,SILVER,Aceh,2021-06-13,213,3.6,True
6507e68c-5fea-4fa0-9440-cb52a2cdac71,Toko_02945,GOLD,Bengkulu,2019-06-19,193,4.44,False
df0d1840-133e-4ee2-9d00-3c01f6e1465b,Toko_02946,BRONZE,Jawa Timur,2021-06-22,496,4.56,True
f1204c90-0116-41ab-98d8-983e0768598c,Toko_02947,GOLD,Kepulauan Riau,2022-05-18,154,4.89,False
a907fb5a-9f38-4564-93e8-2c322f6e5f0e,Toko_02948,BRONZE,Bengkulu,2022-03-11,392,3.58,False
cd2da438-d70b-45f9-9849-ee681d0ff18a,Toko_02949,BRONZE,Jambi,2020-07-27,374,4.35,False
343e52a1-e180-49a4-8e0e-a816af218360,Toko_02950,SILVER,Lampung,2020-02-25,496,4.73,False
500098ba-1130-4cf3-96d8-0104a3bb8928,Toko_02951,SILVER,Sulawesi Utara,2022-03-26,162,3.82,False
8cbaed30-abf8-468e-ae34-5f315f8cf70b,Toko_02952,BRONZE,Bali,2023-12-13,263,4.83,True
8fb706df-f8cc-4a00-bf3d-78d86684e11c,Toko_02953,BRONZE,Jawa Timur,2022-02-17,128,4.11,False
08e797b4-61b6-4d01-95e1-015a8bad4e95,Toko_02954,BRONZE,Riau,2021-09-20,376,4.94,False
31f2c713-f6e6-4e75-b088-5c82b3d4d182,Toko_02955,GOLD,Jawa Barat,2021-10-24,24,3.58,False
932a740f-1189-4ec4-b222-8819c5ca4eab,Toko_02956,PLATINUM,Lampung,2020-09-05,109,4.83,False
911df14b-1b90-4d8c-9180-bb0fef3fa041,Toko_02957,GOLD,Kalimantan Selatan,2020-03-06,429,4.05,False
2f7ab001-201a-44fa-898f-180bda859b6d,Toko_02958,GOLD,Jawa Timur,2022-06-05,377,3.44,True
373dac82-e5a8-4f6e-9fab-0d048610dbcc,Toko_02959,BRONZE,Jawa Timur,2023-02-06,274,3.93,False
883f1746-2758-4f45-91ed-e385d0413bc5,Toko_02960,BRONZE,Jawa Barat,2020-03-24,128,4.19,False
861a9599-41dd-4584-ae74-d2682c8ad3ff,Toko_02961,BRONZE,Sumatera Selatan,2019-07-06,212,4.29,False
677df8b5-2b37-4b7d-a305-12491a8105d3,Toko_02962,BRONZE,Kalimantan Tengah,2018-05-23,375,3.15,True
a5e248cb-26dc-48e6-8c9f-0ea7b99d1856,Toko_02963,GOLD,Bengkulu,2023-08-31,259,4.52,False
4eac6a8d-b5aa-4f8e-99c7-b77c00ba3a79,Toko_02964,BRONZE,Sulawesi Selatan,2023-08-13,444,3.81,False
9abefa6e-033f-44ee-9ff6-3e2fb9256f2d,Toko_02965,GOLD,Yogyakarta,2018-02-04,10,4.82,False
f432775c-4be7-4a68-9ff9-4333d04a90f7,Toko_02966,BRONZE,Jambi,2018-05-01,305,3.21,False
f32a07ef-5fb7-43ee-a5e6-588bbfedfe80,Toko_02967,BRONZE,Banten,2023-11-16,478,3.03,False
e4869d7c-ceec-4fb7-9b9b-cb3e52e0d51c,Toko_02968,BRONZE,Nusa Tenggara Timur,2023-07-31,140,4.46,False
1a2eab33-21e6-47cd-9b6a-879c5e24e548,Toko_02969,SILVER,Aceh,2022-08-29,474,3.01,False
a3939afc-3bf0-48d7-b42f-9a4804129a8d,Toko_02970,BRONZE,Kalimantan Selatan,2021-11-17,73,4.77,True
f153fd79-5e20-40c0-a44b-b31d9dff6ea1,Toko_02971,SILVER,Jambi,2019-05-20,450,4.05,False
473562a4-fed6-4071-b112-1b69905349a4,Toko_02972,BRONZE,Sulawesi Tenggara,2021-04-12,120,3.46,False
87990c69-07ba-4813-ac07-132507696d3a,Toko_02973,BRONZE,DKI Jakarta,2019-07-25,392,4.99,False
b2e1efe4-c209-4492-9faa-9f67b02e5ae2,Toko_02974,GOLD,Sumatera Utara,2020-06-02,315,4.2,True
2d45e2bd-6491-4349-aa19-0230d860797c,Toko_02975,BRONZE,Riau,2021-10-04,177,3.84,True
985b74ab-2312-4700-bfea-cf33d40fab84,Toko_02976,PLATINUM,Maluku,2021-04-19,71,4.04,False
50a0a9e7-5cf5-414d-8992-28d9d0e0c2e5,Toko_02977,SILVER,Kepulauan Riau,2022-02-11,327,3.04,False
dba5849e-d822-453b-ab19-f144cfd9e2e0,Toko_02978,BRONZE,Gorontalo,2022-06-08,224,3.87,False
83ccdde3-14c1-443e-9830-15ff1c767dac,Toko_02979,BRONZE,Maluku,2019-01-29,64,4.49,False
cff7713e-cc79-4654-bea2-68357277781b,Toko_02980,GOLD,Jawa Barat,2020-03-01,452,4.98,False
c084e14f-e1aa-413d-9a33-ae993b513b01,Toko_02981,BRONZE,Kalimantan Barat,2022-06-18,457,4.21,False
fc5a8101-37fd-4c54-a8dc-ae99a8f49fe1,Toko_02982,GOLD,Kalimantan Barat,2019-09-23,355,3.91,False
7d902302-b932-44e5-9fd0-ce00960dcf49,Toko_02983,SILVER,Jawa Timur,2019-12-20,398,3.44,False
709d3e7a-76a0-4e43-bc65-43333428b960,Toko_02984,BRONZE,Kepulauan Riau,2022-10-27,265,4.1,False
2587991f-00ce-44a9-867a-3a2792f9303e,Toko_02985,BRONZE,Nusa Tenggara Timur,2023-06-11,222,4.53,False
596ff3b8-6a20-4d48-a050-5f447e5d7b46,Toko_02986,BRONZE,Sumatera Selatan,2023-11-19,430,3.53,False
5e0b0417-bbb3-4ffa-98ed-2e8fa884a467,Toko_02987,BRONZE,Sumatera Barat,2021-05-30,463,4.11,False
bb6114d7-8b21-487a-b112-cfbafded71c3,Toko_02988,PLATINUM,Bengkulu,2020-03-05,180,3.6,False
55be2543-fb2a-4b03-9ea2-f7304fe32ef2,Toko_02989,SILVER,Sulawesi Tenggara,2023-12-06,74,3.81,False
408ea67d-af3b-4a65-9659-bbe5785cc948,Toko_02990,SILVER,Nusa Tenggara Barat,2019-05-24,32,3.2,False
d3b3ad5f-4349-4511-b4e9-8a90b1437b7f,Toko_02991,SILVER,DKI Jakarta,2018-07-14,264,3.74,False
678f26c2-f641-4def-95a0-62812a79a0eb,Toko_02992,SILVER,Jambi,2021-03-31,151,4.15,False
983cc982-a34d-4dae-bcfa-093480fa13aa,Toko_02993,SILVER,Sulawesi Selatan,2020-11-11,303,4.61,False
e5656832-bae4-4d02-8805-d1f6414d626d,Toko_02994,SILVER,Bali,2022-09-20,397,4.25,False
333faac5-457d-45a4-b034-a0b496e64545,Toko_02995,GOLD,Papua,2021-04-29,430,4.11,False
d3f78e4c-7391-4cc3-9323-edd56549de72,Toko_02996,SILVER,Aceh,2023-02-12,50,4.78,False
4ce4ffdc-883d-4202-806b-89354454e2fc,Toko_02997,SILVER,Kalimantan Selatan,2022-04-23,331,4.9,False
39ee884e-c896-4036-bc48-f2101cec494e,Toko_02998,BRONZE,Jawa Timur,2021-04-20,15,4.54,False
6da1d300-ceed-4d43-9c3d-f6071e85052f,Toko_02999,SILVER,Jambi,2020-03-07,493,3.35,False
2f40835a-128f-4057-8c91-4639020611e4,Toko_03000,BRONZE,Bengkulu,2020-07-02,155,4.56,False
f1084b7b-d256-4674-a6d5-cec2b24a5012,Toko_03001,BRONZE,Bali,2018-08-13,213,4.24,True
715cbdf2-01f6-42cf-a7d6-e256ac4f35a9,Toko_03002,SILVER,Banten,2022-06-19,332,3.24,False
d25ff3de-e4de-43f8-89fd-2b9ce8c6baa9,Toko_03003,PLATINUM,DKI Jakarta,2022-12-16,94,4.5,False
a374bd26-c22e-45bd-bf4e-4df6496d4b06,Toko_03004,PLATINUM,Aceh,2020-07-23,271,4.21,False
cef2afac-1f35-4f61-b933-f11a04f779e8,Toko_03005,SILVER,Gorontalo,2022-01-21,337,3.49,False
5d0beea4-d4fb-4e48-a20d-ee1539b2d1b0,Toko_03006,BRONZE,Yogyakarta,2018-03-13,433,4.64,False
f7f3ec64-ce6d-4ceb-88bf-89c2aa51b0b3,Toko_03007,BRONZE,Kalimantan Selatan,2022-07-28,459,4.33,False
90887f56-989f-41c7-a359-e83fdfbf9aa7,Toko_03008,GOLD,Bali,2022-11-14,179,3.06,False
05128c08-5622-4631-aa37-18a53c275004,Toko_03009,GOLD,Kalimantan Barat,2022-01-09,283,4.35,False
dfcceb96-9e6e-4cd5-81e8-db78a4d212ed,Toko_03010,BRONZE,Jambi,2022-04-16,298,3.76,False
a71f9865-bfaa-4c9d-92fc-073bb55f16b5,Toko_03011,BRONZE,Kepulauan Riau,2020-06-06,12,4.12,False
d1b70c46-b303-4a81-b914-7802502bce84,Toko_03012,BRONZE,Kepulauan Riau,2019-08-20,397,3.38,False
50d09866-9e0e-45b1-8adf-dc043fcdc619,Toko_03013,SILVER,Gorontalo,2019-05-08,133,4.69,False
90ac7647-87c8-4e7c-97fe-b8ef73483c33,Toko_03014,BRONZE,Banten,2020-09-12,305,4.59,False
6d3b7dd6-7687-47b0-b39d-fde99e058cb0,Toko_03015,SILVER,Nusa Tenggara Timur,2018-06-16,442,3.06,False
afa853b7-c413-4128-ad1f-65236a67b771,Toko_03016,SILVER,Sumatera Barat,2018-01-05,8,4.34,False
a9f3b960-6356-478e-8c04-ba07d840f16f,Toko_03017,SILVER,Gorontalo,2022-05-14,37,5.0,True
4b638b78-d9e8-4bd0-9dda-1f57180fa1b7,Toko_03018,PLATINUM,Kalimantan Barat,2023-08-26,108,3.15,False
e6f77c1c-d514-4b0d-83fb-82b2fb51afdd,Toko_03019,GOLD,Kalimantan Timur,2018-04-15,29,4.89,False
4b5baaff-59d1-4ce8-b3f0-623031a81408,Toko_03020,BRONZE,Nusa Tenggara Timur,2021-02-17,46,3.59,False
3bd761fd-5699-4dca-97c0-b01b3462919b,Toko_03021,GOLD,Kalimantan Timur,2018-08-11,237,3.82,False
2aa22259-e14d-4b75-82fb-a514d3b8d54c,Toko_03022,SILVER,Sumatera Selatan,2022-12-21,333,3.82,True
87ccc092-889a-4ace-be60-0bc1825b88fc,Toko_03023,SILVER,Sumatera Barat,2021-02-20,143,3.03,False
b5b30075-c9c1-4343-a954-004dd8a07da4,Toko_03024,BRONZE,Lampung,2022-05-20,88,3.12,False
f3410918-671c-4091-8803-fd1ed87f399d,Toko_03025,GOLD,Aceh,2022-07-10,395,4.73,False
ca2c5b56-60be-4ad1-9018-e01e1153f2df,Toko_03026,SILVER,Kalimantan Selatan,2018-03-21,289,4.6,False
df8ac1ce-fc3a-442c-88ed-9dd8a5db90f7,Toko_03027,SILVER,Nusa Tenggara Timur,2023-04-27,477,3.77,True
258b5355-fa91-4afa-9c12-4286233563ae,Toko_03028,BRONZE,Maluku,2018-10-01,398,4.56,True
9d563a37-b849-4d23-a5b1-ce2111eb0349,Toko_03029,PLATINUM,Papua,2023-12-26,139,3.13,False
5ed56e4b-fa1b-4f69-ba61-6c354bc298f5,Toko_03030,BRONZE,Sumatera Barat,2019-01-01,484,3.27,False
6a718427-94a4-4812-912a-77e4c06ef717,Toko_03031,BRONZE,Gorontalo,2019-12-03,108,3.69,False
fa8d46d4-854a-4ff5-8455-fc334efdb668,Toko_03032,BRONZE,Sulawesi Tenggara,2018-11-21,242,3.02,False
4a38b51f-6931-4feb-8bc5-1a2d0e2447aa,Toko_03033,GOLD,Sumatera Utara,2019-02-21,45,4.21,True
dc500db0-ce9b-49ee-8ddf-1ffe4ebc5f24,Toko_03034,BRONZE,Bengkulu,2022-09-25,126,4.65,False
6b4319e5-4737-4511-84d2-f786ab75d1ac,Toko_03035,BRONZE,Sulawesi Selatan,2023-07-24,284,4.15,False
878a7e8a-2faa-4c2b-aba8-c7216b0f05a8,Toko_03036,BRONZE,Sumatera Selatan,2023-01-07,43,4.78,False
ed615e31-753f-4424-b402-e37adffc2337,Toko_03037,BRONZE,Bali,2018-07-21,376,4.92,False
63d06f0d-b44f-485a-bf60-86c7a2a1d4ea,Toko_03038,BRONZE,Banten,2022-06-09,155,4.02,False
6d515548-aa2d-4445-8740-3efcd69090ae,Toko_03039,BRONZE,Riau,2021-03-12,32,3.47,False
fec9505c-6a44-42cf-80e8-c85631180b8c,Toko_03040,BRONZE,Jawa Timur,2022-06-20,245,4.07,False
4d90ef78-8c30-4bc8-8d28-a38b1ca959b6,Toko_03041,GOLD,Aceh,2023-08-09,346,4.03,False
c57ed08f-9ba4-428a-9c89-3a68e2199f06,Toko_03042,BRONZE,Kepulauan Riau,2019-10-24,332,3.18,False
effe629a-c620-4ad9-88bd-d0dc8f98b8e0,Toko_03043,GOLD,Sulawesi Tenggara,2020-01-18,57,4.26,False
ecc76e8a-02fd-40f7-bc51-5cda9992470a,Toko_03044,PLATINUM,Kalimantan Tengah,2019-12-04,298,4.09,False
3a95ded6-db3b-45c4-9cde-ab8a3452c713,Toko_03045,SILVER,Aceh,2022-11-29,124,4.52,False
290f9f46-3539-4a77-a149-916829e7b069,Toko_03046,BRONZE,Kepulauan Riau,2020-09-22,453,3.23,False
195d9f51-000f-452c-b86b-82654336c351,Toko_03047,SILVER,Kalimantan Timur,2022-07-31,19,3.68,False
b8e26593-20b0-45e3-bd62-13550e319cee,Toko_03048,BRONZE,Aceh,2018-04-04,257,4.57,False
d3400a0e-99fa-4e05-858f-2ee58d7b6642,Toko_03049,SILVER,Kalimantan Tengah,2022-07-08,353,4.85,True
2f663d9b-7bdc-4a42-ba2d-9248711a78c1,Toko_03050,SILVER,Jawa Barat,2022-07-08,445,4.88,False
ed825d4b-c42a-4fdf-b841-450f858dceb1,Toko_03051,BRONZE,Bengkulu,2019-08-24,445,4.58,False
c82e084b-54bf-4072-bc70-e6d07996c10c,Toko_03052,BRONZE,Sulawesi Tenggara,2019-08-12,48,4.32,False
53c7208b-4251-48a4-920e-b7eb0081cf83,Toko_03053,BRONZE,Kalimantan Selatan,2021-09-05,350,3.32,False
ce8020e5-0ca6-4342-94d9-c51bba59a5f9,Toko_03054,SILVER,Papua,2022-02-08,12,4.55,False
a52c5bb3-21d1-47fc-aff1-6419ac7e1155,Toko_03055,BRONZE,Jawa Timur,2020-12-21,212,4.14,False
b30f60d0-44ed-444a-a954-750d19160664,Toko_03056,SILVER,Bengkulu,2019-12-15,42,4.96,True
2569d8b1-06fc-4d71-9ae3-edfe3cb3161d,Toko_03057,SILVER,Sulawesi Selatan,2018-06-11,290,4.18,False
66462c67-77fd-48dc-a816-7a9b5da4fe75,Toko_03058,BRONZE,Kalimantan Tengah,2021-03-28,406,4.09,True
d4bf8bc1-c379-48fe-9a5b-00e348dbfcb3,Toko_03059,BRONZE,Yogyakarta,2018-06-04,440,3.66,True
7d097318-969e-4533-a3cb-267dde77efc7,Toko_03060,SILVER,Aceh,2020-07-30,344,4.68,False
6f4cf286-e339-458a-9796-40fca54c8ad8,Toko_03061,SILVER,Maluku,2020-10-24,264,4.94,False
f1bc5562-ac3b-4179-8f2b-f7e85551b5da,Toko_03062,BRONZE,Nusa Tenggara Barat,2021-10-15,438,4.47,False
77c68483-54e2-4b5c-9054-bb3f661ae42e,Toko_03063,SILVER,Nusa Tenggara Timur,2018-12-11,150,3.69,False
0c134600-c6f3-4016-8476-9f38e0598952,Toko_03064,SILVER,Jambi,2018-05-27,360,4.31,True
e40fb67d-791a-4188-9ba8-4105736e563b,Toko_03065,GOLD,Sumatera Barat,2022-07-04,234,3.78,False
5064a571-b41a-4e2a-8c9e-37d7df68ad97,Toko_03066,GOLD,Papua,2020-02-04,18,4.87,False
bbc60b2b-2b53-4cb4-a030-13bf64059321,Toko_03067,BRONZE,Jawa Tengah,2018-09-18,373,4.26,False
ee67ccdd-fa86-4bc3-8460-29ff0549239f,Toko_03068,SILVER,Sulawesi Tenggara,2023-07-11,201,4.08,False
e616846a-0d74-47d5-af0a-7b914352a1e0,Toko_03069,SILVER,Kalimantan Tengah,2023-09-03,259,4.44,False
af13a67f-57cf-4ab8-8cca-5f7a4fead63a,Toko_03070,GOLD,Kalimantan Timur,2023-10-16,300,3.39,False
99fd5ebc-01d9-4717-ac6f-4dc7a1bae66d,Toko_03071,BRONZE,Nusa Tenggara Timur,2023-12-20,167,4.36,True
297c347a-6e7d-4248-bb6c-f424c8ea8438,Toko_03072,SILVER,Papua,2020-08-30,193,3.1,False
bec3491a-6082-4df7-b6ac-84084bc7428c,Toko_03073,BRONZE,Yogyakarta,2022-01-16,391,4.99,False
747d0a17-8ca0-455f-8f8e-286c5b366054,Toko_03074,SILVER,Papua,2023-02-14,296,3.08,False
5c54f295-4104-4f8d-975f-cf06ee4f6a39,Toko_03075,BRONZE,Yogyakarta,2019-12-22,403,4.49,False
25ecd863-72bd-4dd5-8a1e-ffd45eb383ba,Toko_03076,BRONZE,Sumatera Utara,2023-11-15,206,3.92,False
5fec18b7-5dfa-43c4-a780-70b92654db38,Toko_03077,BRONZE,Kepulauan Riau,2021-04-19,100,4.28,False
1b35a38e-54f6-4213-8e65-a28d7f8348b3,Toko_03078,BRONZE,Sulawesi Tenggara,2021-01-07,409,3.78,False
f9492469-10f0-49db-bb2b-d35232b4a8d4,Toko_03079,GOLD,Sumatera Selatan,2019-02-27,179,3.81,False
a0be2e25-105a-4226-a362-ffd7475c2e25,Toko_03080,SILVER,Gorontalo,2021-09-04,100,4.07,False
52e4c11a-ff96-4cda-b0ea-953a27ab8a2f,Toko_03081,PLATINUM,Sulawesi Utara,2019-12-30,472,4.89,False
d8312f12-ab2e-4ed1-b65c-152264e27f14,Toko_03082,PLATINUM,Sumatera Utara,2022-07-12,489,4.18,False
8cceef4b-5af5-428b-b97a-14dc85cfb192,Toko_03083,BRONZE,Sulawesi Tengah,2022-02-24,57,3.45,False
a8bac9f9-419c-4a6e-9f45-9aac233f27bb,Toko_03084,SILVER,Sulawesi Tenggara,2022-05-22,194,3.73,False
cf40a3be-1527-4d2c-92ae-01311810155f,Toko_03085,SILVER,Riau,2022-05-02,491,4.7,False
ba28ac4f-1975-4d9c-b785-5f139489f442,Toko_03086,SILVER,Bengkulu,2023-06-21,400,4.36,False
ecf6bd64-1416-4306-a55d-ef323f10606b,Toko_03087,BRONZE,Sumatera Selatan,2021-06-09,326,4.25,False
fce4a904-a68c-4f3e-bdea-418cf4df3fc5,Toko_03088,GOLD,Kepulauan Riau,2018-11-02,479,4.66,False
da3df9ad-4eb8-4af1-b469-602e0001b69f,Toko_03089,SILVER,Sumatera Utara,2018-07-12,106,4.04,False
b0b52cff-da31-4fa8-b515-4b5d60704563,Toko_03090,SILVER,Riau,2018-06-04,49,4.68,False
744f5090-4c24-4403-a3a1-a601425a2ed6,Toko_03091,BRONZE,Kalimantan Timur,2021-04-17,237,3.22,False
f9e29073-6e7f-41a9-984a-9062e32c799f,Toko_03092,BRONZE,Sumatera Selatan,2019-12-12,192,4.24,False
3ddf728f-8a9c-48bc-a00f-22bc0f2b9b94,Toko_03093,BRONZE,Aceh,2023-11-19,54,3.48,False
de11e24a-f9fb-4708-a235-ad5fc56636f5,Toko_03094,GOLD,Jawa Barat,2018-03-07,496,4.24,False
37e47371-0f2e-4d79-87fc-db1e8497d8eb,Toko_03095,BRONZE,Bangka Belitung,2019-03-23,150,4.9,False
d4dfe127-08b0-4a79-b89e-fd024fe9e172,Toko_03096,BRONZE,Kalimantan Selatan,2019-12-28,238,3.77,False
d95e8120-990c-4d08-9660-6e0a7511ec47,Toko_03097,PLATINUM,Maluku,2023-11-16,247,4.12,False
3e762ba6-b31f-49d1-af67-b8585302c9e5,Toko_03098,GOLD,Bengkulu,2023-05-12,8,3.54,True
9dcfbad8-e51f-4503-a609-83f064480f3f,Toko_03099,GOLD,Sulawesi Tengah,2021-11-27,210,3.33,True
c43a3d07-fd51-4e08-8e4e-271e321ce232,Toko_03100,BRONZE,Jambi,2022-10-20,218,3.12,False
d8c2d4da-6f31-416a-ae86-2afe914544cc,Toko_03101,GOLD,Sulawesi Tengah,2022-08-29,410,4.51,False
d100cb1a-e072-40a5-b933-1ceccbe198f4,Toko_03102,BRONZE,Bangka Belitung,2019-11-18,75,3.99,False
1467ace2-ec08-49cf-bf12-c1f6cc5891d4,Toko_03103,BRONZE,Aceh,2021-02-19,282,4.26,False
8a47e8df-d373-4f5c-80d5-840cb869273d,Toko_03104,BRONZE,Kalimantan Selatan,2021-07-23,408,4.43,False
70f3ec77-5b92-4b85-beb8-03b30759d398,Toko_03105,BRONZE,Banten,2021-06-01,495,4.23,True
85716cd6-3c52-471b-aafa-ebc5d92b80c9,Toko_03106,BRONZE,Maluku,2022-10-20,175,3.05,False
983c5da3-0edc-4eb6-b0e7-acf08272b332,Toko_03107,BRONZE,Jawa Barat,2018-06-25,84,4.6,False
b5806e90-fbd9-449b-aacd-5588f583adac,Toko_03108,BRONZE,Nusa Tenggara Timur,2020-08-08,42,4.92,True
1a52d4d6-fe2c-45a0-abe8-7eb695682703,Toko_03109,GOLD,Yogyakarta,2019-04-20,414,3.65,False
4c3ff1dd-4b62-4d59-ab44-14b83bf240fb,Toko_03110,BRONZE,Kalimantan Timur,2021-10-24,251,3.07,False
c62c3c6d-ae68-4b75-b58f-9c66220b7250,Toko_03111,SILVER,Sulawesi Tenggara,2020-01-17,354,3.2,False
30c70b0c-8461-4a13-a0cf-51cc0fe134a1,Toko_03112,GOLD,Sulawesi Tengah,2022-04-19,202,4.17,False
ba6c9da3-0aed-4eec-ad36-5be1fd9de512,Toko_03113,SILVER,Sulawesi Utara,2020-06-28,221,3.9,False
c1be4380-373c-4104-90e2-6b9dbde056eb,Toko_03114,BRONZE,Lampung,2022-08-20,81,4.49,True
77544922-b32e-4ac1-8df1-0c793be29fd5,Toko_03115,GOLD,Aceh,2019-11-18,475,3.74,False
66dcbfb5-0713-48fe-9e15-d14bc32e91b4,Toko_03116,PLATINUM,Sulawesi Tengah,2020-06-13,417,4.63,False
ded7c802-0134-45ae-ba39-25f1cdd96e4a,Toko_03117,GOLD,Jawa Timur,2019-07-02,102,4.67,True
ebe8f6dd-8a88-4cc2-8a52-a72440b714f6,Toko_03118,SILVER,Yogyakarta,2018-01-30,325,3.61,True
39c4b0a6-a8c0-49f4-bc8c-88c9d4a6e6da,Toko_03119,BRONZE,DKI Jakarta,2019-01-04,271,3.49,False
6dc91fd6-faf3-4e34-bbc5-5ff7250b4f3d,Toko_03120,BRONZE,Maluku,2023-03-13,181,3.05,False
1032ab94-ca71-413c-b305-3ecc924920e8,Toko_03121,SILVER,Sulawesi Tengah,2018-12-23,345,3.91,False
cab6c66e-2945-4743-b05a-038e412178ed,Toko_03122,GOLD,Sulawesi Utara,2023-03-17,169,3.52,False
a581eebe-a8fd-4f58-baef-12120d314927,Toko_03123,SILVER,Riau,2023-06-05,74,3.76,False
5e4b619a-0c0b-4eae-b041-5a8dcd1a8520,Toko_03124,PLATINUM,Kalimantan Timur,2019-08-07,321,3.18,False
db518d48-9c0b-483d-8c62-41ed5a16de1b,Toko_03125,GOLD,Aceh,2023-02-01,200,4.8,False
bc4b6593-1677-4bde-9ce8-4f9cd07218bb,Toko_03126,SILVER,Kalimantan Barat,2018-08-06,286,4.74,False
f88ebb6f-0502-4c87-b75f-68fabe0ddc91,Toko_03127,PLATINUM,Nusa Tenggara Timur,2023-04-05,94,3.13,False
839ef05a-828c-4cf6-98a9-74d4452e7b8d,Toko_03128,BRONZE,Jambi,2020-06-08,479,4.13,False
4c9aa631-ab72-4585-ae28-561724c06032,Toko_03129,BRONZE,Kepulauan Riau,2018-04-30,171,3.36,False
8c43ca6d-113b-442f-9d37-60bc58800989,Toko_03130,PLATINUM,Gorontalo,2020-05-26,384,3.82,False
5483be90-e911-49b2-b95b-a6d9ef0ebba8,Toko_03131,BRONZE,Kalimantan Tengah,2021-09-01,341,4.71,True
ed6e69b6-3093-499c-be5e-0aeba9ecd3d6,Toko_03132,BRONZE,Sulawesi Tenggara,2019-08-13,126,4.79,False
c0d3cec9-c510-4631-be85-a38cf6999fd3,Toko_03133,BRONZE,Sumatera Barat,2020-04-12,168,4.11,False
5833bb70-f7cb-42fe-bc40-66b2e2aaa543,Toko_03134,BRONZE,Sulawesi Utara,2023-03-12,382,4.49,False
d75fa42c-4461-437a-85d3-4a11f79513a9,Toko_03135,BRONZE,Kalimantan Barat,2021-04-02,131,4.88,False
36fb8951-a60b-4814-a6c2-7deb50ce640c,Toko_03136,BRONZE,Riau,2023-08-03,317,4.43,True
0cc56f70-4de8-42b4-9547-55c28beff0b1,Toko_03137,GOLD,Nusa Tenggara Barat,2022-12-03,6,3.37,False
49e165d7-5b37-4057-a699-eb30196afd67,Toko_03138,BRONZE,Jawa Barat,2021-09-18,131,4.33,False
6edbd239-efdf-48c2-8484-d0ef3efdbccd,Toko_03139,GOLD,Gorontalo,2023-08-01,373,3.23,False
e02a3b59-cfec-416d-9d35-04515b0869de,Toko_03140,GOLD,Kalimantan Timur,2019-07-21,301,4.9,False
40307d9a-3542-4e89-913f-d1d33a59d6fb,Toko_03141,SILVER,Banten,2019-09-04,19,4.62,False
8a23356e-37c0-4b63-adf0-3b422bdeaaf9,Toko_03142,BRONZE,Jambi,2022-02-01,208,4.46,False
05c802bf-0300-4467-acbe-35e9d73721bf,Toko_03143,BRONZE,Sumatera Selatan,2019-12-11,24,4.77,False
04ee10aa-d7c3-445c-a84e-a29e447702a4,Toko_03144,SILVER,Nusa Tenggara Barat,2023-03-23,270,4.01,False
7d158e44-e5a0-45db-a800-32edda17d2e6,Toko_03145,BRONZE,Papua,2020-05-12,359,4.48,False
bb431845-232f-49f7-aeda-a9a753913049,Toko_03146,BRONZE,Sulawesi Tengah,2022-01-03,99,3.47,False
c0c7f029-103e-4f3e-8b50-f57d50a407ce,Toko_03147,GOLD,Jambi,2018-06-15,108,3.03,False
38a57fa0-f2cf-4352-80c5-0b94b6b4d1a2,Toko_03148,BRONZE,Kalimantan Barat,2018-12-02,422,4.15,False
a26b36ce-5693-417b-aa1c-efdf4dacc939,Toko_03149,BRONZE,Sulawesi Selatan,2018-09-30,182,4.67,False
78a30bce-0402-4acf-84c1-25826ae1b72b,Toko_03150,BRONZE,Aceh,2019-01-19,16,4.56,False
8cbfbcd1-7982-420c-8831-1bfb37011139,Toko_03151,BRONZE,Gorontalo,2021-11-27,344,3.05,False
8b9b74b7-daa8-4f51-9eac-c03263d46c13,Toko_03152,SILVER,Nusa Tenggara Timur,2023-09-26,103,3.11,False
24bcaff4-8968-4fd2-83dd-97c9c1982a51,Toko_03153,GOLD,Bali,2022-08-30,245,3.17,False
c6c97f96-364b-47c7-9110-00a08378b2ca,Toko_03154,SILVER,Nusa Tenggara Barat,2019-04-17,79,3.8,False
f743e614-3fab-4dff-ba77-56b23007c190,Toko_03155,SILVER,Jawa Timur,2020-04-28,85,3.24,False
842ccf12-64e6-4dec-971f-df2399123e20,Toko_03156,SILVER,Sulawesi Selatan,2022-08-07,243,4.51,True
bc1395fd-e30c-45c0-b66c-4b9753d8dbaf,Toko_03157,BRONZE,Bengkulu,2019-01-01,64,3.23,False
6ab6dec5-f856-45df-8f51-f3cd1342e9a3,Toko_03158,BRONZE,Sumatera Utara,2018-06-21,66,4.24,True
e1973a7a-00ee-4ed5-8ce1-9f84fef80a35,Toko_03159,BRONZE,Kalimantan Timur,2023-12-08,394,3.88,False
9e41d583-6ba9-4a1f-a092-6cdeffb5202e,Toko_03160,GOLD,Aceh,2020-05-26,23,3.59,False
d584d2cd-2857-49f9-acf3-f36601a8e5a5,Toko_03161,BRONZE,Sumatera Selatan,2018-02-24,343,3.36,False
8c3ebabd-780b-4162-b452-d320668a8d23,Toko_03162,SILVER,Lampung,2023-11-04,58,3.3,False
f8da99af-6cbb-4b3b-8efc-d4eb9382d159,Toko_03163,BRONZE,Jawa Tengah,2021-03-11,16,4.58,False
6400c88e-6210-4592-b381-873d5ab7f345,Toko_03164,SILVER,Banten,2021-10-12,445,3.02,False
2027a4d0-0c5e-4d72-b4a1-fe9896cfd57c,Toko_03165,PLATINUM,Banten,2021-03-20,197,3.26,False
781e727e-91fd-4798-a680-2b6803ac8a56,Toko_03166,SILVER,Maluku,2022-02-11,500,3.7,False
8207db06-d6c1-4206-9653-de15674c584c,Toko_03167,GOLD,Jambi,2018-01-06,417,4.86,False
0e9fad11-d704-4e71-8714-284e28d5f636,Toko_03168,SILVER,Kalimantan Selatan,2019-06-10,403,4.39,False
17d7d761-a78a-404b-aa9a-f92d2c480155,Toko_03169,BRONZE,Jawa Timur,2020-07-26,237,3.24,False
7550f4e4-5ea4-400b-8bb8-2ae1d40481b0,Toko_03170,BRONZE,Kalimantan Selatan,2021-08-30,281,3.73,False
be7b11ae-c324-414b-a8f9-0b732d07845d,Toko_03171,GOLD,Sumatera Selatan,2018-04-21,137,4.88,False
c63e6e62-3f28-482f-b27b-ba9df9fdf37d,Toko_03172,GOLD,DKI Jakarta,2019-07-31,251,4.86,False
f7198206-b57d-494d-907f-6f018abcd057,Toko_03173,BRONZE,Sumatera Utara,2023-05-18,123,4.12,False
eedcba9c-990d-4030-9121-76f4a5a63e10,Toko_03174,BRONZE,Nusa Tenggara Barat,2018-09-09,231,4.44,False
78fb3b89-214d-4a60-803a-34bcb7b8a3a4,Toko_03175,BRONZE,Bangka Belitung,2018-04-02,216,3.46,True
976f55ff-927d-48cc-a3df-507dfdd32f55,Toko_03176,BRONZE,Nusa Tenggara Timur,2019-03-15,180,3.64,False
c8a50a6e-cb38-481f-802e-bef73f748e6f,Toko_03177,BRONZE,Yogyakarta,2018-02-01,118,4.4,False
9b66f123-53fb-4469-a74d-57cbd63ac2d7,Toko_03178,BRONZE,Jawa Barat,2019-05-26,13,4.23,False
05c19463-edd1-45ae-b6f1-c7e6b817bace,Toko_03179,BRONZE,Sulawesi Utara,2023-01-24,193,3.85,False
a8625b26-1cce-4c00-9d04-8394200c7389,Toko_03180,SILVER,Kalimantan Selatan,2022-12-19,307,4.35,False
7b43f067-c4ce-4985-8850-419207b0c452,Toko_03181,BRONZE,Kalimantan Tengah,2019-12-08,489,3.49,False
501a6653-cd9b-4fa1-a4ef-de098fea516a,Toko_03182,BRONZE,Kepulauan Riau,2020-10-25,241,3.87,True
7ee5e604-be20-42fb-b774-3fee55b36ca3,Toko_03183,SILVER,Bengkulu,2019-05-01,413,4.57,True
8096d861-9d23-4826-a437-b1f7c72536c2,Toko_03184,BRONZE,Jambi,2022-08-17,288,3.46,False
fc8d45ba-0702-4e50-9f89-5c0e3ca4e665,Toko_03185,BRONZE,Jawa Tengah,2023-06-26,87,3.85,True
d6c3094d-84c8-462e-9a4d-0cd60f6290b3,Toko_03186,BRONZE,Jawa Timur,2022-02-09,234,3.21,False
aca77258-c7ed-426d-a61e-894c9cff218c,Toko_03187,GOLD,Jawa Timur,2021-11-04,365,3.12,True
76b36146-1893-432e-a218-69e6d0c67fb5,Toko_03188,SILVER,Kalimantan Tengah,2023-01-30,57,3.49,False
f51a5b2b-8138-44d5-95aa-42d5eb287a41,Toko_03189,BRONZE,Jawa Tengah,2018-07-15,421,4.74,False
96a3cc46-9d06-4959-b22c-d592b74fe1f6,Toko_03190,SILVER,Riau,2023-07-09,158,3.4,False
7d8cf291-ba75-4e22-99ce-a5a5650d4d2b,Toko_03191,BRONZE,Sumatera Selatan,2018-04-12,13,4.13,False
deffe47a-9ae7-4eb2-9355-afc3010a3223,Toko_03192,SILVER,Sulawesi Tengah,2021-12-26,233,3.85,False
eadbbe5b-bc4e-4056-9d90-dce135f907e6,Toko_03193,BRONZE,DKI Jakarta,2020-04-17,66,4.12,False
b4410c08-0069-4a71-9f09-99383b60d523,Toko_03194,PLATINUM,Jambi,2020-03-31,315,3.81,False
0ce5aa74-29df-43da-aac3-29bc0a1918a3,Toko_03195,GOLD,Sulawesi Selatan,2020-11-07,434,3.87,False
54921267-1227-41b8-bf50-9a15494b78e7,Toko_03196,GOLD,Jawa Tengah,2021-12-17,304,3.13,False
46aefdb2-8e49-457e-b582-d58a8771c135,Toko_03197,BRONZE,Bangka Belitung,2023-04-30,14,3.06,False
671eb408-49fe-4d31-8d62-5e2db16d59fd,Toko_03198,BRONZE,Kalimantan Tengah,2019-02-15,164,4.93,False
8348eb95-e55a-4f18-8f79-02acf151286f,Toko_03199,BRONZE,Jawa Tengah,2019-04-23,30,3.89,False
95d9b527-7505-4238-a072-c51b7c6272d1,Toko_03200,SILVER,Gorontalo,2020-10-30,24,3.04,False
db6c1910-a33c-4283-a4b7-c8e2d22fc89c,Toko_03201,SILVER,Sulawesi Tenggara,2018-10-06,425,4.43,False
55d7e99e-6bdf-4c71-bf0f-cbfb2441350b,Toko_03202,GOLD,Nusa Tenggara Timur,2021-01-09,298,3.01,False
e7162e1d-2fae-47f2-9425-4c0c96a5c0ef,Toko_03203,PLATINUM,Jawa Tengah,2021-07-21,406,3.34,False
bfb5ff6a-f88d-4e39-9461-167a74bef709,Toko_03204,SILVER,Jawa Barat,2021-05-04,336,4.66,False
ccf8c0c8-4768-4ad4-b070-00c2a081178f,Toko_03205,GOLD,Kalimantan Barat,2023-12-08,257,4.28,False
11f53c03-3974-485f-bf8c-2e810810e59e,Toko_03206,BRONZE,Bali,2022-12-04,355,3.24,False
1194bfd5-b213-4c18-bf29-3f0c1efd9bb5,Toko_03207,SILVER,Aceh,2021-04-13,57,3.82,False
cc99d81e-62d2-4ada-ab35-92789164e7e4,Toko_03208,BRONZE,Sumatera Selatan,2023-06-10,151,4.91,False
37d22ec2-fe54-484c-9cde-b60cda9b4e92,Toko_03209,SILVER,Sumatera Barat,2020-08-13,430,3.35,False
381c110a-90dd-42d2-b7e2-0ba500b593d4,Toko_03210,BRONZE,Aceh,2023-10-13,347,4.18,False
2874833e-b481-4d22-93d5-7918ac5c9a51,Toko_03211,SILVER,Jawa Timur,2023-01-02,418,3.03,False
cc51c174-4bbb-429b-8d9e-ca3616804c48,Toko_03212,GOLD,Sumatera Utara,2022-10-31,439,4.98,False
80e58213-34f6-472a-9a44-4cffbceaf6ba,Toko_03213,BRONZE,Sulawesi Selatan,2018-07-28,268,3.92,False
4e37a436-3504-4191-9701-5ab5ccd3bb33,Toko_03214,GOLD,Jawa Timur,2018-12-31,215,3.11,False
080b781d-c877-4a9d-9cec-398ab0114849,Toko_03215,SILVER,DKI Jakarta,2020-11-28,53,4.7,False
ffa89402-063a-4ca5-95a0-c3fbfa2a6622,Toko_03216,SILVER,Jambi,2018-12-09,125,3.74,False
5fe3ab94-b988-4c01-8c40-10a2e7b2172e,Toko_03217,SILVER,Sulawesi Tengah,2023-08-29,458,4.99,False
ab7132ad-4229-428d-8f75-22b58f407794,Toko_03218,GOLD,Yogyakarta,2019-04-04,47,4.95,False
a5e2ec7b-9b4a-47b7-bf99-1abb6fba580a,Toko_03219,SILVER,Sulawesi Tenggara,2023-08-25,325,4.18,False
b5e91164-5cb7-48be-ae0d-fe008bbb9861,Toko_03220,SILVER,DKI Jakarta,2018-10-17,284,4.86,False
44127d77-67de-4dc2-bc01-615e4486388f,Toko_03221,BRONZE,Banten,2019-10-21,393,3.24,False
69cb31b4-61b5-4b53-9920-7faf85316118,Toko_03222,GOLD,Sulawesi Tengah,2023-10-03,382,4.85,False
d9624ed1-b778-4fc8-b146-00fa3901f658,Toko_03223,BRONZE,Sulawesi Tengah,2022-03-12,229,4.87,False
c4f594ec-2a50-4ffa-a91f-cdc2ba230091,Toko_03224,BRONZE,DKI Jakarta,2020-11-28,281,3.09,False
e1dab181-2a36-4302-8f54-83d9a33b185c,Toko_03225,SILVER,Jawa Tengah,2020-01-07,436,3.38,False
c9212cb4-f1a3-4ddd-9335-a2196c19cdd5,Toko_03226,BRONZE,Kalimantan Barat,2019-01-10,396,4.3,True
ab683d04-b009-4bcf-9505-20c073782a6a,Toko_03227,BRONZE,Yogyakarta,2023-08-09,350,4.63,False
8e5a58c3-3631-4b09-9e32-cc2dde01b8a0,Toko_03228,BRONZE,Papua,2022-10-01,291,4.81,False
1132dae4-350b-4dde-8deb-f8b2ce709355,Toko_03229,SILVER,Kalimantan Barat,2023-05-09,345,4.27,False
34bde35b-4a4b-48eb-bcb3-e63c1ecf560e,Toko_03230,SILVER,Sumatera Barat,2019-04-28,137,4.81,True
21afe358-74ee-4573-b4e9-cc90cd151c9d,Toko_03231,SILVER,Jawa Timur,2021-12-23,223,3.09,False
6d9f140a-6cc1-43ea-a3d3-898d96b94cd0,Toko_03232,SILVER,Sumatera Utara,2023-06-20,150,4.35,False
a5d595b6-c531-44ac-81df-2875dc2b93ec,Toko_03233,SILVER,Sumatera Barat,2021-09-27,375,3.75,True
c08c19b4-0492-4a03-aa48-05d5bc5d8ad8,Toko_03234,PLATINUM,Bali,2022-06-19,98,3.59,True
c04ed440-c0d0-4a92-89ad-a560c3ea9683,Toko_03235,SILVER,Kalimantan Tengah,2021-03-05,432,4.22,False
5763c09d-cc2f-4b4a-aab5-cfd50a4d010c,Toko_03236,BRONZE,Riau,2022-10-25,18,3.53,False
ee11692b-7401-4407-99c5-81bd2b8a99af,Toko_03237,BRONZE,Sulawesi Selatan,2018-02-17,83,4.12,True
bafce4a4-89af-4175-b531-0625a14c670c,Toko_03238,BRONZE,Gorontalo,2021-12-27,301,4.52,False
e589ae4f-2768-4e61-ba23-067d6afe4a73,Toko_03239,BRONZE,Sulawesi Tenggara,2019-05-28,5,4.01,False
c03149a4-b1a8-4f6b-b0db-f0844719159e,Toko_03240,GOLD,Sumatera Barat,2020-12-25,278,3.8,False
a6dda0d2-d5dd-4865-bfd6-2fab7830e977,Toko_03241,BRONZE,Jawa Barat,2022-11-21,75,4.97,False
5a8e67ae-d349-4e06-93c2-e22ee9b7883e,Toko_03242,BRONZE,Bengkulu,2023-11-30,232,4.2,True
aef252f7-e977-4851-b0dd-cd6ad3e4b138,Toko_03243,BRONZE,Kepulauan Riau,2018-09-17,50,3.6,False
f2151adb-8428-444e-af0e-7fbc7b67828e,Toko_03244,GOLD,Bali,2020-10-13,188,4.32,False
d5e86a5f-8362-4eb0-9871-2444ac2e9f26,Toko_03245,SILVER,Sumatera Utara,2020-04-17,370,3.81,False
231bac73-43cf-42d8-a12a-222928f14da2,Toko_03246,SILVER,Kalimantan Tengah,2018-01-02,179,3.37,False
62835685-0197-4c83-8435-d23854eeebdc,Toko_03247,GOLD,Kalimantan Timur,2023-09-25,53,3.8,False
417f40ef-38f8-42b2-ba47-54c3f04fa585,Toko_03248,SILVER,Gorontalo,2019-11-10,189,4.81,False
9434d662-d7e4-4330-ad5c-e6e8e635f8f1,Toko_03249,BRONZE,Banten,2020-12-09,68,4.23,False
dc7d6e14-4be7-4de3-8dba-43fe54a7335c,Toko_03250,SILVER,Bangka Belitung,2020-03-02,361,3.58,True
19db5693-2bac-4a0d-8dce-79fb649e67a2,Toko_03251,SILVER,Kalimantan Barat,2018-09-16,245,4.51,False
03596059-2bd8-4796-9c75-fd32d14116a8,Toko_03252,GOLD,Aceh,2018-09-25,400,4.03,False
94df672e-5d04-45d7-8b74-9732c27ad857,Toko_03253,SILVER,Bali,2018-06-21,284,4.08,False
806c724b-1996-4ce1-8df2-25f8498cb06c,Toko_03254,BRONZE,Kalimantan Barat,2023-03-07,431,4.1,True
4db27675-0c58-457a-b293-9672863dd4b6,Toko_03255,BRONZE,Riau,2022-08-22,269,4.7,True
73e5fb3e-78c3-4933-ba01-22f8f7e83169,Toko_03256,BRONZE,Kalimantan Timur,2020-01-27,475,3.79,False
e1686df0-2505-422d-8a3b-f8f105afaf40,Toko_03257,BRONZE,Kalimantan Tengah,2020-10-16,362,4.95,False
8fcb3cf0-83bf-4b5a-947b-92c6735dcf1d,Toko_03258,SILVER,Sulawesi Selatan,2021-06-30,481,4.01,False
8b026629-d37a-4d9a-a3eb-585bd3fb3644,Toko_03259,SILVER,Bangka Belitung,2019-01-05,172,3.68,False
9bb50bd0-8c5b-4071-8e81-85955c883a06,Toko_03260,BRONZE,Papua,2018-07-21,61,3.25,True
8dc7f8d2-59a5-4dea-ad7b-e4eda4b5e8db,Toko_03261,SILVER,Sumatera Utara,2018-08-28,437,4.37,False
de52ee78-ca06-4556-a7ed-e04f951f2098,Toko_03262,BRONZE,Maluku,2022-04-12,460,4.39,False
0d81831d-544a-4f28-bf57-61d33df40326,Toko_03263,BRONZE,Jawa Tengah,2022-09-27,354,4.46,False
9207efb4-65e3-4733-a6eb-fb0e9626d6c0,Toko_03264,SILVER,Bengkulu,2022-06-06,111,3.84,False
cc4ae9b1-ce51-4555-9238-72440897a68d,Toko_03265,PLATINUM,Nusa Tenggara Timur,2019-05-31,56,4.03,False
36d771ce-9ec6-4202-8a6f-6a4c4ab7d609,Toko_03266,BRONZE,Jawa Barat,2022-04-02,253,3.02,True
a66a38aa-1af4-4005-abe3-33fbd8f274ae,Toko_03267,SILVER,Bali,2021-05-18,418,3.27,False
8112f5fd-1473-4938-aa58-42f05713dace,Toko_03268,SILVER,Sumatera Utara,2018-07-12,155,4.84,False
81c33ac5-732a-496c-ac99-87d0e249c8cd,Toko_03269,SILVER,Riau,2022-11-17,225,4.0,True
0b125f71-bbf3-47e8-a4fc-1685477d5d31,Toko_03270,GOLD,Riau,2019-10-25,12,4.64,False
27b4bb93-b0d4-42f4-bef5-8a848d291b6b,Toko_03271,BRONZE,Bangka Belitung,2022-01-31,255,4.51,False
cd0ad6a3-5ae4-4c01-b580-1174cd981adc,Toko_03272,GOLD,Bali,2023-01-20,405,4.91,False
6c231eae-7c03-485d-a342-6a2025baac07,Toko_03273,PLATINUM,Sumatera Selatan,2023-09-06,417,4.22,False
19fd0e4a-6aa5-42e0-a562-0584c9407be0,Toko_03274,BRONZE,Jambi,2022-02-22,137,4.6,False
ac8b9f65-6ee0-4193-b56b-44caf5b87726,Toko_03275,GOLD,Bangka Belitung,2020-01-25,399,3.84,False
571a398e-1074-45f5-8e16-3692f1403758,Toko_03276,BRONZE,Kalimantan Barat,2021-09-30,314,4.22,False
5f85581e-5467-4969-9d68-d1e7ab3f9bb3,Toko_03277,BRONZE,Maluku,2022-10-09,87,4.71,True
1e38cc6b-e67f-4af5-9b98-4b0a22ea3ca3,Toko_03278,BRONZE,Sumatera Utara,2023-01-26,224,4.93,False
ce3991c0-9771-4332-9b58-9ff0158071c7,Toko_03279,SILVER,Lampung,2022-07-02,73,4.53,False
cac9611c-2c5b-4475-8a4f-975a4146ab03,Toko_03280,BRONZE,Jawa Timur,2018-11-20,95,3.56,False
58fbca37-84a3-4ab4-b313-649fd54f1e88,Toko_03281,BRONZE,Gorontalo,2023-08-24,422,4.91,False
0f3fe9f6-e06e-44c6-8115-f8b6e927627c,Toko_03282,SILVER,Kalimantan Barat,2018-09-03,8,4.52,False
4a31a1e6-2908-43e8-8233-4c7c634ad6e3,Toko_03283,BRONZE,Sulawesi Utara,2023-10-16,207,3.96,False
3f295f58-24e1-4858-8f15-0fe3b59430d1,Toko_03284,SILVER,Sumatera Selatan,2018-11-21,93,4.16,False
22cfa05d-3e1a-4aae-b476-ea852147fde4,Toko_03285,BRONZE,Gorontalo,2018-02-25,481,4.6,False
a73dc3e5-b4fb-44ac-9144-fa358caf3785,Toko_03286,PLATINUM,Kalimantan Tengah,2020-12-13,441,3.33,False
d040e22f-2b78-4d4a-a97f-6e2f52e36c6a,Toko_03287,BRONZE,Aceh,2019-03-31,475,3.33,False
a4091cf3-2c49-4b30-8e14-d78210a87a0e,Toko_03288,BRONZE,Aceh,2023-05-15,180,3.46,False
016cfef3-5e5d-4d4b-9963-f193be28b929,Toko_03289,SILVER,Kalimantan Barat,2023-12-21,29,3.92,False
df7ab7f0-cab5-4f90-bdb4-87c9056bb5da,Toko_03290,GOLD,Sumatera Utara,2022-02-18,140,4.9,False
7abd0867-93ae-4628-9295-38061d2cfbad,Toko_03291,BRONZE,Papua,2020-08-10,262,3.65,False
d6b838f5-becb-42b1-91ef-83b440393bf2,Toko_03292,GOLD,Riau,2018-07-13,21,4.35,False
196712e9-eb5d-459e-b0ee-00381f920b5d,Toko_03293,BRONZE,Kalimantan Selatan,2021-03-14,338,3.93,False
72afc890-2191-423e-a91c-96f0bcc7b5f7,Toko_03294,GOLD,Bangka Belitung,2018-11-11,62,3.28,False
7a6cf483-9c45-4602-9965-a7f683ca6a9d,Toko_03295,PLATINUM,Sulawesi Selatan,2021-03-15,399,4.07,False
0b85fcd2-c52a-463d-b515-b4410d839739,Toko_03296,SILVER,Sulawesi Utara,2018-12-14,235,3.88,False
1423b1a9-1d75-4e88-82a7-df327e4857fa,Toko_03297,GOLD,Sumatera Barat,2021-04-17,335,4.28,False
f27c5030-ece2-4a53-9675-8529f71dd834,Toko_03298,SILVER,DKI Jakarta,2020-02-24,449,4.67,False
cdd58c92-5e6d-4325-8ff0-4f5fd4e76bde,Toko_03299,SILVER,Kepulauan Riau,2018-10-26,464,3.95,False
bb035ac9-1091-4da0-b68e-c9ea3b4dd4b1,Toko_03300,SILVER,Jawa Barat,2018-10-03,315,4.57,False
d21c3b7b-6d95-46a0-ab01-7312bb396a92,Toko_03301,GOLD,Riau,2021-09-09,370,4.27,True
7af732ae-be50-4dff-98ce-b1f4eca5fcc7,Toko_03302,SILVER,Jambi,2020-07-29,171,4.44,False
a2633937-152f-46d0-8114-803d00e63633,Toko_03303,BRONZE,Nusa Tenggara Barat,2020-07-28,174,4.7,False
5c582078-647c-4de4-9d09-6bd72d5c7332,Toko_03304,BRONZE,Bangka Belitung,2019-03-02,268,3.14,False
13980b87-0d82-4569-b0b3-45b8f88a2174,Toko_03305,BRONZE,Sulawesi Tengah,2021-03-19,268,4.81,False
daae819b-0579-4804-a267-bac8c8753d69,Toko_03306,BRONZE,Sumatera Utara,2021-02-16,135,3.51,False
88ea6517-5e23-4292-a89e-2fe7779354b7,Toko_03307,BRONZE,Riau,2022-10-18,32,4.65,False
a592efd3-47b3-494a-8e96-6ea90fc1a1cb,Toko_03308,SILVER,Kalimantan Selatan,2018-09-28,248,4.21,False
93300eca-9411-487d-adbb-5d2112de69c2,Toko_03309,SILVER,Sulawesi Tenggara,2019-03-15,12,4.28,False
1aa2a940-1d59-4990-a60b-ec45185e53bf,Toko_03310,GOLD,Aceh,2021-08-05,128,4.29,True
db07b69d-f59c-4892-8708-07cc213d401c,Toko_03311,SILVER,Sulawesi Tengah,2023-10-01,343,3.51,False
1584ec97-1b8c-4ab9-b096-da0aae6d5440,Toko_03312,BRONZE,Nusa Tenggara Barat,2022-10-10,305,4.06,False
60b2ed9f-af57-4e55-997e-02a83797dae9,Toko_03313,GOLD,Bengkulu,2018-09-07,161,4.99,False
c4a40fdf-208d-4efb-a313-ec892f49c804,Toko_03314,SILVER,Banten,2023-05-18,58,3.55,False
91401561-c684-410d-8759-239efad23214,Toko_03315,BRONZE,Kalimantan Barat,2020-08-10,23,4.62,False
79f77613-5c37-4487-913f-7b9dbfc4ba0b,Toko_03316,PLATINUM,Sulawesi Tenggara,2022-04-11,368,3.51,False
2fd26669-566b-4113-a4c2-186dbc599a2c,Toko_03317,GOLD,Kepulauan Riau,2020-07-16,308,3.9,False
ebc31578-9530-4704-95c9-933717703517,Toko_03318,BRONZE,Jambi,2019-02-27,82,4.95,False
c9368565-7d97-40a4-a7b2-42e38b195b84,Toko_03319,SILVER,Sulawesi Utara,2018-05-04,205,4.84,False
99eaad61-afa6-4694-9f0b-0a2f0d5514c7,Toko_03320,GOLD,Sumatera Selatan,2019-12-08,269,4.73,False
f84d8c18-cff4-4caa-bd17-ff8756fdf75a,Toko_03321,SILVER,Sulawesi Tenggara,2020-05-18,90,3.29,True
5eb06213-9d5a-428f-8211-79406f2dc140,Toko_03322,BRONZE,Sumatera Utara,2020-07-31,94,4.78,True
1214fd76-952f-4f43-ac14-743c7014fccc,Toko_03323,SILVER,Kalimantan Barat,2023-03-05,227,3.76,True
400aa333-8ef1-440b-8956-66c16028dbf8,Toko_03324,BRONZE,Kepulauan Riau,2023-05-24,371,3.77,True
228e861b-ce87-4535-8962-48ccbc0d1546,Toko_03325,BRONZE,Lampung,2020-02-15,195,3.77,True
23315eb5-85cb-48bc-b28c-99f4aa49ca26,Toko_03326,BRONZE,Aceh,2020-08-21,464,4.11,False
e6e5e03f-0887-45ed-868b-d7baa898e554,Toko_03327,SILVER,Nusa Tenggara Timur,2018-12-15,306,4.02,True
fd01ac7a-71a2-41e8-adc9-6685c85919eb,Toko_03328,SILVER,Kalimantan Tengah,2019-07-21,104,3.63,False
a8f7e901-e74a-46be-ac13-02f94c41aa9a,Toko_03329,PLATINUM,Kalimantan Timur,2019-02-05,22,3.01,False
5603ba80-afdc-4579-a1a1-5b7d6bce3120,Toko_03330,PLATINUM,Sulawesi Selatan,2022-07-14,473,3.36,False
39ae34ab-f588-44d4-96cd-94aff4d278a6,Toko_03331,GOLD,Kalimantan Timur,2022-04-03,229,4.67,False
9f5ba8f1-3e88-4f21-9e4a-2b24460f3251,Toko_03332,GOLD,Jawa Barat,2022-11-21,226,4.94,False
dce038f5-5a58-483a-9850-05da3101fa3f,Toko_03333,BRONZE,Jawa Tengah,2018-10-30,11,4.81,False
117faaf2-4d04-4ff1-9e64-91929e77a6fa,Toko_03334,BRONZE,Bangka Belitung,2018-12-21,367,3.18,False
3ad910c4-b8dc-4094-a45e-4d2a98d8e57a,Toko_03335,PLATINUM,Sumatera Barat,2021-03-01,5,4.62,False
3098b765-18ce-46d0-8cd6-8b84b21c1d77,Toko_03336,BRONZE,Nusa Tenggara Barat,2021-01-06,400,4.24,True
c3297d70-a0c2-4d35-92f7-8c9280fbc6b7,Toko_03337,SILVER,Kalimantan Selatan,2020-03-08,225,3.84,False
5e59fbf2-d803-4f10-b304-3bc1b96efe9b,Toko_03338,SILVER,Kalimantan Barat,2023-12-29,376,4.13,False
b2238bb4-b32f-4ca3-9de2-ade819ad3fba,Toko_03339,BRONZE,Nusa Tenggara Barat,2023-02-24,406,3.03,False
04365408-7ca8-464f-9277-14e02e28b7ac,Toko_03340,BRONZE,Sulawesi Tenggara,2023-11-01,464,4.27,True
c7b3f1c3-aaf5-40ad-91ff-e0874f3c03b9,Toko_03341,SILVER,Papua,2023-06-11,405,4.23,False
e4275f65-6379-47f5-a6be-f2ff5321fa06,Toko_03342,BRONZE,Bali,2022-10-23,97,3.73,False
9c911944-c706-4d76-a685-f50e47ba878a,Toko_03343,SILVER,Yogyakarta,2022-03-25,16,4.39,False
b8d97205-5162-46d9-b44b-7ab684e08eb4,Toko_03344,BRONZE,Jawa Tengah,2019-06-28,225,4.76,False
b6adf54f-8a71-4723-a0c8-2745b34c8cc3,Toko_03345,BRONZE,Bangka Belitung,2023-11-09,300,4.12,False
5e629575-7e6a-4ff9-8d80-cb87d860858d,Toko_03346,BRONZE,Lampung,2018-11-19,288,4.71,False
94e85882-53c6-4f28-acf1-baf9942e6d7a,Toko_03347,PLATINUM,Bali,2022-02-18,483,3.28,True
e77ee49b-a2a6-441f-b062-e4973e9f6003,Toko_03348,SILVER,Kalimantan Timur,2023-09-22,165,4.94,True
822ec928-47e4-4d36-b13e-2420b0014c9c,Toko_03349,SILVER,Lampung,2019-01-05,348,4.5,False
b676843b-5ed7-49e3-923f-27411002514c,Toko_03350,BRONZE,Sumatera Utara,2018-11-02,54,4.08,False
008f8d86-43d9-4ced-bccc-d7044fae78ef,Toko_03351,SILVER,Banten,2021-02-22,52,4.22,False
e57bbb56-ef09-4dac-aa5a-70f090f4407b,Toko_03352,PLATINUM,Kalimantan Tengah,2020-12-26,95,3.33,False
bdde7e18-67df-48bf-855b-c5b23a496a19,Toko_03353,SILVER,Sulawesi Tengah,2018-11-01,235,3.11,False
48e5e41a-574a-4fe1-98eb-2243f4796259,Toko_03354,PLATINUM,Yogyakarta,2020-12-18,374,4.46,False
302d51d9-83b4-4336-8134-35ac101da791,Toko_03355,BRONZE,Kepulauan Riau,2021-11-20,353,3.59,False
bfffa445-19ca-4a5d-8ab0-9c62a9a1cd9a,Toko_03356,GOLD,Kalimantan Timur,2022-11-18,404,4.01,True
b6e21107-2df6-4342-b9ca-b3b4d7e6f5c9,Toko_03357,SILVER,Banten,2022-02-12,259,4.66,False
21505ecb-4858-4283-828f-b79a4f51fe21,Toko_03358,BRONZE,Aceh,2018-07-23,37,4.26,False
908b1f0c-d011-4e39-9cb3-bb6b40890d4e,Toko_03359,SILVER,Kalimantan Timur,2022-08-07,145,4.9,False
c6eaec47-6d41-4d01-81bb-998c560f082b,Toko_03360,BRONZE,Banten,2021-02-14,438,4.73,False
b9d6b708-e0ce-41b0-9214-cf2561d117cb,Toko_03361,SILVER,Gorontalo,2021-09-05,459,4.44,False
99207386-d5b2-4608-971a-87db753161ee,Toko_03362,BRONZE,Jawa Tengah,2023-06-12,271,4.3,False
301196ba-7277-4f1f-acba-852f89252e17,Toko_03363,SILVER,Sumatera Utara,2020-12-08,372,3.91,True
02cebf40-889b-4fd2-9872-1ba4bf70bd1d,Toko_03364,PLATINUM,Jawa Tengah,2022-05-15,487,4.87,False
bb08e87d-fefa-4113-bd45-24800c784e2c,Toko_03365,GOLD,Kalimantan Selatan,2018-01-26,251,3.13,False
571441b8-da86-490f-aad6-264f6f189e71,Toko_03366,PLATINUM,Nusa Tenggara Timur,2018-08-30,51,3.23,False
bcd7bf6a-9365-4e26-9a7f-26f74a56f638,Toko_03367,BRONZE,Sumatera Utara,2023-03-15,458,4.61,False
a91810df-60d0-49cb-b9d5-13bc6212dd60,Toko_03368,SILVER,Kalimantan Timur,2020-02-01,223,3.16,False
c5fe9120-fef8-4a95-b3eb-34f171ff17b6,Toko_03369,SILVER,Sumatera Barat,2022-12-10,32,4.64,True
c08ef5b9-3ec9-4fc4-9128-6e663da78908,Toko_03370,BRONZE,Sulawesi Selatan,2018-10-18,419,3.86,False
a4150ac5-8bd5-401a-bb7e-9dcdea0928ae,Toko_03371,BRONZE,Sulawesi Utara,2020-11-16,468,4.4,False
0336036c-be4f-4225-b49f-a8401730b85b,Toko_03372,BRONZE,Sulawesi Tengah,2021-07-03,292,4.42,False
6bf59852-7991-427c-898d-4e39ce0ecced,Toko_03373,BRONZE,Nusa Tenggara Timur,2019-07-31,413,4.13,False
0cf426c5-6347-45cc-8fbe-9867aa986cfc,Toko_03374,SILVER,Bali,2020-05-23,447,4.71,False
c704e342-9ac9-489d-ba7d-a8459d81ead9,Toko_03375,SILVER,Riau,2023-04-19,397,3.23,False
bbb4cff4-83a4-49c3-8a17-de7e39b87a03,Toko_03376,BRONZE,Nusa Tenggara Barat,2023-10-10,478,3.28,False
bfd03128-d232-4ada-8737-a978d5878cfb,Toko_03377,GOLD,Jambi,2018-12-05,114,4.8,False
22e53142-3e09-478d-82ce-d9f110d5e67d,Toko_03378,BRONZE,Riau,2021-09-23,28,3.31,False
9280ab1d-4e85-4066-9ad6-06f106eb1f78,Toko_03379,SILVER,Kalimantan Barat,2020-06-27,355,3.37,False
1c5f67c2-f51b-489c-94d8-d330f73281f7,Toko_03380,BRONZE,Yogyakarta,2022-01-14,229,3.51,False
d6597468-8709-443b-a993-b191e85aef04,Toko_03381,GOLD,Kalimantan Timur,2019-09-13,220,4.06,False
988d919f-0720-44b9-bd9c-727343b616a2,Toko_03382,BRONZE,Sulawesi Tenggara,2022-11-19,24,4.49,False
0a99f95f-2124-4ec3-9614-53bdb7cdd317,Toko_03383,SILVER,Sumatera Barat,2020-10-26,461,3.6,False
1273a659-5355-40a0-8bfe-c2d9e4483b33,Toko_03384,BRONZE,Lampung,2019-12-26,167,4.6,False
ba0982fa-b96a-43df-a366-0bd38dbf4c8a,Toko_03385,PLATINUM,Gorontalo,2021-05-05,212,4.83,False
30e930a3-4b71-4ef2-9a03-776171452853,Toko_03386,BRONZE,Jawa Barat,2022-12-30,422,3.89,False
8f56188d-9e6a-4412-9844-3f71a6fef1ab,Toko_03387,BRONZE,Kalimantan Selatan,2023-01-14,322,3.67,True
7dc12113-b5a5-4635-a9b7-f3236d1e5a8d,Toko_03388,PLATINUM,Sumatera Utara,2020-04-23,294,3.37,False
54adccd8-39fd-49ef-802e-cda03a519427,Toko_03389,SILVER,Sulawesi Tenggara,2021-09-27,466,4.53,True
9e7f3dd5-ec71-406c-bf52-dd8b86ccc89b,Toko_03390,SILVER,Maluku,2021-06-21,379,3.06,False
aff63a34-0526-483c-a181-8db142ed6413,Toko_03391,BRONZE,Sumatera Barat,2019-02-13,491,3.17,True
3252f8ea-c194-4bf3-9eb2-36f43f8ff29d,Toko_03392,GOLD,Kalimantan Barat,2019-01-24,312,4.97,True
9f90799f-0dc0-472a-9340-d8a9b85d29dc,Toko_03393,BRONZE,Lampung,2022-12-29,354,3.78,False
a108ff07-7aa6-4733-bc9d-eb541e23d217,Toko_03394,BRONZE,Nusa Tenggara Timur,2018-04-08,212,4.43,False
0b56fb26-0f40-4d82-968c-c3c19b6242ae,Toko_03395,BRONZE,Kepulauan Riau,2021-01-02,362,4.88,False
2212d539-07b4-4f04-a4d3-1c59f7cb963a,Toko_03396,PLATINUM,Yogyakarta,2018-12-05,346,3.27,False
b0a1c14c-759f-49d7-9e38-4dc3579fcacb,Toko_03397,BRONZE,Jambi,2022-01-03,451,4.92,True
7fbd28f6-1924-4ee2-9c84-6b504143ac12,Toko_03398,GOLD,Bengkulu,2018-07-27,45,3.64,False
c66d4341-d569-4b25-95be-72186217390a,Toko_03399,GOLD,Gorontalo,2020-01-20,469,4.76,False
30be1bd7-9bd1-4ad8-bd81-ffdda7fe50ff,Toko_03400,SILVER,Papua,2020-11-29,230,4.27,False
dbe6d8ab-34ed-405f-89f5-91af9d007a14,Toko_03401,BRONZE,Lampung,2018-06-29,494,4.67,True
2a83e5e7-50fb-4566-995f-a5843df1f884,Toko_03402,BRONZE,Sumatera Selatan,2019-06-13,242,4.19,True
ac8f4885-6718-412b-8290-1a0c453669f6,Toko_03403,BRONZE,Aceh,2022-02-08,334,3.06,False
1231bf67-cfb6-4801-8d25-829a89863ffa,Toko_03404,GOLD,Jawa Tengah,2018-07-17,9,4.97,False
71f5797f-a273-49d7-a398-a9e0b7e37149,Toko_03405,SILVER,Sumatera Selatan,2021-05-30,400,4.44,False
a8a17f82-1651-468b-a060-845fd81f0a11,Toko_03406,GOLD,Jawa Timur,2018-01-13,147,3.7,False
341f5c74-f0a9-413c-88ab-937dc20baf67,Toko_03407,GOLD,Kalimantan Tengah,2018-07-06,264,4.22,False
0967bac5-ece9-40d7-9a49-0f608550bc58,Toko_03408,BRONZE,Jawa Tengah,2021-05-13,325,4.23,True
06d4179b-b140-4916-a8ed-29e25ea49497,Toko_03409,BRONZE,Nusa Tenggara Timur,2021-10-11,455,4.23,False
b8ca3837-c0a5-4aae-b4ac-6cba2c3e3211,Toko_03410,PLATINUM,Kalimantan Selatan,2021-11-18,394,4.5,False
7dec95af-b3c8-46c4-8927-d859378fa953,Toko_03411,SILVER,Kalimantan Timur,2019-08-24,28,3.72,True
eaed9dc7-3608-4ad5-a14f-950c13191ca1,Toko_03412,BRONZE,Sulawesi Utara,2018-02-23,334,3.04,False
3db34e6e-28b5-45ca-b39d-70f7f4b1b552,Toko_03413,PLATINUM,Gorontalo,2018-08-29,42,4.09,False
a61bc525-216c-4da7-87f5-105765ed56ea,Toko_03414,SILVER,Jawa Barat,2020-09-16,250,4.0,False
b72749e6-0227-4617-9e05-ff789680dc43,Toko_03415,BRONZE,Yogyakarta,2020-06-11,344,3.39,False
d4f87844-6473-474d-a8f4-69d067966570,Toko_03416,BRONZE,Maluku,2022-03-16,446,3.45,True
edec8c72-4df5-49f2-adf2-675dd3d12584,Toko_03417,SILVER,Kalimantan Barat,2019-10-06,176,3.66,False
8b60f1e7-f534-4c7c-a1ec-3126193f5d0f,Toko_03418,SILVER,Kepulauan Riau,2018-02-15,42,3.99,False
0a56f717-bc7f-4d7b-85fe-125a408e116e,Toko_03419,BRONZE,Banten,2022-05-22,99,3.57,False
41a6e1f6-0b27-4a0f-bd20-e6935b0f7ca6,Toko_03420,BRONZE,Bali,2018-09-08,326,3.37,False
a2342f64-5155-425f-a8ba-ca6bab4a1d12,Toko_03421,SILVER,Banten,2020-06-15,409,3.44,False
115c1391-738f-4ac6-aefe-cf5d301d9f41,Toko_03422,BRONZE,DKI Jakarta,2018-05-11,297,3.08,False
0c8442da-0240-4aea-b5e7-c41306249e24,Toko_03423,BRONZE,Papua,2018-07-10,187,3.49,False
15c9c5f6-fb91-4870-82d5-1040b25e9e95,Toko_03424,PLATINUM,Sulawesi Tenggara,2022-08-23,266,3.51,True
057e53a2-65cd-444b-abe0-c276f2208775,Toko_03425,GOLD,Jawa Timur,2018-12-29,201,3.79,False
796fef1a-25e5-4c0f-be71-54ff30acd9f7,Toko_03426,BRONZE,Gorontalo,2018-01-27,149,4.79,False
9cf7adf7-9615-43b9-90f2-2aaef0b4fee4,Toko_03427,PLATINUM,Gorontalo,2023-02-13,176,4.51,False
660cd81f-85e0-4a3b-baf4-7ae1d77fe0b2,Toko_03428,SILVER,Sulawesi Tenggara,2023-01-22,170,4.71,False
f5a3eba1-6bdc-4d9c-af50-2b1b0d2a208b,Toko_03429,BRONZE,Bali,2022-10-01,164,3.33,True
0cf10917-b734-4d19-ae03-18ad8fc1b8de,Toko_03430,PLATINUM,Sumatera Barat,2022-09-13,348,4.61,False
da72ca3e-4682-4581-8a1d-07dc7f72c523,Toko_03431,BRONZE,Maluku,2019-08-03,239,3.74,False
9aa355ab-6b8e-4a84-9edd-6e5f0b6d3434,Toko_03432,BRONZE,Sulawesi Selatan,2023-03-13,460,3.05,False
07cae0c8-aa41-4925-9b7b-d077bc7275e4,Toko_03433,BRONZE,Sulawesi Selatan,2019-04-15,51,4.6,False
efa7ae70-07d8-499a-8036-ea5e66ff1c8b,Toko_03434,BRONZE,Bengkulu,2018-01-26,97,3.38,False
15234594-0b85-47ec-a6e8-2f511fbfbdf8,Toko_03435,BRONZE,Nusa Tenggara Timur,2019-12-02,39,3.71,False
a69c00b6-2c66-4fd9-b013-f5267ceb04c7,Toko_03436,GOLD,Sulawesi Tengah,2023-06-26,375,3.01,False
8e3cf854-69d3-493f-aac6-ebccfd4b20b6,Toko_03437,BRONZE,Jawa Timur,2019-04-05,262,3.87,False
73c56cdc-62cb-49a1-9e87-9ffdea7159b8,Toko_03438,BRONZE,Sulawesi Tenggara,2018-12-01,378,4.18,False
761ff5fa-704b-4230-ae59-d3834a197e1d,Toko_03439,SILVER,Maluku,2023-04-11,90,4.41,True
c17066ec-dcca-4f8b-bc33-665ceac7a22e,Toko_03440,SILVER,Jawa Barat,2018-07-26,389,4.98,False
cdbded71-f4b5-46fc-bd7d-5bfd2c9c4fcc,Toko_03441,BRONZE,Sulawesi Tenggara,2020-06-03,39,4.09,False
4584755f-f2f8-49af-8692-536f13e9ad21,Toko_03442,PLATINUM,Sulawesi Tengah,2023-05-19,465,3.34,False
a98deafa-1b51-4158-b2c5-067ebd8f2c88,Toko_03443,BRONZE,Yogyakarta,2021-06-27,448,3.11,True
33167217-e1f0-4b94-81ff-23cc1125dc7d,Toko_03444,SILVER,Sumatera Utara,2023-05-07,88,3.0,False
db575988-c8a0-493f-8752-ce6f4656eb72,Toko_03445,BRONZE,Lampung,2019-06-07,325,4.85,False
8d7e42d4-05e6-43ea-8b5b-65eb39c9c7e4,Toko_03446,BRONZE,Banten,2018-08-31,134,3.18,False
7139a22a-3a8a-4b64-85d3-c7f0da917739,Toko_03447,PLATINUM,Nusa Tenggara Timur,2020-05-15,379,3.26,False
77a49d91-3697-4db0-97ad-799cea9279ab,Toko_03448,SILVER,Jawa Timur,2018-09-28,220,4.95,False
5919ac90-0cf9-4323-bb67-a1f35ef1932c,Toko_03449,SILVER,Maluku,2020-03-14,363,3.02,True
4dc5a0b4-78d5-464c-8c38-b86034c46378,Toko_03450,SILVER,DKI Jakarta,2019-06-07,23,4.27,False
c41b395e-a3e7-4d8e-8c86-9edcaabfafff,Toko_03451,BRONZE,Maluku,2019-09-04,117,4.7,True
ce032964-1e9b-467d-92be-f6d3c915cc90,Toko_03452,BRONZE,Kalimantan Selatan,2019-06-05,361,4.75,False
1ed49c33-03b1-4d9b-891d-50921016c016,Toko_03453,SILVER,Jawa Barat,2019-06-20,262,3.19,False
152b05bc-3814-49d0-8d50-98bc0bbdc641,Toko_03454,BRONZE,Riau,2022-06-10,105,3.01,False
79ca3de1-6676-4aa3-bc66-5927d0e01a89,Toko_03455,BRONZE,Maluku,2020-08-03,483,4.66,False
f01d132c-6e3d-4f05-aa74-c99e3c1ec77d,Toko_03456,BRONZE,Yogyakarta,2019-01-29,317,4.07,True
e804e1df-648c-4684-851f-1b294523f450,Toko_03457,BRONZE,DKI Jakarta,2019-10-26,311,3.18,False
3a464c10-5bb4-4ea4-be25-768becb8aff4,Toko_03458,GOLD,Aceh,2018-10-31,245,3.6,False
eba27d2a-d9dc-476f-b075-e1919bda8fc7,Toko_03459,BRONZE,Sumatera Utara,2023-12-15,116,3.24,False
bf7feab5-2159-4f05-ae57-fe6fc5e11e30,Toko_03460,BRONZE,Kepulauan Riau,2021-02-04,39,4.24,False
0545c5dd-32ff-4216-a3ad-5b92252ab37a,Toko_03461,BRONZE,Jawa Tengah,2020-04-11,485,3.24,False
0bbcb52d-f282-40b2-a000-01a5610b2519,Toko_03462,SILVER,Kalimantan Selatan,2022-07-21,290,4.77,False
3d04a696-b18d-4b42-8352-893f6190811e,Toko_03463,BRONZE,Gorontalo,2022-05-30,240,4.91,False
95a1e947-c258-44f6-a1c5-51c57fdead8f,Toko_03464,BRONZE,Sumatera Barat,2022-06-02,481,3.31,False
b3fde256-1eba-41c9-aa9c-4c28dc815488,Toko_03465,GOLD,Kalimantan Selatan,2022-01-21,35,3.61,False
176e5a8f-d146-4e62-b4fc-e47a7b7672df,Toko_03466,GOLD,Riau,2021-05-15,340,3.07,False
fe171200-98b5-48aa-99f2-1db0824fc25d,Toko_03467,BRONZE,Sumatera Selatan,2021-06-08,314,4.54,False
d328b778-d9bb-4e2c-8a54-1de41436ba46,Toko_03468,SILVER,Kalimantan Selatan,2018-02-04,159,4.29,False
d768ebb3-7711-42fe-a0eb-80ae3c7d6540,Toko_03469,SILVER,Banten,2019-11-23,202,3.27,False
6fcbcfd6-f48e-4c03-a066-40b36ec49bf8,Toko_03470,BRONZE,Lampung,2019-08-25,135,3.43,False
89bf61b4-1ac6-4b76-878b-44ad1b8dcb50,Toko_03471,BRONZE,Kepulauan Riau,2021-11-08,486,4.31,False
3d0c0d1e-4641-4506-9231-245df197041f,Toko_03472,BRONZE,Banten,2019-02-20,352,4.03,False
ad4053bc-0ded-4f7e-9b2c-616496832bf4,Toko_03473,GOLD,Jawa Barat,2023-12-27,381,3.99,False
b3ab8b6b-fc40-4bcf-b4fc-fbef429174a7,Toko_03474,PLATINUM,Nusa Tenggara Barat,2019-02-06,383,4.25,False
974b2939-6bc2-4453-92cd-81a978daf81d,Toko_03475,SILVER,Aceh,2021-06-28,469,4.64,True
984a4000-32bd-4bc5-93bd-eb5cec231974,Toko_03476,SILVER,Papua,2022-04-07,139,3.44,False
613d2cfa-dcf4-4638-bfd4-f5a1dcd4e01c,Toko_03477,GOLD,Yogyakarta,2019-07-03,373,4.93,False
b3fd0af0-4436-4c94-b794-9e0b23f03aa9,Toko_03478,PLATINUM,Sumatera Utara,2022-02-06,346,3.12,False
3824c1ef-b3ca-408d-95e8-5fc23e508b91,Toko_03479,BRONZE,Riau,2020-04-08,491,4.63,False
41c44b3c-5fa0-46f1-bf03-1f8fee5c8a59,Toko_03480,BRONZE,Jawa Tengah,2022-02-07,439,4.34,False
34ba86a4-7c39-4c79-bdb9-e1e3008c9ece,Toko_03481,BRONZE,Aceh,2020-12-29,194,4.73,False
cf884901-cd03-4c62-885e-464210b2c8ff,Toko_03482,BRONZE,Maluku,2021-01-05,260,3.66,False
5a37f940-d15c-4f28-80ca-264892d97c1c,Toko_03483,SILVER,Yogyakarta,2021-01-03,374,4.54,False
fa6fcf9a-1b37-474f-a663-74f048366a2e,Toko_03484,SILVER,Sumatera Selatan,2022-01-16,500,3.48,False
e4755cc1-3a8b-4cdc-8817-bf4fc295c2d7,Toko_03485,SILVER,Bangka Belitung,2021-01-14,206,3.77,False
f60680ff-0564-40b1-87e3-5ba07c8a6302,Toko_03486,GOLD,Kalimantan Barat,2018-09-18,225,3.42,False
80aba033-b15f-451d-9e8b-40858e4ff938,Toko_03487,BRONZE,Kalimantan Timur,2021-03-15,194,3.04,False
9c2957c9-8ce2-4817-947a-ac75fba533a7,Toko_03488,BRONZE,Kalimantan Timur,2021-06-08,265,3.18,False
f352f9f5-a9f6-4ebe-abd0-9ebfb94dffb2,Toko_03489,GOLD,Nusa Tenggara Barat,2019-08-08,170,4.57,False
ed41ea71-2fa9-4891-8703-549fecff02b6,Toko_03490,BRONZE,Lampung,2023-01-04,98,3.23,False
569cc39e-70fb-4461-88aa-04124a59030a,Toko_03491,BRONZE,Bangka Belitung,2021-02-05,74,3.48,False
11304dea-855f-404b-90fa-9e4e5a1a225a,Toko_03492,SILVER,Jawa Timur,2020-12-24,97,3.77,False
420d21c8-350e-4eaf-b370-fc105cfaa588,Toko_03493,BRONZE,Papua,2020-12-20,338,4.09,False
cbf09e0e-8fe0-4588-9e65-14b2ab311761,Toko_03494,GOLD,Sumatera Utara,2022-08-29,423,3.23,False
98ad28c5-689d-46d4-8b4f-0b92836e92ca,Toko_03495,GOLD,Sumatera Selatan,2018-08-17,236,4.13,False
a5127a77-711e-4ec1-823a-e0ef8a8fa868,Toko_03496,GOLD,Sumatera Barat,2019-03-04,497,4.81,False
71e3f131-36b6-4258-bdf8-b2507bcf1817,Toko_03497,BRONZE,Nusa Tenggara Timur,2019-05-15,258,4.88,False
ec834e79-0584-4da4-9baa-46a0c4204079,Toko_03498,GOLD,Banten,2019-05-08,45,3.74,False
e35a347c-7b94-46de-9249-81fbe11de513,Toko_03499,BRONZE,Gorontalo,2021-02-24,167,3.31,False
ec732f53-6cc5-4c18-afa1-e865e454023e,Toko_03500,PLATINUM,Riau,2019-12-23,226,4.78,False
da745b1e-0181-4508-b3e3-056b18826ed9,Toko_03501,SILVER,Riau,2023-08-03,29,3.22,False
d33d9212-4d82-4f12-84e9-db532d60b1f9,Toko_03502,PLATINUM,Bangka Belitung,2018-04-14,359,4.06,False
a6a6ba07-ccf0-44a8-952e-e17e9e0fca48,Toko_03503,GOLD,Kepulauan Riau,2019-08-28,118,4.81,False
48233653-0b29-4398-bae5-3187b5460f5c,Toko_03504,BRONZE,Kalimantan Tengah,2022-06-28,354,3.65,False
68c04f56-2a8b-4996-bf88-c6672d93f4e8,Toko_03505,SILVER,Jawa Timur,2021-02-15,471,3.12,False
8f1565ce-5f84-4351-b0b0-a22a5a158243,Toko_03506,GOLD,Nusa Tenggara Timur,2022-01-02,422,3.31,False
55eef66c-1928-4050-9e68-e99ca205e177,Toko_03507,SILVER,DKI Jakarta,2022-02-14,171,4.3,False
f40b8908-51af-4a6d-ad08-04329d26dc16,Toko_03508,BRONZE,DKI Jakarta,2019-09-15,252,4.71,False
09cbbfc6-e1bb-4381-b91e-961d1a340310,Toko_03509,BRONZE,Lampung,2020-02-03,168,3.93,False
ff6ecca5-14b6-473b-80d7-c443aa18a09a,Toko_03510,BRONZE,Kalimantan Tengah,2018-04-19,314,3.6,False
9330ef6f-8136-4c8c-bfef-1e4ef3b2a99d,Toko_03511,SILVER,Jawa Timur,2020-06-10,395,3.8,False
33c92a5e-0309-4cb2-9c71-466fb4e6de65,Toko_03512,SILVER,Sulawesi Utara,2019-11-05,470,3.07,True
ea26710a-36b4-4bcc-b931-6b9ec414c409,Toko_03513,BRONZE,Kalimantan Selatan,2021-12-08,368,3.31,False
ba8fb8c5-7c4c-48e0-9bf3-1adad56b53a1,Toko_03514,BRONZE,Aceh,2018-04-20,312,4.29,False
208fc729-9c80-4f6f-a48b-ab475c3db160,Toko_03515,SILVER,Sulawesi Utara,2020-10-05,181,3.26,False
5df6425d-4e0e-49ff-a239-0a937fc5f178,Toko_03516,SILVER,Kepulauan Riau,2020-05-23,470,3.47,False
5310d6ab-88e2-4865-a1ab-417ae0176899,Toko_03517,SILVER,Bengkulu,2022-12-19,121,4.4,False
17c6bdbd-cafe-4718-9b8e-80d6a22cbc3c,Toko_03518,SILVER,Nusa Tenggara Barat,2019-12-15,5,3.57,False
c3f318ca-0c97-40ac-86d1-f48d504ad676,Toko_03519,SILVER,Kepulauan Riau,2020-06-28,405,3.71,True
6fc2b6fb-68a9-4f47-a26f-322abf11f7d4,Toko_03520,BRONZE,Jawa Tengah,2023-09-09,184,4.94,False
ef466a24-54cc-4f75-92b2-6659067b8c6a,Toko_03521,BRONZE,Jawa Barat,2023-02-24,28,4.02,False
907b1624-3a9e-4447-999f-06c27f7fc8b6,Toko_03522,SILVER,Jawa Timur,2023-09-03,418,3.32,False
33cc2a90-edd1-40e7-8ced-cf0dc1fd5724,Toko_03523,BRONZE,Jawa Timur,2018-02-27,256,3.25,False
6a1159e5-1990-4697-9a42-4c4ea3d12e51,Toko_03524,BRONZE,Bangka Belitung,2020-06-29,462,4.93,False
81da3640-b795-4012-b171-c49adf0d2e6c,Toko_03525,SILVER,Sumatera Utara,2019-01-03,498,4.72,False
3aa835db-7d52-48e6-8de3-2c9a33b4da05,Toko_03526,GOLD,Kalimantan Tengah,2020-12-09,278,4.72,False
621a183b-365d-44d0-b524-58bba20d10cd,Toko_03527,SILVER,Kalimantan Timur,2022-12-18,390,3.53,True
0e35c3e8-80f2-440d-b739-5c234acb93c8,Toko_03528,PLATINUM,Sumatera Selatan,2019-09-18,77,4.9,False
245e518f-bc9e-4424-96d6-b3cccaf96f6c,Toko_03529,SILVER,Nusa Tenggara Timur,2019-03-11,391,4.21,False
fc239833-aa74-4dc1-bed6-0d1f4243a865,Toko_03530,BRONZE,Sulawesi Tenggara,2019-09-24,372,4.63,False
e0e8a642-a703-4c7c-8c1c-29db8073a2ea,Toko_03531,SILVER,Sumatera Utara,2020-01-02,380,4.92,False
b781d781-75ed-4b6d-9f05-71fc6af93a86,Toko_03532,BRONZE,Kepulauan Riau,2021-10-14,113,3.74,True
221b16e5-f535-41e6-a364-0c1221d1f7f6,Toko_03533,BRONZE,Kepulauan Riau,2023-05-16,447,4.6,True
29e25129-4915-4c89-940e-6da416fa5c12,Toko_03534,SILVER,Sulawesi Tenggara,2018-08-16,144,3.79,False
5b1c1ba7-fddc-4da3-a0ac-12664a3e5d6f,Toko_03535,BRONZE,Kepulauan Riau,2020-08-25,8,3.97,False
bea7a931-2ced-4971-a7a1-7b60d573dced,Toko_03536,GOLD,Lampung,2019-05-15,339,4.12,True
ff8a77a7-4d3e-4122-aaba-80bc6d91dac1,Toko_03537,GOLD,Jawa Tengah,2020-06-19,401,3.77,False
44f7e346-627f-4741-8bbf-6748df146c4e,Toko_03538,BRONZE,Jambi,2021-03-20,344,3.8,False
aca08f1e-26e8-4481-9ab4-0b332887e4f0,Toko_03539,SILVER,Papua,2022-02-05,202,3.13,False
34610f21-d33e-4080-aff1-5d6b6c865259,Toko_03540,GOLD,Jawa Barat,2022-01-20,168,3.5,True
d9652f72-2d79-4bd9-864c-06ccbefb41a9,Toko_03541,BRONZE,Nusa Tenggara Timur,2018-10-03,193,3.17,False
2b2df7f6-6636-4373-befc-e03e12120380,Toko_03542,BRONZE,Jawa Tengah,2021-11-02,173,3.86,True
e3e94594-11ac-476d-8cf2-d32e3e710f40,Toko_03543,PLATINUM,Jawa Tengah,2022-03-20,308,4.97,False
c816de55-26e8-448d-aba0-c222cce20964,Toko_03544,SILVER,Sulawesi Utara,2022-01-05,417,3.37,False
90d6c329-28bc-4406-b5b5-a94998b5de57,Toko_03545,BRONZE,Banten,2018-03-16,134,3.34,False
61cc49e3-c9bc-419f-a110-448580c61c10,Toko_03546,SILVER,Jawa Tengah,2023-07-26,54,3.27,False
374cb4e1-6711-494e-b960-9d584ce2a77a,Toko_03547,BRONZE,Jawa Tengah,2020-04-06,297,3.49,False
63d4020f-5c1a-48ab-a692-7dd85412c955,Toko_03548,GOLD,Nusa Tenggara Barat,2022-07-11,241,4.06,False
2288da6e-5682-45c6-8493-8571ce0e22da,Toko_03549,BRONZE,Bali,2023-11-14,247,3.43,False
48a0eb32-c21d-4c15-910c-eeb2553ab8b2,Toko_03550,SILVER,Sulawesi Utara,2020-08-05,45,4.6,False
e68cbaf1-57d4-46ff-b14a-93fbaec3b19a,Toko_03551,BRONZE,Sulawesi Selatan,2022-05-14,350,4.53,False
96ac0cdd-b207-4554-81a6-dfb5aa697b97,Toko_03552,BRONZE,Bali,2023-12-13,278,4.24,False
ee40b3da-8bf0-4383-869a-d3b14848a7af,Toko_03553,BRONZE,Sumatera Barat,2020-05-01,486,4.26,False
844de10f-0a62-4e51-850c-e3497748679c,Toko_03554,GOLD,Maluku,2021-06-18,108,3.23,True
ea6f1985-26c9-43eb-a90d-534604990392,Toko_03555,GOLD,Kalimantan Timur,2021-06-18,101,3.06,False
c2b47069-95b2-4895-8a66-739309c4e4a3,Toko_03556,SILVER,Bali,2021-10-03,98,3.47,True
69947532-6636-44bb-8f6a-49fa94654c21,Toko_03557,BRONZE,Bali,2018-10-11,185,4.68,False
0229ec08-2bed-48e2-bb83-25a928957441,Toko_03558,SILVER,Kalimantan Barat,2021-01-20,149,4.13,False
5b6ccc5b-3da0-4edc-89bc-145d05e87b17,Toko_03559,GOLD,Sulawesi Utara,2018-01-29,369,3.1,True
5b2ebbed-b67b-4a0b-a1a1-bd2d2ac3979c,Toko_03560,PLATINUM,Sulawesi Selatan,2022-06-09,161,3.62,False
ce443a74-124f-4084-be0a-1d471bd3e120,Toko_03561,BRONZE,Kalimantan Barat,2021-05-04,298,3.9,False
d3b2d050-b32d-41c0-9903-18a215f2f93c,Toko_03562,BRONZE,Jawa Tengah,2022-09-16,422,3.4,False
fc0cb4ae-4d80-4cce-a1ab-5f3204931a97,Toko_03563,BRONZE,Jawa Barat,2020-11-18,444,3.66,True
e4eed5ec-6926-46f4-915f-ed15f79f1262,Toko_03564,BRONZE,Kalimantan Timur,2020-06-22,245,3.4,False
12e5e26f-e9e2-4535-8c9d-7344c5f18c7b,Toko_03565,BRONZE,Riau,2022-10-14,320,3.37,False
241014e5-a656-4f3f-9235-27d94eda4da2,Toko_03566,BRONZE,Yogyakarta,2022-01-06,75,4.14,False
3d1f2bfe-ba26-4973-a452-30b0e8bbdcdf,Toko_03567,BRONZE,Jawa Barat,2022-02-28,308,3.93,True
58d3f93d-f221-4a2d-9ca8-ae6c0e1558ea,Toko_03568,BRONZE,Jawa Timur,2019-10-24,275,3.32,False
8b7a6359-77c7-428a-9114-61f8c59b27c8,Toko_03569,BRONZE,Lampung,2020-08-19,45,4.71,False
c5bffd4c-a20f-429d-bfe1-125f9c88fa41,Toko_03570,GOLD,Nusa Tenggara Barat,2021-10-05,318,3.79,False
b0c173a0-293a-4012-a4d2-5a41179ece29,Toko_03571,BRONZE,Kalimantan Tengah,2020-10-12,157,4.94,False
03c402c1-fc82-4531-9070-31e2a5727016,Toko_03572,GOLD,Gorontalo,2021-04-11,386,3.44,False
e651f413-96d4-4e0f-8065-cc4573805599,Toko_03573,GOLD,Jambi,2021-06-04,318,3.24,False
6483abf8-3b78-4048-ba13-0d51ea63d95a,Toko_03574,SILVER,Sumatera Barat,2020-09-20,431,4.41,False
54b298be-31b2-42d1-944c-8dd362631101,Toko_03575,BRONZE,Sulawesi Selatan,2021-03-13,120,4.15,False
539b08d0-bbbe-4314-bc2b-27fc895ab8ea,Toko_03576,BRONZE,DKI Jakarta,2023-11-24,393,4.35,False
0c176a2d-4be3-4194-a239-a84fe763423a,Toko_03577,SILVER,Banten,2020-07-08,29,4.19,False
43aa7c5c-0981-434f-b51c-83be41e4bfdf,Toko_03578,BRONZE,Aceh,2023-05-08,375,4.87,False
d90fbd7e-1991-4292-b25b-2f140a9c602e,Toko_03579,SILVER,Sulawesi Tenggara,2023-11-10,303,4.72,False
fcb63703-5b71-4e3a-85e2-c52f81310130,Toko_03580,BRONZE,Jawa Timur,2018-02-02,462,4.52,False
b2591b57-1e02-4112-ae26-33a66809f010,Toko_03581,BRONZE,Sumatera Utara,2019-04-17,445,3.96,True
f61d515e-aa9e-493b-87db-37290c7668a8,Toko_03582,BRONZE,Yogyakarta,2023-10-26,183,3.39,False
612f2dbf-8782-4392-bac4-a6e6c41a8c51,Toko_03583,GOLD,Kalimantan Selatan,2021-10-11,246,4.6,True
94266310-094d-4346-b184-d0d884904a6a,Toko_03584,GOLD,Jawa Barat,2020-09-28,10,3.09,False
eb9f33b7-fbd5-4b8d-b5dd-3ff4059d431c,Toko_03585,BRONZE,Lampung,2022-04-12,480,3.13,False
e5b8170b-6d8e-4e79-819e-198409e4f5d7,Toko_03586,BRONZE,Jawa Barat,2018-04-23,77,4.79,False
d16fdc5b-e7bc-4add-9998-8c8faaecae99,Toko_03587,BRONZE,Bengkulu,2019-04-16,109,4.47,False
0960c0a6-0c8e-4525-8368-f4fdf9ee8b04,Toko_03588,GOLD,Bangka Belitung,2021-12-30,275,4.41,False
07ce2d04-e704-4f46-a975-b49383746ba8,Toko_03589,BRONZE,Kalimantan Timur,2023-04-15,498,3.0,False
45f80dfd-c7f8-466f-8493-cb0749c1ca31,Toko_03590,PLATINUM,Jawa Tengah,2020-06-13,488,3.14,False
4f656485-cb79-45d4-ab39-ef0436e01283,Toko_03591,SILVER,Sumatera Selatan,2020-11-28,361,3.65,False
e0c30e9a-cc49-43f0-81ab-84d68d0164ef,Toko_03592,BRONZE,Sumatera Barat,2022-02-28,29,4.77,False
0f1754e6-04b2-4dd2-b11e-cecb29e9b1ca,Toko_03593,BRONZE,Kepulauan Riau,2022-07-27,85,4.87,False
3b011165-3dad-42ee-8c69-a1b332cce50e,Toko_03594,BRONZE,Sumatera Barat,2020-03-09,163,3.92,False
a3f73fcc-8529-4475-a740-6a955279d093,Toko_03595,BRONZE,Nusa Tenggara Timur,2019-03-18,14,3.6,False
e04689cf-f0a1-4c8d-b3a3-e56117dabdfd,Toko_03596,SILVER,Kalimantan Tengah,2023-08-29,384,4.39,False
b61d5094-6c4b-4085-b45a-664c99a9d404,Toko_03597,BRONZE,Kepulauan Riau,2018-04-25,21,4.1,False
fb5edcb7-ea8c-4ecb-b0a1-4bf073c048eb,Toko_03598,PLATINUM,Kalimantan Timur,2019-07-31,296,4.72,False
3913d4ea-26ed-420d-8bb3-c68e44a4b5f8,Toko_03599,SILVER,Jawa Barat,2019-09-19,458,4.61,True
c658c628-2e4b-479b-995d-59b31f011356,Toko_03600,SILVER,Sulawesi Utara,2022-11-30,460,3.57,False
cf307542-6f28-4910-a725-a49ae75b8d04,Toko_03601,BRONZE,Jawa Barat,2021-05-22,111,4.68,True
9646d1bb-5fa7-45f6-a1f8-246aea080c4f,Toko_03602,BRONZE,Jambi,2022-02-10,489,3.09,False
3fcd475a-3829-4912-900f-53c6e3503b04,Toko_03603,SILVER,Riau,2022-09-26,205,3.68,False
195242ac-8f03-48ee-be50-20b49fda823e,Toko_03604,BRONZE,Bangka Belitung,2019-10-16,106,3.4,False
c5a45cce-965b-41d4-be0b-0d82ffbd5553,Toko_03605,BRONZE,Jambi,2020-08-15,9,3.27,True
ddc05ea6-3758-4f24-a9c2-d5883e3fed33,Toko_03606,BRONZE,Jawa Timur,2020-06-01,109,4.76,False
52b8fdb2-0aff-4d86-92cc-2e068c918f25,Toko_03607,BRONZE,Riau,2022-07-31,244,3.88,False
e3e1b26a-0b59-4621-85f3-21508424f89e,Toko_03608,BRONZE,Yogyakarta,2022-10-19,406,3.91,False
100dcaba-514b-4928-9de5-4527c0cb1405,Toko_03609,BRONZE,Bangka Belitung,2022-10-15,77,4.55,False
0ae95f1a-054b-4a4b-bcd4-e90d495361b2,Toko_03610,BRONZE,Kepulauan Riau,2021-07-15,132,4.8,True
fcc68648-2c68-4d1c-a464-695957ba08d2,Toko_03611,BRONZE,Kalimantan Selatan,2020-05-12,33,3.16,False
d5d5f281-4652-4a0c-8426-11c8af8f5b25,Toko_03612,GOLD,Aceh,2020-11-24,422,3.98,False
3e7f2ac8-264a-4444-b78b-efd4effa60e7,Toko_03613,BRONZE,Maluku,2019-06-24,28,3.25,False
4de8a29e-a8ab-4603-b96f-f7564f56fab4,Toko_03614,BRONZE,Jambi,2018-03-09,51,3.91,False
8e4656c9-975b-482a-a7c4-9597e4c38270,Toko_03615,BRONZE,Jambi,2019-06-27,154,3.1,False
bcbbe2c8-c3c8-4d24-a226-4835efcb40b5,Toko_03616,BRONZE,Yogyakarta,2022-08-22,474,4.66,False
43589ec1-5b69-4b2f-b9f0-0edae3c5f293,Toko_03617,SILVER,Aceh,2019-02-21,430,4.83,False
6a87e6ef-aec7-4298-b6ab-0a461f3f353c,Toko_03618,SILVER,Kalimantan Timur,2020-12-02,216,3.21,False
575ffa9c-49b3-4293-910e-ecb8b4ba71ca,Toko_03619,SILVER,Bangka Belitung,2020-01-20,478,3.53,False
ec43458f-aafe-4172-84dc-78f9b267f3cb,Toko_03620,SILVER,Sumatera Barat,2022-12-11,83,4.58,False
8d6e1ebd-0e6f-4831-a796-051443f30cfc,Toko_03621,BRONZE,Sulawesi Tengah,2018-09-20,97,3.31,False
91823c77-19f9-43b3-99f1-8031327939b0,Toko_03622,GOLD,Bali,2021-11-06,202,3.79,False
1eef97e9-2e4a-4b34-b1a8-fe0cc6e75753,Toko_03623,SILVER,Gorontalo,2023-09-09,376,4.48,False
5a1dfbc7-f309-4724-973c-28aaf4030a12,Toko_03624,SILVER,Nusa Tenggara Timur,2020-02-08,236,4.15,False
162fbd76-0f1d-4a43-9d8c-69a3a3d97742,Toko_03625,GOLD,Jawa Timur,2019-06-17,48,3.17,True
7aa45391-6d4d-4438-9ab6-5b505e386e13,Toko_03626,SILVER,Sulawesi Tengah,2018-06-21,125,4.39,False
3093ef40-5635-479e-b6c0-a0a10970de45,Toko_03627,SILVER,Jambi,2018-07-24,347,4.83,False
22f21825-dc45-4a68-b8b0-34419e3324fa,Toko_03628,BRONZE,Bangka Belitung,2018-07-22,446,4.65,False
8a14d866-5f53-4472-9db4-8db52431db83,Toko_03629,BRONZE,Nusa Tenggara Timur,2020-07-12,311,3.3,True
ffab5f10-7dd0-4c1a-abe0-d0b316292f01,Toko_03630,PLATINUM,Nusa Tenggara Barat,2020-10-28,360,3.71,False
948de680-8f33-4971-86a2-b654b37a7641,Toko_03631,SILVER,Yogyakarta,2019-03-25,257,3.2,False
4db0429b-c979-400d-ad4c-3b4184eee347,Toko_03632,GOLD,Kalimantan Barat,2020-11-08,132,3.44,False
c51e0634-796d-496c-9553-462b230c0f85,Toko_03633,BRONZE,Kalimantan Selatan,2021-03-30,81,3.29,False
aa8a93dd-6300-4655-a836-3da994692545,Toko_03634,BRONZE,Kalimantan Timur,2020-12-03,307,4.76,False
ce767694-19a6-4430-a829-7f204a028815,Toko_03635,PLATINUM,Gorontalo,2020-03-10,383,4.47,False
fa985627-a2e6-4dc8-87f2-13827aa1e398,Toko_03636,GOLD,Sumatera Selatan,2021-04-02,155,3.6,False
04a9c0ac-3d08-49c3-8aa2-0768e810ec7a,Toko_03637,GOLD,Lampung,2023-08-20,435,4.04,False
3720e7d5-8261-48fb-920e-a2bf90df7fa9,Toko_03638,SILVER,Kalimantan Timur,2018-02-18,143,3.93,False
38a0b0de-0c38-4f55-9623-db42a724fed0,Toko_03639,BRONZE,Kalimantan Selatan,2022-03-27,397,4.01,False
1dffdfb1-b8fd-41c7-b2ce-9a552c1a073f,Toko_03640,SILVER,Bangka Belitung,2021-07-06,102,4.58,False
cb2cc43a-6176-4096-96db-818097af042e,Toko_03641,BRONZE,Maluku,2020-01-15,208,3.85,False
5bc24327-07f1-4a41-88b2-0a2170243c64,Toko_03642,BRONZE,Yogyakarta,2021-07-20,217,3.47,False
137aa909-91d3-4df3-818d-b6bdf096de0f,Toko_03643,GOLD,Sulawesi Utara,2021-07-30,411,3.34,False
c6f4db77-bdc6-485e-b049-0d90ddc1d072,Toko_03644,SILVER,DKI Jakarta,2022-09-10,46,4.77,False
dda1dc01-fe64-4f56-81a1-166d2fd8ca8a,Toko_03645,BRONZE,Jambi,2019-07-03,19,4.31,False
325db2e0-6f15-48b4-beee-3a50498c5516,Toko_03646,GOLD,Banten,2021-03-16,64,3.14,False
3d0e6614-f312-4b06-ac3f-1abf390b398a,Toko_03647,PLATINUM,Bengkulu,2022-08-09,116,3.08,False
a6c4d611-0657-4257-a8bb-6b1494d74bda,Toko_03648,BRONZE,Papua,2022-07-06,124,3.87,False
418f1f8d-b767-4a09-b9a1-85e28d24f757,Toko_03649,SILVER,Banten,2022-08-01,93,4.65,False
48acc99e-84ad-4608-b60e-b4fb047fd9df,Toko_03650,SILVER,Sumatera Utara,2018-06-25,225,3.75,False
f42c9f7a-551a-47be-815c-24310fb9e8d4,Toko_03651,BRONZE,Sulawesi Tengah,2018-04-21,335,4.34,False
2e173010-71cf-469d-854e-a820a5b184c7,Toko_03652,BRONZE,Aceh,2019-03-15,119,4.31,False
7e22d9de-0762-4329-a1f6-85efd6b57663,Toko_03653,BRONZE,Riau,2023-12-30,441,4.7,False
101da213-7df1-4172-8cf0-d9fcc66fe8e1,Toko_03654,BRONZE,Kepulauan Riau,2018-12-09,95,4.7,True
997090f4-f40c-4b76-a5f6-d9fb6fa34150,Toko_03655,GOLD,Jambi,2018-11-09,195,4.5,False
a5bfa50b-7202-4498-80b6-076e1ddca825,Toko_03656,GOLD,Jawa Timur,2022-03-06,280,3.31,False
3603c092-b2eb-4c1c-9cd8-172188ab790c,Toko_03657,BRONZE,Sulawesi Utara,2022-07-03,157,4.79,True
a3a66384-e2d8-4647-a921-7b056eaf9df5,Toko_03658,SILVER,Sulawesi Tengah,2021-08-31,139,4.11,True
5b704d6f-83ff-43d4-88e6-74cffaeccdf1,Toko_03659,BRONZE,Lampung,2019-07-02,433,4.67,True
c1b2eff5-3b9d-45a5-809b-df7378b2c0d0,Toko_03660,GOLD,Sumatera Utara,2023-08-21,473,4.86,False
c90c8435-ece5-4a2e-a950-dfaddf1fb9e7,Toko_03661,SILVER,Sumatera Barat,2021-07-08,271,3.65,False
735d0227-1519-4dd0-8a04-8c837ab520eb,Toko_03662,BRONZE,Kalimantan Barat,2021-02-28,489,4.74,False
a2c1f25f-402a-4177-97b7-308fc925ee3f,Toko_03663,GOLD,Jawa Timur,2022-11-19,375,3.26,False
3605864e-73e9-4f9c-aa8f-94cd3488af16,Toko_03664,BRONZE,Nusa Tenggara Barat,2019-08-01,371,4.86,False
11312832-498f-455f-a840-a4d95cb4a57e,Toko_03665,BRONZE,Sumatera Selatan,2020-01-20,13,3.61,True
3612efb6-bd06-4831-9228-dc325c72c85c,Toko_03666,BRONZE,Nusa Tenggara Barat,2020-11-02,277,3.43,False
4e1582d0-553d-4d7b-8bb8-7e20d95bc7b0,Toko_03667,BRONZE,Sulawesi Utara,2023-09-25,474,4.76,False
3944cca1-6ccf-4bfa-9a09-6ec246d56366,Toko_03668,SILVER,Jawa Timur,2019-01-04,246,4.73,False
25cde009-8caf-4509-98a8-960a0f64046a,Toko_03669,GOLD,Kalimantan Tengah,2021-02-11,299,4.38,True
d6aae4f1-9b76-49d7-9173-b7a9afbc4173,Toko_03670,BRONZE,Maluku,2020-03-26,61,4.47,True
b2342432-c043-447b-94c9-bbce4a01a9af,Toko_03671,BRONZE,Kalimantan Tengah,2022-09-26,214,3.04,False
02c62242-83b7-430b-ac5e-8c0c1304a12a,Toko_03672,BRONZE,DKI Jakarta,2018-09-13,7,3.7,False
2e56a319-8279-43d5-a3ae-205c42732345,Toko_03673,BRONZE,Kalimantan Timur,2020-03-03,283,3.79,False
3c462498-ff5b-43f7-b315-953ef640c2e0,Toko_03674,BRONZE,Nusa Tenggara Timur,2018-07-10,172,4.62,False
8d184600-3614-482a-b653-a384e6132f05,Toko_03675,GOLD,Yogyakarta,2020-08-20,286,4.42,False
71517ccf-1d78-4864-8863-8435c070f238,Toko_03676,SILVER,Sumatera Utara,2022-09-08,436,4.62,False
4a1f2d45-8340-4c9a-a410-d643fb492034,Toko_03677,GOLD,Bengkulu,2018-09-13,35,3.9,False
97ef3374-c589-4ea8-915f-3f891650ed42,Toko_03678,BRONZE,Kepulauan Riau,2023-02-17,392,3.87,False
d261cd7b-1423-4278-a830-4b5eef355ee7,Toko_03679,BRONZE,Bangka Belitung,2020-04-27,456,4.74,False
8e15c0ea-655c-4ef7-9bd0-fcc9448ffa11,Toko_03680,BRONZE,Jambi,2020-04-14,114,4.63,False
fc8cdecc-f774-45b9-9b5a-a6adbbc90cad,Toko_03681,SILVER,Sulawesi Tengah,2021-10-09,330,3.23,False
a474b8e2-460b-4207-9b3c-7e1c07c7258f,Toko_03682,SILVER,Jambi,2022-07-07,95,3.8,True
6c2e326d-a100-46f5-81e2-9eabca197210,Toko_03683,BRONZE,Lampung,2019-03-22,5,4.95,False
d74308f7-3a0a-44de-b512-2569d9b462c6,Toko_03684,SILVER,Jambi,2019-10-05,107,4.8,False
02b9b212-f682-420f-a659-4f542a75e743,Toko_03685,BRONZE,Papua,2023-09-13,379,4.94,False
0c0998ba-a906-4f29-a0a3-433de566ef62,Toko_03686,BRONZE,Aceh,2018-09-17,275,3.95,False
4b6689da-18d4-4471-b106-415981a7d53a,Toko_03687,GOLD,Maluku,2018-03-23,212,4.91,False
ae9a47c5-1349-4d47-a54d-dead60391d61,Toko_03688,BRONZE,Nusa Tenggara Timur,2018-06-27,221,4.51,False
2731ad46-8def-427e-8e26-45f322bb71d5,Toko_03689,GOLD,Sumatera Utara,2018-01-26,330,4.8,False
71a3a67d-c4b1-4a71-9907-65b286240bb1,Toko_03690,BRONZE,Nusa Tenggara Timur,2020-12-27,131,4.54,False
d0643a58-9429-45b0-8593-3564434584b0,Toko_03691,SILVER,Sulawesi Selatan,2022-08-06,64,3.92,False
23f78bef-e014-4de5-8949-3c1edde76af2,Toko_03692,BRONZE,Bali,2022-09-13,301,4.71,False
9e75b72c-b120-45a5-a705-e013340bf3af,Toko_03693,SILVER,Lampung,2021-12-04,343,3.99,False
459b8b64-41a7-4bc5-ae40-56aff5f4cd88,Toko_03694,BRONZE,Maluku,2019-09-10,364,3.78,False
c3d1718d-1cb9-4321-a71b-6941c87176ed,Toko_03695,PLATINUM,Kalimantan Barat,2023-12-27,201,4.53,False
b8db9f95-6a42-4af9-960b-2244a0e44e04,Toko_03696,BRONZE,Kepulauan Riau,2019-01-21,75,3.65,False
620c6c20-8c6b-4b98-9bd9-3a95bf86450e,Toko_03697,SILVER,Bali,2019-10-28,180,3.65,False
66eec62c-95c4-4898-874b-e147ff569fce,Toko_03698,SILVER,Nusa Tenggara Timur,2018-02-06,396,3.89,False
65353301-876e-4c93-ac8f-82756a856d1c,Toko_03699,BRONZE,Bangka Belitung,2018-04-03,232,3.54,False
7d45b990-932b-47bc-9b77-d9a78273cdf4,Toko_03700,GOLD,Kalimantan Tengah,2022-09-29,307,4.98,False
aeea2df4-9bdf-4ca4-a026-99c35a1872fe,Toko_03701,GOLD,Bali,2022-06-12,253,3.04,True
90fc30ba-4efa-4d30-9bd6-8ddfe165f03e,Toko_03702,GOLD,Sulawesi Selatan,2021-06-11,356,4.36,False
4b697103-0643-4de6-b2ee-089234cdbc6c,Toko_03703,BRONZE,Nusa Tenggara Barat,2021-03-10,212,3.55,False
093199fb-b351-4ab5-ae8c-bdcbe12a2378,Toko_03704,BRONZE,Nusa Tenggara Barat,2023-08-27,438,3.6,False
cb4ca155-d8a9-4a16-91a4-f4a774429963,Toko_03705,BRONZE,Kepulauan Riau,2023-02-21,270,4.89,False
198ec47e-b653-48c2-a6d3-7707ebeaed2e,Toko_03706,BRONZE,Bali,2023-12-25,59,4.99,False
75a68013-8f94-421e-afe8-cceb72dc7736,Toko_03707,SILVER,DKI Jakarta,2020-12-22,153,3.63,False
da2e3c04-9de5-4cfd-93bc-8473582e9a8b,Toko_03708,BRONZE,Nusa Tenggara Timur,2023-10-10,417,3.79,True
9b2c7cff-7c42-4820-a3a2-7fa6d0e89c4d,Toko_03709,PLATINUM,Jawa Timur,2018-05-09,88,3.8,False
fd10922f-6327-4fbc-ab8b-ca2349f0686a,Toko_03710,BRONZE,Kalimantan Barat,2021-04-02,288,4.2,True
ba3f7232-a592-4177-af0e-8abcdcd68102,Toko_03711,GOLD,Sumatera Utara,2021-01-13,278,4.67,False
ce4b56b6-7397-4847-91b2-116b5167e6d6,Toko_03712,BRONZE,Sumatera Barat,2018-01-03,289,4.75,False
1df80e77-d21f-411c-b839-f5e5809e8bec,Toko_03713,BRONZE,Papua,2018-06-18,173,3.96,False
3e3d77d8-ccc2-4854-b1c6-22c279e8694f,Toko_03714,SILVER,Sumatera Barat,2023-04-25,139,4.67,False
6a3e06aa-6d1e-4943-93b3-d24ee546663d,Toko_03715,BRONZE,Kalimantan Selatan,2022-08-31,448,3.47,True
a63d641b-8988-41b9-93cb-3ffeecfd00e4,Toko_03716,PLATINUM,Jambi,2022-02-26,473,3.03,True
c6214229-b8dc-49bd-8805-cdd83d9a805a,Toko_03717,BRONZE,Kalimantan Selatan,2022-05-18,394,4.36,True
2152bf1c-4954-45f7-9704-025a2be0fc71,Toko_03718,GOLD,Bengkulu,2021-12-28,335,3.41,False
d4d59be4-7c89-4bba-a3c1-7ea6303d3bc5,Toko_03719,PLATINUM,Kalimantan Barat,2021-04-14,54,4.12,False
81e0d7fc-4d36-493c-9c3f-38e919b14617,Toko_03720,BRONZE,Sulawesi Selatan,2021-04-20,226,3.9,True
d17a0ad8-fd6c-43da-b7bc-41bd3d783d4e,Toko_03721,GOLD,Gorontalo,2018-03-21,339,3.24,False
84dbf69b-d4a7-4a87-8908-cc2d0c62de0d,Toko_03722,BRONZE,Nusa Tenggara Timur,2018-05-24,20,3.23,False
4fd41a3e-22fc-44ab-a459-3f7e55e4c433,Toko_03723,BRONZE,Yogyakarta,2019-05-19,29,3.46,False
98008b84-cb88-4ebc-a7b0-8fbcd6109d7e,Toko_03724,BRONZE,Riau,2019-06-23,312,4.19,True
be9fe789-ce90-4c5a-9bd0-5a6553439080,Toko_03725,SILVER,Papua,2021-11-05,493,3.84,False
fc124e18-a569-498b-89c3-1630a0d68dd1,Toko_03726,BRONZE,Gorontalo,2022-03-13,89,3.6,True
fefc4e66-2716-4854-8f78-160370c1a5b4,Toko_03727,BRONZE,Bengkulu,2019-06-01,64,3.65,False
56b07b70-a6f4-4f37-bee3-151e70939da8,Toko_03728,SILVER,Bangka Belitung,2023-05-11,75,3.63,False
3c57b1b1-984b-44d2-8e6c-c5a4f711bed7,Toko_03729,BRONZE,Bangka Belitung,2020-01-11,68,4.22,False
89dd82d4-409f-43f6-bc56-cfb6f689fa15,Toko_03730,BRONZE,Nusa Tenggara Timur,2021-04-22,230,4.59,False
f8cfefea-1014-4fbe-9474-b232007e8c8a,Toko_03731,BRONZE,Yogyakarta,2022-05-12,160,4.08,False
39735ebb-cddd-4ea9-ae6a-b54dd0a3ffa5,Toko_03732,BRONZE,Nusa Tenggara Barat,2020-07-01,312,3.87,False
496d414f-a12c-4fa0-86f9-1bb46602dac7,Toko_03733,GOLD,Kepulauan Riau,2020-08-07,278,3.45,True
37016f23-5850-4ac0-a0c5-584fc208986a,Toko_03734,GOLD,Banten,2021-03-23,175,4.46,False
da854455-c421-4397-a4bd-e4bfde1c27e6,Toko_03735,BRONZE,Kepulauan Riau,2018-08-19,6,4.48,False
e6452d25-aec6-49b6-85e3-f1d103b7214b,Toko_03736,SILVER,Jawa Tengah,2018-10-06,480,4.43,False
c3313058-2b5e-4854-b3fb-4af9f0b16516,Toko_03737,GOLD,Nusa Tenggara Timur,2019-08-10,329,4.94,False
df87a405-f48d-45fe-9169-88cc84812bd0,Toko_03738,BRONZE,Riau,2020-10-06,321,3.69,False
d6d368e2-e0b8-4958-9564-f304bea1726f,Toko_03739,SILVER,Sulawesi Tenggara,2021-08-23,92,3.36,False
8d30e7f8-c255-468e-aa8d-006d635150bf,Toko_03740,BRONZE,Kepulauan Riau,2021-11-19,76,4.43,False
f4919fc3-a12c-4a9d-ba82-7a07740ac316,Toko_03741,BRONZE,Sulawesi Tengah,2021-09-04,255,3.74,True
1e6164b2-b9b6-472d-a1ab-a5bcf5a014b9,Toko_03742,BRONZE,Kalimantan Timur,2018-08-02,275,4.7,True
2e0c59c1-b48b-47d2-ba45-365b93e55c29,Toko_03743,BRONZE,Jawa Tengah,2020-11-24,234,3.91,False
9809d283-a2ea-44c6-bcc6-3e3d8e0b7c16,Toko_03744,BRONZE,Kalimantan Selatan,2020-05-29,187,4.54,False
4dc9d470-3d91-4b3f-9539-d76d4226a2e1,Toko_03745,GOLD,Aceh,2021-04-26,62,4.67,False
885d8d7d-86b8-425d-a29e-4b4f62bb7446,Toko_03746,BRONZE,Bali,2021-05-14,364,4.61,False
0996e35b-493a-4fdd-98d5-9931bb4890da,Toko_03747,BRONZE,Lampung,2020-04-12,23,3.67,False
24644ce1-44a2-4ce5-ae9b-a5809dafcf5b,Toko_03748,SILVER,Sumatera Barat,2020-03-10,68,4.06,False
32c068d4-b43c-4c00-89d8-9ed773e3531d,Toko_03749,GOLD,Jawa Tengah,2020-04-03,127,4.65,False
875186fe-cb43-4163-8b1b-7816caef57a1,Toko_03750,SILVER,Sumatera Utara,2022-10-16,484,3.07,False
ddd92a8c-0781-4bbe-b406-1a85c187b87c,Toko_03751,SILVER,Sumatera Utara,2018-10-07,185,4.59,False
9541051f-00c3-4297-af15-3a30d9efa8b4,Toko_03752,SILVER,DKI Jakarta,2021-03-14,428,4.11,False
c3447360-ba15-4bcc-b317-a8abfa1b062f,Toko_03753,SILVER,Kalimantan Timur,2020-01-14,67,3.89,False
bcc869fb-5030-48f2-95e3-811eff42aa7d,Toko_03754,BRONZE,Papua,2020-05-21,479,3.65,False
edcd2528-3405-4964-abf9-7e771bc533d6,Toko_03755,GOLD,Jambi,2023-09-28,30,3.2,False
0b37af36-5500-4378-a190-a595beed2fbe,Toko_03756,BRONZE,Kalimantan Tengah,2023-05-14,101,3.59,False
186e9ce3-b53b-42b1-8898-b10de12a0889,Toko_03757,SILVER,Aceh,2023-05-17,231,4.48,False
45a40f99-d6da-4247-9802-7d92255793ba,Toko_03758,SILVER,Kalimantan Barat,2018-09-25,163,3.45,False
d785c92b-efdb-415c-a2c6-4e155750060c,Toko_03759,BRONZE,Nusa Tenggara Barat,2020-11-18,459,3.75,False
7e6336c3-7902-43f5-a053-da890aeedfd4,Toko_03760,BRONZE,Yogyakarta,2021-10-30,31,4.22,False
b1d21530-69aa-4839-96fe-4fc4e0045276,Toko_03761,GOLD,Maluku,2018-06-01,62,3.1,False
2b56d0fd-1330-48ab-83a3-ce9e875dc6b5,Toko_03762,BRONZE,Sumatera Barat,2018-03-11,277,4.81,False
61a9048c-6f36-40c7-a2e8-ac256462bbf1,Toko_03763,SILVER,Kalimantan Timur,2019-11-02,53,4.41,False
72e55c1b-eed5-49b6-90a4-605fdbfae313,Toko_03764,BRONZE,Sulawesi Tengah,2021-04-04,468,3.57,False
beb8ed6f-4f88-44f0-9481-b3f90d2fcd31,Toko_03765,BRONZE,Aceh,2023-10-09,402,4.03,False
547b643e-c590-4b0d-98d7-934e07164180,Toko_03766,PLATINUM,Kepulauan Riau,2023-02-19,303,3.74,False
1721034e-29ce-48e5-9d2a-9124f34c29cd,Toko_03767,GOLD,Kalimantan Selatan,2023-07-02,173,4.27,False
ca8deda8-10f3-45a3-9744-18caabc3e576,Toko_03768,GOLD,Banten,2023-10-25,384,3.22,False
87ae8e0a-ddce-40a9-9e74-ac10a634460b,Toko_03769,BRONZE,Jawa Tengah,2022-12-12,386,4.17,False
8bdc1856-b88b-42c8-adbe-aed99340ba15,Toko_03770,SILVER,Yogyakarta,2018-10-31,424,3.28,False
b8d2fa04-c53a-42e8-a535-3c14f1a525f2,Toko_03771,BRONZE,Nusa Tenggara Barat,2023-01-25,465,3.16,True
2f1c49f0-09c1-4331-b40c-71351ea0edf8,Toko_03772,BRONZE,Bali,2023-12-08,158,4.83,False
be2e0207-cfec-4556-ae6e-b22042684282,Toko_03773,BRONZE,Jawa Timur,2020-12-25,411,4.85,False
95846e64-373b-4df8-b4f5-a39c6beae51d,Toko_03774,GOLD,Sumatera Utara,2023-11-13,205,4.96,True
b8a5717d-44ee-4135-b2e4-772beffc4345,Toko_03775,BRONZE,Sumatera Selatan,2018-05-02,112,4.06,False
8cada68e-19df-43fc-a093-61f59f3aeead,Toko_03776,BRONZE,Sulawesi Tenggara,2019-04-13,401,3.16,False
cb2c999a-bd14-4e6e-b844-08200d73c17c,Toko_03777,PLATINUM,Sulawesi Utara,2018-11-23,145,4.89,False
bc889f2e-c5e4-4144-97ae-c5d6a8069f2f,Toko_03778,BRONZE,Kepulauan Riau,2018-04-03,382,4.59,False
44ce72e2-4ec3-4f70-9b2a-3a82438f35c6,Toko_03779,GOLD,Kepulauan Riau,2019-11-15,431,3.21,False
f17a8f05-9b90-40f8-aad8-d832f99c9661,Toko_03780,BRONZE,Kalimantan Timur,2019-08-29,291,4.72,False
75bd4182-1587-437a-9996-d6fb03e7561f,Toko_03781,SILVER,Sumatera Barat,2022-03-11,50,4.26,False
c82de182-c516-4baa-8d40-f2e24ba2c00b,Toko_03782,SILVER,Sulawesi Tenggara,2018-03-26,391,4.44,False
cd824597-744f-43cd-abf6-ef77c6bfdda8,Toko_03783,BRONZE,Kepulauan Riau,2021-07-28,104,3.25,False
21a5b622-e1cd-4ee8-8658-51b4704fb1c4,Toko_03784,SILVER,Jawa Timur,2019-05-15,299,3.48,False
b8a03cc2-b2de-474c-ac13-3ae4bda0259d,Toko_03785,BRONZE,Bangka Belitung,2023-12-22,69,4.71,False
669c4bb2-9314-4b7f-9050-53a865203723,Toko_03786,BRONZE,Nusa Tenggara Timur,2021-07-14,183,3.24,False
f1e4ec81-a03b-4d5e-9e8c-9fa847d94cdf,Toko_03787,BRONZE,Jawa Barat,2023-12-16,172,4.65,False
7b477db1-99c4-4f90-8d9b-e2b748f43e1a,Toko_03788,GOLD,Maluku,2019-05-19,26,3.57,True
f0e17a6c-da63-41fb-b3ac-536cdf20aada,Toko_03789,BRONZE,Sumatera Selatan,2023-03-04,110,3.8,False
751c04f9-d500-4589-9428-698b117050f6,Toko_03790,PLATINUM,Jambi,2023-12-15,259,3.41,False
7257d3e9-b316-46ff-8d02-7717225234a0,Toko_03791,BRONZE,Sulawesi Selatan,2018-11-20,116,4.38,False
f2b106ea-27cf-4e9a-89ca-ca2396f2e96f,Toko_03792,SILVER,Bali,2020-10-01,112,3.71,False
a8a8027b-9678-4c77-8012-f620ab14b63f,Toko_03793,BRONZE,DKI Jakarta,2021-09-29,283,3.64,False
71fbeaec-d84a-4431-9cc2-182584bcb080,Toko_03794,GOLD,Kalimantan Tengah,2019-01-06,192,4.27,False
3b02cf16-a5fb-46ff-9741-3e94604181f4,Toko_03795,SILVER,Jawa Tengah,2021-10-01,445,3.77,False
3995d409-dc4a-448a-a617-cf39b275cf8d,Toko_03796,SILVER,Bali,2020-02-01,187,3.69,False
2791db70-1bb4-4cab-a7dc-2577a47d3a55,Toko_03797,BRONZE,Lampung,2020-10-05,206,4.91,False
92d27ed1-ca3f-4a71-a5fe-611bce72cfca,Toko_03798,SILVER,Kepulauan Riau,2023-09-13,471,3.48,False
ca1a44fb-f7c0-4ffa-8143-1f3ff0735ec7,Toko_03799,SILVER,Bangka Belitung,2019-10-11,283,4.19,False
8827097a-fa79-4612-9501-53795cc06620,Toko_03800,SILVER,Kalimantan Tengah,2018-01-20,180,4.83,False
a38ec0e0-8a1d-44fe-89b5-5043f182c44a,Toko_03801,SILVER,Kalimantan Barat,2020-11-10,136,3.14,False
caacbda2-092e-423f-8270-7c702728931b,Toko_03802,BRONZE,Jawa Barat,2019-03-06,324,5.0,False
03a0d37d-1a98-4358-afc6-959d336cbe5e,Toko_03803,PLATINUM,Nusa Tenggara Timur,2020-04-18,176,4.07,False
ba574891-2388-449c-b781-f744e74cb06a,Toko_03804,GOLD,Kalimantan Tengah,2020-12-23,26,4.95,False
f3164765-38ff-4cb9-b019-ea17b9d8ccce,Toko_03805,BRONZE,Papua,2018-01-06,74,3.98,False
ff28fa8a-e00b-405c-b3b2-1bb96a30ba7b,Toko_03806,BRONZE,Sulawesi Utara,2022-09-16,111,3.84,False
b7d097c8-0d24-42e4-936a-f43cdc3ccf78,Toko_03807,SILVER,Jawa Timur,2020-12-14,329,3.52,False
d0f860f0-e278-4b4f-8fe7-ec15aca86734,Toko_03808,BRONZE,Bengkulu,2020-07-30,308,3.63,False
334828c9-b1a9-48ee-b7bd-2981c5e8215b,Toko_03809,BRONZE,Kalimantan Tengah,2018-07-03,219,3.99,False
fa3960a1-8c47-48c8-9280-c169873e274d,Toko_03810,GOLD,Gorontalo,2018-01-15,296,3.35,False
785e0747-90d9-46f6-afa5-872a351b9842,Toko_03811,GOLD,Riau,2023-09-17,237,4.53,False
1267ef3a-ffa5-4e24-b1ce-4126477e5849,Toko_03812,GOLD,Kalimantan Selatan,2019-04-04,443,4.41,False
5442b9da-5c92-4139-88db-ca8713e087d4,Toko_03813,GOLD,Sulawesi Tenggara,2023-02-02,74,4.69,True
7661896f-6621-4e73-9f3d-5526eb3a6f3a,Toko_03814,BRONZE,Sumatera Selatan,2018-03-29,333,4.94,False
d7314c27-c989-4e60-99db-9d5b7d6a482a,Toko_03815,PLATINUM,Jawa Timur,2019-03-09,392,3.77,False
95c56e3b-5345-4a5a-a929-2bfb2bef5381,Toko_03816,BRONZE,Aceh,2018-05-24,108,3.61,False
5a83a945-fb20-4da6-b763-a5878170e23d,Toko_03817,SILVER,Sulawesi Tengah,2018-09-24,264,3.99,False
cb235413-788e-4169-8a1a-9a4ce5784e1b,Toko_03818,BRONZE,Aceh,2022-01-11,497,4.02,False
5adeb8e7-0b00-4773-a863-c91a94bd8492,Toko_03819,BRONZE,Lampung,2023-04-30,235,3.03,False
89ac7c65-462b-4c02-8566-fa2eec00b2e1,Toko_03820,BRONZE,DKI Jakarta,2018-02-21,323,4.83,False
49a64aad-d24f-4f24-b2a1-f03e142902df,Toko_03821,BRONZE,Sulawesi Tengah,2022-09-13,16,3.37,True
9e233318-5362-4494-a702-c286f4cb0fb4,Toko_03822,BRONZE,Riau,2019-11-15,25,4.85,True
ecdc6ee0-2544-4d4d-9e9d-3c319077ced3,Toko_03823,GOLD,Bangka Belitung,2020-08-10,462,3.17,True
710b6c23-8144-4b07-bfec-d798b4ffb08d,Toko_03824,SILVER,Sulawesi Selatan,2023-03-07,73,3.01,False
e499d01e-2cac-4bf1-bdf7-6edef45d99a7,Toko_03825,BRONZE,Jawa Barat,2023-07-20,358,4.18,False
c7c73303-8f78-419e-9422-4609bb556089,Toko_03826,BRONZE,Sumatera Selatan,2019-10-16,143,3.74,False
feb3a5be-1287-4e78-a351-c539b1a008cd,Toko_03827,GOLD,Nusa Tenggara Timur,2018-11-05,35,4.24,False
758c6ce1-42e1-4e3d-a10f-b127ca6e347f,Toko_03828,BRONZE,Nusa Tenggara Timur,2019-08-15,78,4.5,False
71b17143-351b-45f3-88bc-66cc7537e618,Toko_03829,SILVER,Bali,2023-04-29,82,4.49,False
ddcd2357-1dde-47a2-8fa6-06014c17c508,Toko_03830,GOLD,Bali,2022-07-25,109,3.37,False
6887510f-8996-416f-897a-d539e2e30aca,Toko_03831,PLATINUM,Kepulauan Riau,2021-05-07,411,3.29,False
96dbc017-6760-436d-b2dd-25c3cd361386,Toko_03832,BRONZE,Yogyakarta,2020-05-26,93,3.84,True
764bd51a-6894-430d-9775-86dbf0585d86,Toko_03833,GOLD,Jawa Barat,2018-05-26,103,3.61,False
cead2e5a-8cf2-4325-876d-995ed2ca0e60,Toko_03834,BRONZE,Kalimantan Barat,2020-05-31,30,3.95,True
7803d9ad-d40d-493b-ab2e-171fe661c2db,Toko_03835,BRONZE,Maluku,2019-11-27,33,4.87,False
3a41e7ee-1449-4c4e-9a64-f9405ef3e947,Toko_03836,BRONZE,Nusa Tenggara Barat,2021-10-05,404,4.58,False
841b9567-52d2-49cb-b2e9-fb2f7f58b8da,Toko_03837,GOLD,Aceh,2019-07-10,40,4.14,False
1815bd51-954c-4fa3-91ad-90c1ee285286,Toko_03838,PLATINUM,Bali,2018-05-08,10,3.68,False
58e099fa-b18d-4953-bcee-15f3537f254b,Toko_03839,BRONZE,Jawa Barat,2019-01-28,258,3.49,False
34616411-f251-4982-8ae9-78d8516fb35b,Toko_03840,GOLD,DKI Jakarta,2018-04-17,413,3.92,False
6d68d9bb-f9ea-4864-b021-5b2e8bb31807,Toko_03841,BRONZE,Bengkulu,2018-05-22,340,3.9,False
73d866d1-e893-4494-82cc-8c917de293cc,Toko_03842,BRONZE,Sulawesi Tenggara,2022-04-09,294,3.08,False
49104f35-9809-4e50-8003-8c569fa1898e,Toko_03843,GOLD,Nusa Tenggara Timur,2022-05-16,258,3.29,True
2fdabc79-bb6b-47aa-8026-07e2dfe61d8f,Toko_03844,GOLD,Riau,2021-07-19,450,4.84,False
451cb330-039e-446e-b3d2-5ff3478e4aad,Toko_03845,SILVER,Jambi,2019-04-04,258,3.22,False
b8f42454-d1db-470e-8a7e-1f3244c8c805,Toko_03846,GOLD,Jawa Tengah,2023-04-26,432,3.01,False
5d90401d-81a6-429b-bca0-bbcbad26a593,Toko_03847,BRONZE,Jawa Barat,2019-08-16,427,3.45,False
df6586c4-3f0a-4f48-ab22-b37445f27001,Toko_03848,GOLD,Gorontalo,2019-06-24,99,3.72,True
5f63b1cf-e7d9-485c-bae4-d5540a668908,Toko_03849,BRONZE,Banten,2021-11-03,97,3.43,False
2dfb82bd-98ac-4685-8a57-4ccf50fc27d7,Toko_03850,GOLD,Banten,2018-03-11,303,3.54,False
19507a6e-fc4f-44fc-869a-078ce1b4d488,Toko_03851,BRONZE,Kepulauan Riau,2023-04-28,457,3.36,False
104e0d1b-a546-4f3c-9fec-d9fa6ce48b54,Toko_03852,BRONZE,Sumatera Utara,2022-09-20,333,4.25,False
62e5105a-1d9f-42b3-b5cb-e2f94fdf5e7d,Toko_03853,BRONZE,Banten,2023-04-11,214,3.16,False
7aa7e474-239e-4513-85f5-b44e15c346f9,Toko_03854,GOLD,Aceh,2018-04-09,351,3.27,False
1bdc77a1-2fed-4024-b756-da7693351b9c,Toko_03855,GOLD,Kalimantan Selatan,2021-12-07,62,3.76,True
b827096a-acdf-4349-b1a1-df399919b05a,Toko_03856,BRONZE,Papua,2019-03-29,168,4.91,False
e9f79e12-3fce-4967-8e1b-9c735ccac53f,Toko_03857,GOLD,Jawa Tengah,2019-12-01,417,3.86,False
966e3dce-7a6d-45d2-a621-52e15d032944,Toko_03858,PLATINUM,Maluku,2021-03-15,380,4.21,False
f8e69243-720a-4134-bcc2-51c76413ef8e,Toko_03859,BRONZE,Sulawesi Utara,2022-10-19,410,4.76,False
0fe22a65-7b1e-48d5-95c1-4b365e99cfe2,Toko_03860,SILVER,Banten,2020-05-26,242,3.76,True
bc01eb74-3a2e-4223-8b9d-7890b01d4792,Toko_03861,BRONZE,Sulawesi Tengah,2021-01-07,164,3.91,True
a2f2cb96-ff8e-4a12-a81f-d84e70dac14a,Toko_03862,SILVER,Sulawesi Selatan,2018-12-29,294,3.22,True
d7a131d5-34b7-4de9-b917-9a11e9efa9c0,Toko_03863,BRONZE,Bangka Belitung,2019-06-20,48,3.87,True
5886d831-0fe6-4af6-8521-e6794b0828da,Toko_03864,BRONZE,Aceh,2023-12-08,482,4.65,False
1ab11f80-5739-45e4-9dad-3cb378244725,Toko_03865,PLATINUM,Kalimantan Barat,2019-06-08,431,3.39,False
11ff27d3-e1ed-48ce-9863-324d53eec1d7,Toko_03866,BRONZE,Sulawesi Tenggara,2021-01-06,266,3.87,False
4b96a1e1-0b76-4d9e-8df6-3e0b5b4ba671,Toko_03867,PLATINUM,Sulawesi Tengah,2019-10-09,65,3.45,False
d032195d-e7fb-4371-bbb2-a45201aed55e,Toko_03868,BRONZE,Riau,2022-11-04,100,3.3,False
fe3d2fa0-4c8b-4b72-8e32-61cdcfe13417,Toko_03869,BRONZE,Sumatera Utara,2020-03-27,385,4.45,False
058932f2-d477-4c36-8bcb-14572c957bde,Toko_03870,SILVER,Bangka Belitung,2018-03-01,188,4.81,True
92551771-6cc3-4c90-89ea-34bbb3f71366,Toko_03871,BRONZE,Sumatera Selatan,2018-01-09,36,3.04,False
43a74689-3243-42a1-88e0-0111b91753c1,Toko_03872,BRONZE,Jambi,2021-04-09,385,4.43,False
dbaae449-8e8c-4a3f-a624-927c38bf3b10,Toko_03873,BRONZE,Jawa Timur,2018-01-20,6,4.03,False
671bfad0-b0d4-46ad-aa8d-65b59e3baa18,Toko_03874,GOLD,Jawa Tengah,2019-05-12,134,3.24,False
d4c049ca-589d-482e-87a0-18593df9e969,Toko_03875,BRONZE,Bangka Belitung,2019-01-14,201,4.14,False
902aff3e-29f5-4543-aeab-9766887ac5eb,Toko_03876,BRONZE,Sumatera Barat,2019-07-23,355,3.99,False
3488ea27-4634-404f-a81c-1fd36c63b065,Toko_03877,SILVER,Bali,2023-12-19,488,4.55,False
bf5c6f6f-1c66-4de2-acf0-546412c30884,Toko_03878,SILVER,Nusa Tenggara Barat,2018-07-03,203,3.02,False
984e59c8-c766-4c85-97f0-ed6250b36378,Toko_03879,BRONZE,Sulawesi Tenggara,2018-12-03,487,4.71,False
1d295da3-20f0-480e-9708-e8666d53996a,Toko_03880,BRONZE,Riau,2022-05-11,130,3.08,True
4e539523-805e-4ef2-a6d6-95a7bc7a7088,Toko_03881,SILVER,Kepulauan Riau,2023-10-11,146,4.37,False
8e6e9586-3ccb-48bc-975c-7b1a9d6dbdae,Toko_03882,BRONZE,Jawa Timur,2020-09-27,492,3.89,False
a090db79-3747-45a0-a85b-b56345e38283,Toko_03883,SILVER,Jawa Tengah,2021-07-27,52,4.32,False
119851b1-51ea-410e-9f8f-87393fa2f7ad,Toko_03884,BRONZE,Riau,2021-09-12,261,3.28,False
f102cfd1-675a-44f2-ae92-e853fa2db663,Toko_03885,GOLD,Banten,2018-03-16,101,4.27,False
d63e813a-27ad-4b82-93cc-418ce34cb587,Toko_03886,SILVER,Jawa Tengah,2022-01-26,109,3.65,False
ee68f4c6-3218-470c-988b-53919e872ca6,Toko_03887,BRONZE,DKI Jakarta,2023-01-03,169,3.75,False
fda3c742-bf3f-4992-a011-7481eb78ed2b,Toko_03888,SILVER,Lampung,2021-01-24,446,3.81,False
60e20a3c-c643-48fc-ad3b-12ae84aa695c,Toko_03889,SILVER,Jawa Timur,2018-08-28,286,3.28,False
d7088263-3411-4cda-aeca-45c7c8e9e178,Toko_03890,SILVER,Jambi,2019-07-25,366,4.54,False
b17592a2-0c01-419b-954b-ba77b1c28079,Toko_03891,SILVER,Banten,2019-07-19,339,3.44,False
1c244d76-7562-417c-a588-d995eb5dafce,Toko_03892,GOLD,Lampung,2018-01-05,81,4.92,False
c49c0b8c-0e81-4d8f-acfa-47e9303ed59a,Toko_03893,BRONZE,Kalimantan Selatan,2023-08-14,459,3.14,False
92a602fb-8b39-49c5-ade7-d91b587430b4,Toko_03894,BRONZE,Banten,2023-03-31,121,4.58,False
7dfc91e7-79ee-4da6-8cbc-0231f3f8100c,Toko_03895,PLATINUM,Kalimantan Tengah,2021-06-30,86,4.9,False
986334d1-5a2a-4a50-8e6a-dfa88ba56e71,Toko_03896,PLATINUM,DKI Jakarta,2018-02-04,155,3.17,False
a8aecfec-7f77-4ead-9c93-634bec2ca2f7,Toko_03897,PLATINUM,Sulawesi Tenggara,2019-07-26,287,4.4,True
94351aed-073a-48f3-827a-eea259a98fb9,Toko_03898,BRONZE,Kalimantan Tengah,2018-10-12,326,3.35,False
9c1ed782-f787-477f-8558-9689541f2925,Toko_03899,BRONZE,Bali,2018-03-15,151,4.33,False
b03e1331-9d44-4eb3-922b-66a1e3fa6d54,Toko_03900,BRONZE,Jawa Barat,2018-09-07,242,4.2,False
8978ce73-a4e4-4382-9cc3-2e0ced9a71e2,Toko_03901,BRONZE,Kalimantan Tengah,2018-04-07,32,3.17,False
bf07ecc1-b3fd-481d-81f8-0a2011af0453,Toko_03902,SILVER,Sulawesi Selatan,2018-12-21,20,3.18,False
6b5a1f28-0201-4af8-a427-99f933025335,Toko_03903,GOLD,Sumatera Selatan,2019-06-05,295,4.47,False
5a6430eb-138f-4208-aca1-97a93b7c9e79,Toko_03904,BRONZE,Kalimantan Selatan,2019-01-02,69,3.06,False
e9af40ee-e7b7-48f7-a02e-02ca27352883,Toko_03905,PLATINUM,Maluku,2022-03-13,10,4.0,False
4085afed-6bc3-469c-a65f-e711778fd79e,Toko_03906,GOLD,Sumatera Barat,2020-11-25,164,3.76,True
50b82fa6-6c17-4b17-b642-d92b1c1dd5ea,Toko_03907,GOLD,Nusa Tenggara Timur,2019-12-29,462,3.29,False
46a7f79a-7f4f-4606-830a-4e22e8801466,Toko_03908,PLATINUM,Bangka Belitung,2021-05-13,201,4.65,True
eb5b5f5c-03cc-4fe5-a8c0-c722e1d2521a,Toko_03909,SILVER,Kalimantan Timur,2020-08-27,8,3.73,False
05f42672-753b-41da-87eb-7689e1dc655d,Toko_03910,GOLD,Sumatera Selatan,2021-06-20,256,4.69,False
7cd785b4-b0c8-4c29-9463-c7a6ad7183a5,Toko_03911,BRONZE,Kalimantan Tengah,2018-12-07,256,5.0,False
e66143b1-79ef-4d4a-ba87-ee78f4686514,Toko_03912,BRONZE,Kalimantan Timur,2019-02-20,388,4.36,False
834fb3a9-933d-4ee0-b429-25fbf904e0a3,Toko_03913,SILVER,Sumatera Utara,2022-06-03,236,4.97,False
6a1a2b87-08b0-4e41-8b02-4e483b702fb6,Toko_03914,GOLD,Maluku,2022-05-06,483,3.7,False
dee8f551-db03-43f2-8661-c3f743717623,Toko_03915,BRONZE,Banten,2019-06-17,146,4.97,False
1dd31613-9b94-4037-82d4-ddee5dffffc0,Toko_03916,SILVER,Sulawesi Selatan,2022-08-02,441,4.09,False
290a5fc4-580b-403e-99af-c2d589b1540b,Toko_03917,GOLD,Jambi,2021-04-16,247,3.93,True
201b1a33-8748-4b5a-92bd-90760e9e14ae,Toko_03918,BRONZE,Jawa Barat,2020-04-30,190,3.03,False
2799a975-f57b-4ce7-b5f3-d5d635ddfcab,Toko_03919,PLATINUM,Jambi,2023-09-22,160,4.0,False
71397ff4-af5b-4724-80f3-f10d45404522,Toko_03920,BRONZE,Banten,2019-05-30,125,3.63,False
4c6e18e9-4858-42dd-97fd-fa79d2acb2da,Toko_03921,BRONZE,Jawa Barat,2021-06-12,376,3.84,False
c5e7b071-968d-4ca6-8229-88b4063e5ade,Toko_03922,BRONZE,Banten,2019-03-29,82,3.17,False
ce321f38-8fba-44b4-a0b1-f2e490a2239e,Toko_03923,BRONZE,Riau,2021-12-30,88,3.71,False
0d1ae410-a089-4e48-8e93-1281269cf910,Toko_03924,BRONZE,Kalimantan Barat,2021-02-06,415,3.57,False
e09824b4-9a04-459a-8dc1-b5fa30cf86a8,Toko_03925,GOLD,Jawa Timur,2023-07-13,401,3.39,False
23b4c28b-327c-4d0c-9b6e-4b893ad39ebb,Toko_03926,SILVER,Sulawesi Selatan,2020-10-17,6,4.71,False
0bcf04ec-189e-45d9-9ef6-f59ff2ae0f13,Toko_03927,BRONZE,Kalimantan Timur,2021-03-23,261,4.75,False
4cd989cd-7a8c-4af2-94e0-b0bf7408267c,Toko_03928,BRONZE,Jawa Tengah,2023-12-04,269,3.55,False
a9566eb8-6923-4805-a323-1f6bd5e986b2,Toko_03929,SILVER,Kalimantan Barat,2022-07-18,137,4.73,True
f9970f56-7256-49d7-957e-e3e57a180dbc,Toko_03930,GOLD,Kepulauan Riau,2019-02-17,27,3.36,False
bd1f8b61-79b8-405a-8379-96b56f72f29d,Toko_03931,GOLD,Lampung,2020-03-14,341,4.5,True
9f59c639-f7b8-495a-abef-c08ee6bbd587,Toko_03932,SILVER,Sumatera Barat,2018-05-01,65,4.42,True
2c33418a-e48a-4af9-90c7-8aa8ae6c9af8,Toko_03933,SILVER,Sulawesi Tengah,2022-10-03,7,4.65,False
0c088b3c-623a-4d83-83e4-d90a8edd872c,Toko_03934,BRONZE,Maluku,2023-09-01,202,3.11,True
dea95c94-e04b-47e7-b653-e8db3fc3c868,Toko_03935,BRONZE,Maluku,2020-04-05,58,4.19,False
06a6e6d6-56ea-4fe5-bea4-0a3e9c49da5a,Toko_03936,SILVER,Nusa Tenggara Barat,2018-07-22,46,3.18,False
19a5d35d-20c1-4455-825b-e9763df43312,Toko_03937,PLATINUM,Sumatera Selatan,2021-05-04,475,4.87,False
883aa506-ae7d-442f-8413-d9c56ef36ad1,Toko_03938,BRONZE,Bengkulu,2023-07-27,387,3.2,False
edc6136f-dd70-4bbe-b9fc-14717dc1ac06,Toko_03939,GOLD,Sulawesi Tenggara,2022-08-27,28,4.56,True
10287180-00db-428b-ab1e-eff2c0c53c31,Toko_03940,SILVER,Kalimantan Barat,2019-09-30,394,4.98,False
9998e954-e270-467d-95dd-5f41484aff94,Toko_03941,SILVER,Bengkulu,2018-07-28,374,4.01,True
2076bf05-d9e5-4047-b7df-2eb4930a961e,Toko_03942,SILVER,Bangka Belitung,2023-03-27,425,4.05,False
4e68cdaa-5d26-462b-8c75-08ffd5810e7b,Toko_03943,GOLD,Nusa Tenggara Timur,2019-05-09,44,3.41,False
87007771-ecbb-408b-8680-660e530aae12,Toko_03944,BRONZE,Sulawesi Tengah,2019-11-10,366,3.24,False
10504499-c2ed-4da7-9cc8-dd74cc46cf41,Toko_03945,BRONZE,Sulawesi Tengah,2022-12-23,272,4.49,False
7245c2ee-56c0-40a0-8586-43438d0b7de9,Toko_03946,GOLD,Nusa Tenggara Barat,2018-08-19,371,3.45,True
1aed832c-da88-47a3-89a7-886b652ef43c,Toko_03947,BRONZE,Kalimantan Tengah,2018-04-23,287,4.38,True
dda867ee-7cc5-4d86-b1b9-05c9f8d9b693,Toko_03948,SILVER,Kepulauan Riau,2019-09-26,71,4.79,False
7b03f992-b767-4d27-aa39-04b9c1329c9c,Toko_03949,GOLD,Bali,2022-04-23,133,3.96,False
c4e2609b-2c53-4608-b95e-b639e04b2b7a,Toko_03950,SILVER,Sulawesi Utara,2021-10-19,433,3.45,False
5ddf586c-2ae3-490c-bead-cd89762481bc,Toko_03951,BRONZE,Bangka Belitung,2019-03-11,465,4.81,False
97f6aeba-005e-44b3-8259-eaa2fc924cf7,Toko_03952,BRONZE,DKI Jakarta,2022-02-09,406,3.7,False
248b1908-578d-4547-8a03-e11dfad88a6a,Toko_03953,SILVER,DKI Jakarta,2019-11-27,338,3.51,False
1bf88003-8114-4dff-9180-1a11000dc85e,Toko_03954,BRONZE,Bengkulu,2019-07-07,114,4.75,False
1ccfb4c4-9d43-4223-ae8a-1e5b23ccf8c6,Toko_03955,BRONZE,Kepulauan Riau,2019-05-13,205,4.17,False
34b12c5d-843e-4f85-b07a-be3f39ea54bf,Toko_03956,BRONZE,Papua,2022-04-16,287,3.7,False
87e2666f-2530-4bc0-b591-3058eb7077a4,Toko_03957,BRONZE,Sulawesi Utara,2018-03-23,204,4.6,False
7f5d50d6-6931-485a-ad4e-c2c1a145d049,Toko_03958,BRONZE,Kalimantan Tengah,2019-04-30,130,4.16,False
d614feac-d260-4135-9673-8f054723f3fd,Toko_03959,PLATINUM,Maluku,2019-08-05,50,3.64,False
68ac5215-cb61-43a2-bc6e-04a1fd1cfaa8,Toko_03960,GOLD,Yogyakarta,2021-05-06,426,3.29,True
46c9f40f-44ab-4142-8ade-a32ee7a0763a,Toko_03961,SILVER,DKI Jakarta,2020-06-10,106,3.73,False
5792f0e4-8d47-4a6e-8650-0d1752f4e0c1,Toko_03962,PLATINUM,Nusa Tenggara Timur,2023-11-11,397,3.52,False
0bc149b1-5027-4c42-87c8-309b31c08875,Toko_03963,BRONZE,Sumatera Selatan,2019-04-06,322,4.08,False
d0fedc04-016e-42fb-af7e-7ee7be25ffbe,Toko_03964,BRONZE,Sulawesi Tenggara,2021-04-14,262,3.13,True
469301c7-fc5f-470d-8631-5748c08f0cbf,Toko_03965,BRONZE,Jawa Timur,2022-10-08,312,4.62,True
a43e9fd6-778a-4b1c-ac0b-1680c9affa09,Toko_03966,BRONZE,Bangka Belitung,2020-07-25,28,3.29,False
c06490db-5468-439d-abb0-611eea6c84eb,Toko_03967,BRONZE,Sulawesi Utara,2022-02-02,395,4.62,False
f467f02b-bdbf-46f0-ad73-dec8b55d2627,Toko_03968,BRONZE,Lampung,2022-07-14,370,4.59,False
1a44d47f-1355-459f-82bf-b9f85b0ff349,Toko_03969,GOLD,Nusa Tenggara Barat,2021-09-13,124,3.62,True
ac660583-eb67-481b-a35e-5546736315ed,Toko_03970,BRONZE,DKI Jakarta,2019-05-01,455,4.52,False
455b7017-0f28-4f8f-aed6-a6fc7e5de2bd,Toko_03971,BRONZE,Bengkulu,2019-09-29,256,4.01,False
17a5213d-e7bd-4afd-a422-7be5eb3af0ec,Toko_03972,GOLD,Bangka Belitung,2019-05-16,168,3.94,False
b388b3bb-b3d0-42b9-a244-8f4202cf6dd6,Toko_03973,BRONZE,Bengkulu,2019-04-01,75,4.09,True
e3bd7a68-b627-4889-b6b1-42c56373c0c6,Toko_03974,BRONZE,Sulawesi Utara,2021-09-11,418,3.2,False
dfbea8e7-35d5-4dd7-9579-538ce5bc6bb1,Toko_03975,BRONZE,Bali,2023-08-01,264,3.2,False
b0f75d48-4de6-4421-a3be-dea68fb11ca1,Toko_03976,BRONZE,Bangka Belitung,2018-07-06,395,4.34,False
b83dd31e-b37d-4362-8988-df89f0f5ed71,Toko_03977,BRONZE,Aceh,2022-04-20,14,3.31,False
31e9fd37-56ef-48b5-977b-9222d083cf83,Toko_03978,BRONZE,Aceh,2022-02-23,400,3.56,False
0501794e-01ad-4083-bc12-ed31ba151070,Toko_03979,SILVER,Jawa Barat,2022-01-06,38,3.88,True
81e3dbbb-00e1-438a-96f4-ff189e7ffd0a,Toko_03980,BRONZE,Kepulauan Riau,2023-08-11,242,3.25,False
bc94f7fc-58c6-44e1-895f-c6ee1878877a,Toko_03981,BRONZE,Nusa Tenggara Timur,2023-05-23,277,4.99,False
e6a5d435-96bd-4e13-a9f5-12996f7a79f1,Toko_03982,SILVER,Aceh,2018-09-08,115,3.2,False
a81948fb-bbe3-4a3d-9a7f-40ac6f1c0ed0,Toko_03983,PLATINUM,Sulawesi Tengah,2018-03-07,402,3.37,False
07437d48-5c03-4bce-80fc-aa2490c68f0b,Toko_03984,GOLD,Kepulauan Riau,2021-05-20,262,4.69,False
5e46c8e6-fde4-425b-a40b-24f3e45b8504,Toko_03985,SILVER,Kalimantan Barat,2018-07-24,87,4.13,False
bde0c933-848a-4a99-914f-1ad433fb7d81,Toko_03986,GOLD,Kalimantan Barat,2023-12-04,211,4.96,False
68240f08-33fd-4b69-9813-25baea64a54d,Toko_03987,BRONZE,Sulawesi Tengah,2021-05-14,28,3.9,False
cc5d4e8d-a012-426f-b91d-affc2a1a7022,Toko_03988,BRONZE,Sulawesi Selatan,2022-03-26,354,3.41,False
f7889e84-55b9-49e4-a31b-d75184bb70b4,Toko_03989,BRONZE,Kepulauan Riau,2020-04-25,487,3.68,False
6a7758c4-5345-41ff-bd8d-cdfe09fa4719,Toko_03990,PLATINUM,Kalimantan Barat,2023-05-04,218,4.38,False
5c4ecb73-87f7-4339-8e78-732cea70c252,Toko_03991,BRONZE,Yogyakarta,2023-12-07,225,4.44,False
d19d34fe-2dfa-402e-a8fd-faac264c67fb,Toko_03992,SILVER,Kalimantan Tengah,2018-05-04,413,3.53,False
7e6644ca-8bb5-4646-a8b2-42c805d02011,Toko_03993,SILVER,Kalimantan Barat,2020-08-15,95,3.12,False
8419c9e7-79bb-4996-8fcd-c40e2ba2b3be,Toko_03994,BRONZE,Sumatera Barat,2020-11-29,8,3.69,True
a289f7a5-4bce-4fdc-975f-e33d35426b8e,Toko_03995,SILVER,Kepulauan Riau,2019-08-17,247,3.4,False
173ccbf1-89d5-4747-9b8d-96469a75a7f8,Toko_03996,BRONZE,Yogyakarta,2021-09-02,310,4.71,False
8fc7ba4c-cbf7-41d7-908d-4dfcf5fe53ea,Toko_03997,BRONZE,DKI Jakarta,2021-07-11,103,4.36,False
4e33dc47-cd61-4767-aaff-ad9b0d33d4c7,Toko_03998,BRONZE,Jawa Barat,2023-04-25,261,4.19,False
0d5dcffd-9465-4924-9a90-15fb6316b238,Toko_03999,SILVER,Kalimantan Selatan,2020-11-09,86,3.87,True
0bc4ad6d-7ffc-4834-88b5-12ae25fd9e60,Toko_04000,SILVER,DKI Jakarta,2020-09-15,430,4.56,False
70345edb-b7b6-4ae5-98eb-632b318c7d75,Toko_04001,GOLD,Sulawesi Utara,2020-05-10,445,3.8,False
1e7568cd-27be-41d3-a4cb-ef87162a6bcc,Toko_04002,SILVER,Sumatera Selatan,2020-01-09,35,4.41,False
181ce490-59dd-4bbb-a5b2-cf4db5942597,Toko_04003,SILVER,Sulawesi Utara,2019-02-28,59,4.52,False
feaa837a-225f-4767-8ed8-813f7f8c05e6,Toko_04004,GOLD,Nusa Tenggara Timur,2023-07-01,223,4.21,False
76d0b80d-be32-4994-aa06-d1c3cbf04ca9,Toko_04005,BRONZE,Sumatera Utara,2018-08-23,404,3.59,False
0a6cd429-4899-474f-bee1-c252c6f018c5,Toko_04006,SILVER,Jawa Timur,2021-03-29,142,4.67,False
9ed7e1fa-c759-4f3a-90db-16a47edc03a9,Toko_04007,SILVER,Jawa Barat,2022-03-16,94,4.88,False
9b326f57-8d9e-43f9-9e77-2a9ff663c3e9,Toko_04008,PLATINUM,DKI Jakarta,2020-04-29,304,4.71,False
ec071742-25fe-4fca-8530-99bff726b39a,Toko_04009,BRONZE,Sumatera Utara,2022-08-20,497,4.97,False
1478a643-a867-4482-b173-6953f4648f08,Toko_04010,BRONZE,Yogyakarta,2020-12-26,99,4.36,False
ef7ab097-ac2f-4559-b9e5-841e1aad5f55,Toko_04011,GOLD,Jawa Barat,2022-09-26,284,3.05,True
7ab33d37-4fb8-410a-addf-280ea868cbef,Toko_04012,SILVER,Yogyakarta,2018-03-21,476,3.43,False
a1e4cff1-2260-4779-9532-040366c60d7a,Toko_04013,BRONZE,Sumatera Selatan,2022-12-31,459,4.56,False
667b3841-e0f8-41c3-8f1f-33c0d220b137,Toko_04014,SILVER,Jawa Barat,2021-04-07,303,3.4,False
e31b68c1-82bc-4ff0-9416-adb412c9628d,Toko_04015,GOLD,Sumatera Utara,2020-11-05,474,3.56,False
0bd5840a-600c-4706-b6f3-1584ed0e946e,Toko_04016,GOLD,Bangka Belitung,2022-12-10,86,4.13,False
56b1978d-e8ae-4f75-8501-45d1c4725a06,Toko_04017,BRONZE,Sumatera Barat,2018-01-22,281,3.44,False
0ae35c6f-4c08-49f5-8b3b-3f5cdb89f16a,Toko_04018,SILVER,Bengkulu,2021-08-24,138,3.12,False
0cf97d78-c1dc-44b4-9de4-a26a9f03697f,Toko_04019,SILVER,Nusa Tenggara Barat,2021-08-24,60,4.4,False
0b412b94-a1d9-448a-aa4c-8ce4734838ef,Toko_04020,SILVER,Banten,2023-03-08,363,3.32,False
464579ca-f80d-4f99-80e2-c0d23b553813,Toko_04021,BRONZE,Bangka Belitung,2018-12-23,86,4.79,True
714b3a7a-1b00-4a54-b302-a76e9a009b91,Toko_04022,BRONZE,Kalimantan Selatan,2018-07-15,157,4.95,False
2bbc1d91-8c23-458e-952e-d58b67caa403,Toko_04023,BRONZE,Banten,2022-10-30,372,3.84,False
dd3c19cc-8e3a-4b2f-b021-86bc78b0353c,Toko_04024,BRONZE,Sumatera Utara,2023-02-02,446,3.33,False
fc36c3f4-5d32-473a-8bc7-5c94cf76eb50,Toko_04025,BRONZE,Sumatera Selatan,2023-06-27,140,4.25,False
9d943837-c4cd-45bb-b7a5-5f15ce33453e,Toko_04026,BRONZE,Sulawesi Selatan,2018-01-03,263,4.72,False
51e48a60-5093-4c01-baba-85b29c20bc7e,Toko_04027,GOLD,Kalimantan Tengah,2023-07-22,191,4.51,False
1afc8793-5ca6-4ae3-938d-f19b23de4ec9,Toko_04028,BRONZE,Jawa Barat,2018-02-11,345,4.43,True
0e450158-e3e3-47b5-8545-6143914bda0f,Toko_04029,PLATINUM,Bangka Belitung,2019-12-05,309,3.09,False
9b11c8e1-a396-4657-9189-54b4c605f148,Toko_04030,BRONZE,Kalimantan Selatan,2021-05-10,456,4.63,False
7b0d45b7-da94-40eb-828b-5ce994aac48f,Toko_04031,BRONZE,Sulawesi Tenggara,2018-05-22,304,3.45,False
0a01a41f-9c00-46c4-9f44-4451400cd3d1,Toko_04032,BRONZE,Sumatera Selatan,2020-10-09,110,3.35,False
160e58a0-d779-4c2f-ae61-0f131ec584e7,Toko_04033,BRONZE,Jawa Tengah,2018-06-16,83,4.62,False
84c32ff2-81a2-4935-8e78-5ffea732c30e,Toko_04034,GOLD,Kalimantan Selatan,2018-09-01,63,4.24,False
105ae3fe-53a5-4c46-8b40-eff698e2528e,Toko_04035,PLATINUM,Lampung,2021-09-07,412,4.44,False
2578239b-4d95-46ae-9b28-8146a9ec0f42,Toko_04036,BRONZE,Kalimantan Barat,2023-08-28,421,4.11,False
7042bdab-ce13-470e-ae2d-055c106bb6ef,Toko_04037,SILVER,Sumatera Selatan,2020-03-04,391,4.55,False
0ab2f5ea-22b4-4cee-b3f0-b644199ade18,Toko_04038,BRONZE,Bangka Belitung,2020-10-05,206,4.84,False
167b61e7-8cbf-4a53-b4e1-62e4d7c5fe43,Toko_04039,BRONZE,Jambi,2018-04-20,182,4.13,False
fa7ab801-79b3-4544-83ca-93bc03fdfecf,Toko_04040,PLATINUM,Sumatera Barat,2019-05-17,69,4.66,False
312895b9-f5c2-46c1-aebe-b34b94af643d,Toko_04041,GOLD,Jawa Tengah,2019-10-25,455,4.16,False
3d2c5360-3644-49aa-b79b-614b042acaa6,Toko_04042,BRONZE,Nusa Tenggara Barat,2022-05-28,165,4.82,False
cad78d4b-48b4-4de2-8ec9-65c8cc95cf8b,Toko_04043,SILVER,Jawa Barat,2019-04-28,78,3.49,False
5effca87-1202-474d-bc74-12575be7b00d,Toko_04044,BRONZE,Sulawesi Utara,2023-02-27,163,4.18,False
85f81862-6a51-4100-9b06-335b5a2a8f1f,Toko_04045,BRONZE,DKI Jakarta,2022-04-22,98,4.19,False
7510a032-6ca1-4f02-9a1b-145748177f78,Toko_04046,SILVER,Bali,2020-04-12,466,3.9,False
e441bf8d-0cda-4b94-ae41-e8be6a82695e,Toko_04047,GOLD,Bali,2019-06-27,97,3.79,True
e0a7bb3a-9971-40da-95bd-654f56442230,Toko_04048,BRONZE,Sulawesi Utara,2022-03-06,123,4.45,True
8edb9fc5-eaf7-4805-ad94-a76296396430,Toko_04049,BRONZE,Riau,2023-04-24,168,3.3,False
cc5dc6c7-a879-4c57-b7db-0ad473e7f49d,Toko_04050,SILVER,Kalimantan Barat,2020-10-28,201,3.21,False
b383401b-f0ce-4e1f-b354-57b99e743bb6,Toko_04051,SILVER,Yogyakarta,2022-10-10,66,3.9,False
0580d3d7-96ae-4399-8d03-6f975f4d18e0,Toko_04052,BRONZE,Bali,2019-10-11,342,4.48,False
eeff5706-6be5-414d-9910-ec4895d4f6a4,Toko_04053,BRONZE,Bangka Belitung,2019-07-17,143,3.12,False
679aaf2d-e1e2-4c67-b0e6-cd2c8f0de23c,Toko_04054,BRONZE,Kalimantan Selatan,2020-08-01,445,3.66,True
7b8a6ecb-80c5-402e-8957-9769131c99ce,Toko_04055,BRONZE,Sumatera Selatan,2019-07-26,56,4.16,True
e05d9076-2de6-4b30-83ad-5b3fc2b6cbf0,Toko_04056,BRONZE,Kepulauan Riau,2018-07-22,269,4.7,False
083d4c14-3431-407b-a4a9-b96ca68232f8,Toko_04057,SILVER,Nusa Tenggara Timur,2019-07-27,138,3.93,False
26b06477-0c9b-4d2c-8170-9945ae3d67bf,Toko_04058,BRONZE,Aceh,2020-10-26,445,3.26,False
353a3de9-f2f9-4443-b4a3-2f8d2391cf23,Toko_04059,SILVER,Sumatera Barat,2020-11-07,326,4.6,False
60f08bbf-1cf5-45ff-9ba8-886e7c64ec2a,Toko_04060,PLATINUM,Jambi,2019-03-25,307,3.36,False
118eb0fb-f03f-482f-9099-1e8dd66db3cd,Toko_04061,BRONZE,Bengkulu,2023-06-02,257,3.08,False
417efc5c-d955-40a6-b040-cde519b44042,Toko_04062,BRONZE,Bali,2020-03-23,497,3.42,False
f17c25d4-26da-4ef6-9c6b-3a3a703cd596,Toko_04063,BRONZE,Bali,2022-10-28,186,3.19,False
d0066375-0a74-4a03-b144-493f7ad2d57a,Toko_04064,PLATINUM,Sumatera Utara,2021-10-25,244,4.43,False
ce7266cc-25db-48d8-80b7-22f28bf49e53,Toko_04065,PLATINUM,Riau,2018-08-23,457,4.04,False
8ff0d103-d137-4937-a91a-1a7ad0cbacd2,Toko_04066,GOLD,Kalimantan Selatan,2023-11-30,276,3.38,False
7d1725ea-7b89-4229-b3fb-052aa1fc1276,Toko_04067,BRONZE,Bengkulu,2021-08-06,363,3.87,False
c4055218-d1d3-49d3-b4c0-df3c91c6b7ba,Toko_04068,BRONZE,Jambi,2019-12-06,14,4.48,False
da8c7d86-c18a-46eb-a3f8-9a6674d7903f,Toko_04069,SILVER,Papua,2019-11-21,190,3.61,False
d5b825b5-c9b2-4820-b5f7-ca84211082d1,Toko_04070,GOLD,Bangka Belitung,2021-07-30,382,3.75,False
69bc2145-ce91-431b-8e2e-a8d112f3df0b,Toko_04071,BRONZE,Sulawesi Tenggara,2019-10-14,93,3.37,False
067f0f85-600e-4f82-a797-adc1035d2812,Toko_04072,GOLD,Sulawesi Tenggara,2020-01-22,185,4.46,False
79bc28aa-b955-42b0-8ca1-3e864ce7c39b,Toko_04073,SILVER,Sumatera Utara,2021-05-13,233,3.34,False
c8338b66-73d4-46f2-8da7-194e52e03bc0,Toko_04074,SILVER,Riau,2020-01-09,335,3.03,False
c59556fc-dc79-4d1c-af9f-30f5222dd1fe,Toko_04075,BRONZE,Sumatera Utara,2020-10-03,477,3.55,False
f46e2f09-df44-480c-be96-ad2f00d4e09e,Toko_04076,SILVER,Nusa Tenggara Barat,2018-02-16,408,3.03,False
10c83b9e-3ddf-4ecd-8555-838ecdb90ae4,Toko_04077,BRONZE,Sumatera Utara,2022-12-22,25,3.27,False
c8818974-b098-4c0e-8f3d-a9267e1c3f58,Toko_04078,BRONZE,Kepulauan Riau,2021-11-04,428,4.68,False
bc6edb1c-1657-4856-8dbf-605dbb809b20,Toko_04079,BRONZE,Sumatera Selatan,2020-01-29,39,3.95,False
b30a1dd5-cf3c-4561-8635-c4b759ac566e,Toko_04080,BRONZE,Maluku,2020-08-06,319,3.15,False
48199fd6-6778-4b6c-8c75-df8b973e1963,Toko_04081,BRONZE,Sumatera Barat,2020-10-03,194,4.53,False
ac41f824-82bd-4a20-92ab-2fe9457405ec,Toko_04082,BRONZE,Sumatera Utara,2021-05-05,433,3.93,True
c055d600-7c89-422a-8af2-7eaf0e126134,Toko_04083,SILVER,Kalimantan Barat,2018-01-24,360,3.09,False
aee7af01-98c5-44be-a28f-c8eb9caedca5,Toko_04084,PLATINUM,Banten,2023-03-05,253,4.32,False
ebae52bb-05c1-45a5-888a-6a29111462ff,Toko_04085,BRONZE,Jawa Timur,2022-09-09,430,4.68,False
7879cfa3-5c99-4dbb-b8d0-35ab352c4c9e,Toko_04086,BRONZE,Banten,2022-05-21,149,3.44,False
afd040f9-fb94-4ada-b53d-560feca6f705,Toko_04087,PLATINUM,DKI Jakarta,2018-03-02,298,3.65,False
0bde5bf2-3824-4ec4-85f8-861bcf8b4b23,Toko_04088,BRONZE,Kalimantan Tengah,2019-01-05,232,4.65,False
80b587cc-bfb4-4c40-8ecd-f764fd9f2c10,Toko_04089,GOLD,Papua,2019-04-01,110,4.97,False
43ba9f96-3e5b-4a30-bef9-4bb7ffc6dc70,Toko_04090,GOLD,Jawa Timur,2018-02-20,334,4.87,False
8ff66c17-288b-4b4b-ae0e-339c33a35ca5,Toko_04091,BRONZE,Jawa Tengah,2022-11-18,158,3.27,False
ceb575bc-f662-4a85-b989-e803967e2dee,Toko_04092,BRONZE,Kalimantan Selatan,2021-02-04,465,4.63,True
a2b0954d-f83a-4a73-a92c-3c8ce276e5f0,Toko_04093,SILVER,Sulawesi Selatan,2020-01-02,242,3.94,False
96dbd772-9c77-4891-a4d0-97182227cac3,Toko_04094,SILVER,Sulawesi Utara,2022-09-18,462,4.84,True
d8d2a0d8-f3d9-4ec4-a0c9-fe542cd2d2f1,Toko_04095,GOLD,Sumatera Selatan,2020-10-25,314,3.58,False
8c48528d-9f28-4b3b-b42d-ed7ef22c54c2,Toko_04096,BRONZE,Riau,2022-10-22,419,3.14,False
96a33500-0c7a-47bc-9ace-26e39990656b,Toko_04097,BRONZE,Sulawesi Tengah,2022-12-13,15,5.0,False
92be6605-8a35-4c0c-8329-6bb9888050a8,Toko_04098,SILVER,Nusa Tenggara Barat,2020-02-13,93,3.6,False
15e6dfd6-7755-44bc-bb88-16dc54f4133c,Toko_04099,GOLD,Lampung,2020-06-16,232,3.62,False
40c1933c-e2d7-4dd7-9f2e-99fb93db7821,Toko_04100,BRONZE,Sulawesi Utara,2019-11-21,117,3.54,False
a489afb5-35b4-4f5c-af8c-fbfe7906e5b9,Toko_04101,BRONZE,Sumatera Selatan,2023-08-15,426,3.78,False
600ef537-a83a-4102-bcd4-b90c53c1ab42,Toko_04102,SILVER,DKI Jakarta,2019-11-09,188,4.75,False
40ea8011-53bb-446b-886d-3bdef875fccd,Toko_04103,BRONZE,Sumatera Barat,2022-03-31,436,4.52,False
f9104e29-eea4-4221-b76a-9d6b7cbc3453,Toko_04104,SILVER,Riau,2023-03-31,93,3.4,False
3391bb0e-73da-450d-acee-a0fe03a7c27d,Toko_04105,SILVER,Jawa Tengah,2018-02-19,495,3.01,False
f05915a3-d9a3-4f3d-8d5c-9e94995a0ab6,Toko_04106,SILVER,Kalimantan Timur,2021-07-05,251,4.48,False
69d24a6a-3e1c-4743-a89a-b920def2642c,Toko_04107,BRONZE,Aceh,2021-02-14,125,3.64,False
222bc5cb-4f55-4f6e-82dd-895a4d186cea,Toko_04108,BRONZE,Jambi,2018-05-14,302,4.56,False
dda8049b-5b70-47fa-96a2-7a9dbce9983e,Toko_04109,BRONZE,Papua,2022-10-17,30,3.61,False
d0c3cf42-b86a-4b21-9997-421110aa4161,Toko_04110,SILVER,Aceh,2019-01-20,155,3.44,False
f3a1465d-6c19-411c-a347-fa1e3dc92dee,Toko_04111,GOLD,Riau,2021-02-03,113,3.91,False
2d5e9fd6-f5d0-40c8-8394-edb5e91082e0,Toko_04112,BRONZE,Sulawesi Tenggara,2023-01-23,436,4.3,False
809899c8-66fe-46ae-90ab-b643e6770e98,Toko_04113,GOLD,Riau,2022-08-24,439,3.93,False
2170eca1-1841-4b73-99fa-1aba1fbf557e,Toko_04114,BRONZE,Sumatera Barat,2022-07-14,288,4.85,False
85ebb467-40c0-4522-b682-649897a4fbe7,Toko_04115,GOLD,Kalimantan Selatan,2021-05-01,456,4.39,False
cbcd64e2-f68b-4c7c-a452-d07085fb8748,Toko_04116,GOLD,Aceh,2018-05-18,485,3.12,False
d4a14dac-3659-4ca1-9907-94ab66d3a522,Toko_04117,GOLD,Sumatera Utara,2019-03-27,10,4.55,False
f4e3a48c-b512-4ddc-b61c-23f7a0b071e7,Toko_04118,BRONZE,Sulawesi Selatan,2022-04-27,15,3.58,False
68d496ae-3f0c-47cd-abba-df5a96b4c909,Toko_04119,BRONZE,Yogyakarta,2022-10-21,22,3.67,True
72d19f5a-2023-4b98-b585-4b7707eb121a,Toko_04120,SILVER,Sulawesi Selatan,2020-12-29,473,3.85,False
55308bfc-adf3-42b2-9e0d-5011e4215381,Toko_04121,BRONZE,Kalimantan Barat,2023-06-02,335,3.88,False
0b78f7b5-d0ac-4715-880a-79126470dac4,Toko_04122,GOLD,Sulawesi Utara,2019-05-08,285,4.87,False
714b13e0-e12d-4dec-aea3-9bba813a0bd8,Toko_04123,BRONZE,Kalimantan Tengah,2023-05-02,471,4.15,False
1130f1c6-b3da-4012-bbff-d9320d981480,Toko_04124,BRONZE,DKI Jakarta,2023-09-28,236,4.02,False
8db1331e-46fc-4ebe-bd7d-b3f03775dcad,Toko_04125,BRONZE,Sulawesi Tengah,2021-09-11,351,4.2,False
2e180152-aed7-4117-a465-7fcbd1f0b9f6,Toko_04126,BRONZE,Bengkulu,2020-04-20,298,3.83,False
60966605-0c4b-49ce-80b9-e3257159019c,Toko_04127,GOLD,Maluku,2023-10-11,360,4.24,False
b54eb3e2-8d39-49f4-956f-009438ce378f,Toko_04128,GOLD,Kalimantan Barat,2018-04-09,384,4.69,False
c1b5fb39-91dc-4ce1-9197-a2097dd2209d,Toko_04129,SILVER,Bangka Belitung,2018-03-31,437,4.34,False
e49cfc39-01e5-43a0-9805-285faab101ad,Toko_04130,BRONZE,Kepulauan Riau,2019-04-29,360,3.91,False
710321da-c335-4dd3-81bd-d80539739b57,Toko_04131,GOLD,Kalimantan Tengah,2018-11-15,284,4.73,False
96d9548c-a906-495b-9284-627ecfe7e029,Toko_04132,BRONZE,Kalimantan Tengah,2022-05-20,110,3.37,True
4130aac2-5d1b-4adf-a69c-8dabf7cdc29c,Toko_04133,BRONZE,Bengkulu,2019-10-30,300,4.86,False
3acf5c4f-ef12-438f-b2b0-86d3fa151d05,Toko_04134,GOLD,Sulawesi Utara,2020-02-25,488,4.62,False
fc42e819-7ef5-4940-b16d-b83f93ee0a12,Toko_04135,GOLD,Sulawesi Tengah,2018-11-25,349,4.99,False
7bd7619e-5ef1-48cc-b05d-0b4710d470e9,Toko_04136,PLATINUM,Sulawesi Utara,2019-05-07,292,3.31,False
69018132-e28b-4c0a-89ff-d0750eadda8d,Toko_04137,PLATINUM,Bengkulu,2020-04-15,400,4.61,False
bef0ec8d-f892-4ec8-858e-9e9fbdd67c8a,Toko_04138,SILVER,Gorontalo,2018-01-25,278,3.85,False
129a84de-23f4-4135-a772-728d150f72f1,Toko_04139,SILVER,Sumatera Utara,2022-07-18,305,3.58,True
99590a12-ab72-4d14-ac7b-0a3e9d6b3ea6,Toko_04140,SILVER,Bali,2020-08-18,457,3.17,False
5fbf88be-48ec-4929-a682-868f3fe952a2,Toko_04141,PLATINUM,Lampung,2018-03-20,62,3.56,False
a7a7a7b9-44f3-4e8c-b2ec-6bdfbb303ecf,Toko_04142,SILVER,Kalimantan Tengah,2023-01-16,18,4.99,False
803ba224-73a8-4b3b-a84f-6f12f40d550d,Toko_04143,BRONZE,Kalimantan Timur,2022-12-04,102,3.0,False
a3ac5e03-55ce-488b-b509-5e411e0af48c,Toko_04144,SILVER,Sumatera Utara,2021-01-17,123,4.12,False
fb12d445-f82d-4429-9d06-9fc23c9328a5,Toko_04145,GOLD,Papua,2020-10-01,420,3.11,True
70cbe94b-865b-4096-b307-65f0abe4ce18,Toko_04146,GOLD,Papua,2018-11-05,243,4.45,True
1f646b3a-e82d-4f16-a5e0-a02d667df48a,Toko_04147,SILVER,Bangka Belitung,2018-01-23,202,4.27,False
fc6df551-5258-4b76-a61e-85d106e89335,Toko_04148,BRONZE,Sumatera Barat,2019-04-12,180,4.77,False
7aa04753-acda-414d-89f5-68917f3fe8c9,Toko_04149,GOLD,Bengkulu,2018-08-01,57,3.76,False
64b864f4-be36-4d09-9cb6-16e69b692560,Toko_04150,GOLD,Bali,2019-08-05,466,4.7,False
b3d46dc0-a473-4cd0-851d-3900f5868071,Toko_04151,BRONZE,Sumatera Selatan,2023-01-13,401,3.09,False
45718dfe-cc7f-4ca9-a316-f39d817865b4,Toko_04152,PLATINUM,Banten,2022-08-16,327,3.6,False
1d2e482b-47d0-47f3-9535-f002aec92bb2,Toko_04153,BRONZE,DKI Jakarta,2023-10-03,327,4.08,False
00bbcd3d-cfa4-47a2-9052-b9358b06d33b,Toko_04154,GOLD,Bangka Belitung,2018-09-26,237,3.32,False
58bba60d-8bcf-4090-9d94-503541afd2ee,Toko_04155,BRONZE,Kalimantan Tengah,2019-12-14,338,4.74,False
8336c2c4-0617-4dd7-972b-4dba972af3ad,Toko_04156,BRONZE,Sulawesi Tengah,2021-08-29,390,4.89,False
c10bf78e-1040-4d08-952b-b48a5b28dfec,Toko_04157,BRONZE,Banten,2023-10-16,264,4.32,False
286aac64-6226-49ec-8e4e-5edb0c3399b4,Toko_04158,PLATINUM,Sumatera Utara,2023-03-28,328,3.55,True
cdfe5ab6-9ded-4e55-8b62-4b289d93b6c3,Toko_04159,SILVER,Kalimantan Tengah,2019-04-06,373,4.2,False
692d5e86-0b71-45b8-b430-003d9faeed1b,Toko_04160,GOLD,Sumatera Utara,2023-04-19,212,3.78,True
f060cbfb-4e2c-4298-80d0-9bdbed4e0dc2,Toko_04161,BRONZE,Banten,2018-03-10,127,4.25,False
92559706-feae-48ba-9476-0eb6be4f907a,Toko_04162,SILVER,Jambi,2019-12-19,477,3.84,False
cf5ab1de-ebed-4b8d-bf33-9114eebfafe0,Toko_04163,GOLD,Riau,2021-01-08,116,3.65,False
0d82e4bb-a6e0-4fcb-828a-fa39b3e23ac8,Toko_04164,SILVER,Sumatera Utara,2020-11-02,176,5.0,False
67df9966-12f7-45fa-bda8-159f533991d3,Toko_04165,GOLD,Yogyakarta,2018-01-25,46,3.36,False
4d7535cd-ff2b-44e2-b250-bbde9963d2d0,Toko_04166,BRONZE,Papua,2019-08-08,157,3.32,False
ce62a101-0029-4006-bc22-1ad1eab16dd8,Toko_04167,BRONZE,Nusa Tenggara Barat,2018-03-18,304,3.18,False
ebbb24ec-68ee-44d6-8165-80d6a27133a7,Toko_04168,PLATINUM,Sulawesi Selatan,2022-01-31,132,3.02,False
c441753e-446a-4622-ae13-bad0bd10b586,Toko_04169,BRONZE,Sulawesi Selatan,2022-07-18,426,4.63,False
d3b6c373-42d0-426f-9ae5-2c17a0fb61fb,Toko_04170,BRONZE,Kalimantan Barat,2023-01-13,5,3.26,False
ea7f8eef-6409-4a28-ab60-b0767635dec2,Toko_04171,BRONZE,Kalimantan Timur,2019-06-29,437,4.53,False
d2a8ea50-fa4e-4e54-9a15-35f4791ab593,Toko_04172,BRONZE,Kalimantan Selatan,2020-06-29,362,4.53,False
53d205f0-6c0f-4824-8ba0-08bcde7c494c,Toko_04173,GOLD,Maluku,2023-12-23,422,3.88,False
fc555be9-0255-4c0e-b0f3-2949b4d7a729,Toko_04174,PLATINUM,Papua,2018-03-08,129,4.75,False
85d98e89-93f4-4ffd-aa23-ee21bd9988c5,Toko_04175,BRONZE,Yogyakarta,2023-09-21,284,3.29,False
2ee18cc5-22cc-429d-831b-f258cff7f66e,Toko_04176,SILVER,Sulawesi Selatan,2023-08-04,132,4.04,False
3b844088-8c84-4be3-985e-ad4423eba4c9,Toko_04177,SILVER,Kalimantan Tengah,2019-09-16,106,4.92,False
d5646df9-da88-4afa-b61f-5ae794044503,Toko_04178,BRONZE,Kalimantan Barat,2023-03-14,314,4.55,False
ebd687dd-3353-43e4-b58a-fc8ccac1ba57,Toko_04179,BRONZE,Bali,2018-10-29,71,3.75,False
0d45c841-fb0d-4a96-a8df-f9c117ce0b7e,Toko_04180,GOLD,Gorontalo,2019-12-15,74,4.5,False
2307d669-54a3-422b-aa49-524e76bf4f07,Toko_04181,BRONZE,Sulawesi Tengah,2022-05-04,99,3.33,False
cfb46c19-49c1-4a9b-bc95-5cbdabf485cb,Toko_04182,SILVER,DKI Jakarta,2022-04-22,218,3.8,False
dc789cb0-a71c-4be4-84d1-c67e736d5e4b,Toko_04183,PLATINUM,Bali,2022-07-30,95,3.38,False
4576c013-e8cb-477a-8abc-909d428e2421,Toko_04184,SILVER,Bali,2019-09-25,306,4.83,False
9c08c08c-6ec1-4b26-addf-630bf9c29b46,Toko_04185,PLATINUM,Sulawesi Tenggara,2020-10-12,115,3.64,False
1325240d-963d-4a41-9cd5-88e45df7238c,Toko_04186,SILVER,Kalimantan Barat,2023-10-10,242,4.42,False
04650c3d-5976-470b-824a-63784395d2b4,Toko_04187,BRONZE,Gorontalo,2022-11-12,11,3.6,False
16e444bf-5065-4bcc-a8d5-f5e385642610,Toko_04188,SILVER,Jawa Barat,2023-11-14,490,4.73,False
cbf770bc-0e3c-44d9-99cf-96e98f3c4346,Toko_04189,SILVER,Sumatera Barat,2019-01-27,172,3.4,False
5dc95ae4-e36b-4da9-9b09-63087d048438,Toko_04190,BRONZE,Bengkulu,2018-12-13,84,4.98,False
949fb266-d42e-4b5f-b68f-03e01aa10204,Toko_04191,BRONZE,Yogyakarta,2018-09-30,153,3.59,False
91ac33d5-065c-47ae-8078-908389dd67ad,Toko_04192,SILVER,Sulawesi Selatan,2022-06-22,80,4.68,False
fdb070dc-0bfe-444e-a358-12db46f17b7d,Toko_04193,PLATINUM,Jambi,2021-06-03,384,4.3,False
64d458b8-9fa5-41e2-b0ec-ee172f892a7d,Toko_04194,BRONZE,Lampung,2018-10-17,116,3.6,True
2c8630e9-c942-4003-9f13-fdef2925cb84,Toko_04195,SILVER,Bali,2023-07-24,169,3.3,False
868379b4-2bbb-41da-8752-127971d2ba45,Toko_04196,SILVER,Banten,2018-05-16,307,4.23,False
fc1f358d-1105-4d3e-a4af-1a8ddfeaf22c,Toko_04197,BRONZE,Papua,2022-04-21,157,3.32,False
5055d321-96b8-4fba-86d9-66dce7726322,Toko_04198,PLATINUM,Banten,2021-04-30,470,3.02,False
97646b6f-8735-4fb6-8274-eff3448ddaa1,Toko_04199,SILVER,Banten,2018-08-16,270,3.37,False
26363f6f-1ec0-487d-bd36-aa4ede2614c2,Toko_04200,BRONZE,Bali,2023-06-08,223,3.86,False
8b8e1ca8-c18f-4b75-9d3e-0b649d19b3e6,Toko_04201,BRONZE,Riau,2022-06-30,69,4.83,False
99bac003-2b7f-4171-984c-2c597c1dce95,Toko_04202,PLATINUM,Bengkulu,2018-05-20,337,4.98,False
f22f6301-934f-4d46-9b96-d8b049179c3d,Toko_04203,SILVER,Yogyakarta,2018-01-18,48,3.95,False
8f951128-4df1-4432-9e76-34e121e8007b,Toko_04204,SILVER,DKI Jakarta,2023-01-12,320,3.82,True
39a36c3c-022f-4fce-8b78-be6c78a22eb5,Toko_04205,SILVER,Bali,2021-09-26,250,3.31,False
3ff7b09f-63cb-4b83-9f86-3ac84ec08bc0,Toko_04206,GOLD,Nusa Tenggara Timur,2021-04-04,439,4.69,False
f42ef811-f782-4c8b-9859-21b75a57da17,Toko_04207,GOLD,Lampung,2023-07-04,136,3.24,False
6f5f7386-07df-4636-8306-d542858d0558,Toko_04208,BRONZE,Jawa Tengah,2020-03-06,251,4.32,False
4a9b39ef-7f15-4b3b-adc5-1a35afd7e3ef,Toko_04209,BRONZE,DKI Jakarta,2018-08-01,259,3.98,False
c1c3464e-8914-41fc-9b8a-3bc8c919454b,Toko_04210,BRONZE,Sulawesi Utara,2021-12-03,36,3.45,True
e9676e70-0a80-434c-9d8c-f35f4a432b30,Toko_04211,SILVER,Papua,2020-01-05,499,3.09,False
e8822898-eb02-4773-b69b-5b4b7ba36038,Toko_04212,GOLD,Aceh,2018-10-18,307,3.4,False
bf0bcbbc-40df-42bd-9a50-b9f3b92745dd,Toko_04213,BRONZE,Jawa Barat,2020-02-17,157,4.46,False
34d909e2-0024-4df0-8bd7-bd67b18d2f2d,Toko_04214,GOLD,Lampung,2021-01-31,438,3.9,False
c2e65f29-8e46-4d7a-afb0-562b7ab83f42,Toko_04215,BRONZE,Riau,2023-07-14,225,3.05,False
27701a5f-56e4-4c1a-8da6-19ea28160079,Toko_04216,SILVER,Bangka Belitung,2019-06-12,401,3.45,False
53f2f8ec-242f-4681-b8fa-50dffddabcd2,Toko_04217,GOLD,Yogyakarta,2018-01-22,359,4.67,False
083cbcea-3d06-44fa-aa62-fc425aa5e7a3,Toko_04218,BRONZE,Bengkulu,2018-10-20,407,3.94,True
ae4b981e-d82a-4904-a638-de074b700e2d,Toko_04219,GOLD,Sulawesi Tenggara,2022-01-03,50,3.97,False
ea60694e-13a5-4164-b908-584bc4890266,Toko_04220,SILVER,Bangka Belitung,2021-11-22,45,3.54,False
fba05cee-20b4-40e8-98e2-f976b66a17c2,Toko_04221,PLATINUM,Jawa Barat,2018-10-28,290,4.59,False
996faaf0-f2d7-4666-8316-0bd255143bf3,Toko_04222,BRONZE,Sulawesi Tenggara,2018-11-20,378,4.47,True
5797155f-eee5-41a8-99b1-bc84055a9ee0,Toko_04223,GOLD,Sulawesi Selatan,2020-12-03,143,4.44,False
afcaf658-1fbc-49a6-8e1c-3f28998e38fd,Toko_04224,SILVER,Sumatera Barat,2019-04-25,476,3.8,False
afd05bba-2aa1-483f-b7b0-3ab528d42895,Toko_04225,GOLD,DKI Jakarta,2018-07-27,150,3.02,False
63e9787b-0beb-4399-ab50-8ef30f036572,Toko_04226,GOLD,DKI Jakarta,2021-06-29,168,4.79,True
77dbcc46-bd71-4da2-838f-cf1e66abec73,Toko_04227,BRONZE,DKI Jakarta,2020-10-15,314,4.85,False
b5c189e9-3d48-42db-ac08-50fb26d5bb1c,Toko_04228,BRONZE,Jawa Tengah,2018-04-09,353,3.42,False
d9068b38-6b66-4e0a-9a15-69f23b3f443b,Toko_04229,GOLD,Bengkulu,2018-06-13,127,4.03,False
33a7255a-adba-4fdd-9549-9ee177bc6f02,Toko_04230,SILVER,Kalimantan Barat,2021-02-15,326,4.94,False
42c31faf-418e-4969-8b3c-b979fffc422e,Toko_04231,SILVER,Sulawesi Tenggara,2018-02-20,82,3.78,False
b3849ca7-613b-4db5-ae04-a14fac8c7171,Toko_04232,SILVER,Jawa Tengah,2022-04-15,149,4.38,False
ad945897-bf9f-41f4-88e8-f4a640002e7e,Toko_04233,BRONZE,Sumatera Selatan,2020-08-27,180,4.44,True
700c1d71-2857-43a7-8c1d-46b3e5afa3d6,Toko_04234,BRONZE,Sumatera Selatan,2023-04-03,158,3.53,True
ed704c35-31b8-47fa-b6bc-0a7185c86658,Toko_04235,GOLD,Yogyakarta,2018-08-07,395,4.54,False
842a916a-75bf-499e-bfbe-f567d95f21ec,Toko_04236,BRONZE,Aceh,2023-06-02,26,4.19,True
e8becc39-2ef8-4503-8e8a-4ba27c01fad4,Toko_04237,SILVER,Jawa Timur,2019-01-15,281,4.68,False
2b6d3493-7fc3-4297-ac88-ee346a77a925,Toko_04238,SILVER,Lampung,2020-06-29,45,3.18,False
cf2d6dec-82dc-4e12-bcee-e618088de566,Toko_04239,GOLD,Jambi,2022-05-16,198,3.2,False
6d6b5578-40a0-4009-8fcb-212fe54829cf,Toko_04240,BRONZE,Kalimantan Timur,2018-07-12,180,3.33,False
4bc1c90f-6a6e-43e6-b488-9fd26385a6a7,Toko_04241,BRONZE,Jawa Timur,2019-04-02,309,4.31,True
dcd35581-00bf-4f60-8e62-727beff38d76,Toko_04242,PLATINUM,Jambi,2019-10-13,80,3.04,False
42106725-0ba8-429a-abbc-1a5ce5165232,Toko_04243,GOLD,Papua,2018-01-29,248,3.95,False
ac7bc7c9-62ab-43fd-97c4-fbb28117a493,Toko_04244,SILVER,Lampung,2023-05-22,376,4.4,False
81af3b28-5ab4-44d5-81c9-fafb5f1b42f4,Toko_04245,GOLD,Papua,2019-07-18,475,4.28,False
b06cb351-13e2-4e6d-8018-5f88466a2c05,Toko_04246,BRONZE,Jawa Tengah,2021-03-30,204,4.49,False
e527ef80-228b-4243-a93e-faa9dd31e030,Toko_04247,SILVER,Aceh,2020-09-25,300,3.54,False
2e64fec0-d300-48b8-aae7-5db9e2417a16,Toko_04248,SILVER,Kalimantan Barat,2022-07-30,72,4.75,False
903a8642-b8bb-4907-b474-18465e5225d0,Toko_04249,BRONZE,Bengkulu,2022-03-20,477,3.01,False
4d5e9098-c7c7-492a-843a-e3da88456cf9,Toko_04250,BRONZE,Aceh,2022-04-24,42,4.48,False
faa47b3d-011b-4a2c-9dce-194d8036595b,Toko_04251,BRONZE,Sulawesi Utara,2023-01-11,8,3.43,False
c86ece21-1055-4158-ab2b-467c53eb6238,Toko_04252,BRONZE,Kalimantan Timur,2018-08-01,206,3.47,False
856316ac-d3b4-4b67-8500-8929b0f10dd4,Toko_04253,BRONZE,Kepulauan Riau,2018-02-04,194,3.09,False
27b7a4c2-40a4-452b-b76a-2978f95a4d13,Toko_04254,GOLD,Jawa Tengah,2022-10-23,141,4.67,False
b564d0d7-a9e8-439e-9e83-5a551f84d77d,Toko_04255,SILVER,DKI Jakarta,2020-06-05,305,3.09,True
d0cdfbe0-35da-4727-8670-8f1ca6f9bfad,Toko_04256,BRONZE,Jambi,2020-08-29,332,3.06,False
ed76b2a6-f252-4329-9ac0-1b8f4dd17e65,Toko_04257,BRONZE,Riau,2021-10-20,85,4.38,False
58e06bf0-319b-44c9-9139-12c6fa0d6d9c,Toko_04258,SILVER,Kalimantan Selatan,2023-03-30,361,4.19,False
ec315065-7b57-45b7-9df5-9391916ae79f,Toko_04259,BRONZE,Nusa Tenggara Timur,2020-02-04,205,3.08,False
102b1ba9-10e0-4c1c-b61f-7e9f64909891,Toko_04260,SILVER,Jawa Barat,2019-06-29,446,4.93,False
aeb86ae9-54b6-4d20-b085-56fc6ebc7ba0,Toko_04261,GOLD,Sulawesi Utara,2021-04-24,343,3.64,False
b32dbd1c-0b81-4213-936b-7abc825869bd,Toko_04262,PLATINUM,Bali,2019-07-16,27,3.64,False
7d8392c5-ff13-4f96-a5e8-1e574c647c34,Toko_04263,PLATINUM,Lampung,2021-03-14,478,3.66,False
4ddf13ac-de9a-4f42-8062-dd50205d661a,Toko_04264,BRONZE,DKI Jakarta,2019-05-10,372,4.1,False
098660bc-d86f-4584-aaed-065f50f415a3,Toko_04265,SILVER,Sulawesi Tengah,2020-05-15,150,4.77,False
f9eb56fc-1544-4ce9-bb0b-1ac6b47118a7,Toko_04266,GOLD,Kalimantan Barat,2022-07-22,85,4.73,False
830e22be-06f5-43de-ab3c-14a47659484d,Toko_04267,SILVER,Banten,2019-05-21,257,4.23,True
32fee9d5-b865-4709-80a2-ba38ea4674cb,Toko_04268,SILVER,Kalimantan Barat,2018-02-19,125,4.94,False
1f0ef3c5-b6d4-40b4-ad61-fb5d1e146f7f,Toko_04269,GOLD,Kepulauan Riau,2019-07-26,163,4.08,True
a49e2701-7c83-4514-a7be-1d4040068187,Toko_04270,BRONZE,Sulawesi Selatan,2019-09-24,392,3.84,False
02f63f48-e83d-411e-9ad6-5275263b30fc,Toko_04271,BRONZE,Sumatera Selatan,2021-12-18,414,4.99,False
c980d23f-a13b-4385-bbef-fece7e382506,Toko_04272,BRONZE,Jawa Tengah,2022-03-14,493,3.4,True
eef39aa3-6ec2-4af6-acf1-3c40aba48997,Toko_04273,BRONZE,Papua,2019-01-05,221,3.99,True
2e9b9a3b-7024-451d-b305-3f15f0db9163,Toko_04274,BRONZE,Kalimantan Selatan,2023-11-27,230,4.14,False
0cf6c64d-432e-4510-a4aa-5a9419a6ed8e,Toko_04275,BRONZE,Lampung,2018-11-04,112,3.49,False
3a76e428-a28d-41d9-b57c-50874bb738b1,Toko_04276,BRONZE,Riau,2018-08-20,368,3.75,False
7114609c-8a7f-4559-8823-b5fe42e63074,Toko_04277,SILVER,Sumatera Selatan,2019-02-02,353,4.62,False
081ae35e-fffe-4b89-a3c1-6a3014bf3812,Toko_04278,PLATINUM,Sulawesi Selatan,2018-08-11,168,4.45,True
4e853399-67c9-4a33-9bda-2085d06c406c,Toko_04279,PLATINUM,Jawa Tengah,2023-11-20,331,4.15,False
9b3e8eb7-d9b8-41f2-b7fb-2d727440e819,Toko_04280,PLATINUM,Gorontalo,2021-05-15,438,4.44,False
aa3a6011-2cf3-47bc-9d25-d9b33a445d1b,Toko_04281,BRONZE,Kalimantan Barat,2019-05-20,288,3.47,False
7f3a3039-7e70-4dfc-92ba-5e163c3f192f,Toko_04282,SILVER,Sulawesi Utara,2020-12-16,326,4.34,False
59119dcc-83af-47f1-93f3-98b27bb23975,Toko_04283,SILVER,DKI Jakarta,2022-03-13,356,3.94,False
79b66810-d5ba-49f5-9f3f-81635e34c736,Toko_04284,PLATINUM,Aceh,2023-05-13,438,3.95,False
d8cee47d-759f-475e-8d0f-fadaebee7395,Toko_04285,SILVER,Sumatera Barat,2018-01-25,417,4.28,False
4c377242-8a32-4aad-a538-2dda1a5911de,Toko_04286,BRONZE,Nusa Tenggara Barat,2022-01-14,226,3.98,False
2a3beeda-3b45-497a-ad30-38226717ee9c,Toko_04287,GOLD,Banten,2023-05-17,113,4.57,True
d1dff70d-512e-4350-9915-a28d952e8a45,Toko_04288,SILVER,Bangka Belitung,2022-07-17,153,3.52,False
31c3746d-4090-439c-a272-66e8f018f2ed,Toko_04289,SILVER,Banten,2021-08-12,127,4.53,False
bc891f54-0d79-40be-be9d-30faa8e69093,Toko_04290,PLATINUM,Yogyakarta,2023-02-28,197,4.23,False
62d0b5c4-011b-4688-bd94-a903057700ab,Toko_04291,BRONZE,Sumatera Utara,2022-12-05,247,4.84,False
98bb44a8-07b0-4c7d-8e05-5bd03c685cf4,Toko_04292,SILVER,Sumatera Barat,2021-10-17,338,3.28,True
2e768814-f5df-40f3-aae0-6945b1d00fec,Toko_04293,SILVER,DKI Jakarta,2019-01-20,133,4.38,True
b7071361-19fd-4fd3-8924-dfe02b0c4155,Toko_04294,BRONZE,Sumatera Selatan,2020-07-22,394,4.6,False
8c0827ed-0d46-4c1f-b3ef-0ec90f67d601,Toko_04295,BRONZE,Sumatera Selatan,2021-05-01,258,4.32,False
ecb38994-1241-4ab1-bcf6-ab5dced8ca6f,Toko_04296,SILVER,Yogyakarta,2018-02-07,414,4.35,False
bd13be04-bd10-47cc-8587-d9f70d3d3115,Toko_04297,BRONZE,Jawa Tengah,2021-09-06,436,3.54,False
694aacc2-7866-4852-bd14-bfc9b0dd0b89,Toko_04298,GOLD,Jawa Barat,2022-12-18,170,3.87,False
40805916-3a18-4f7e-b26a-b644d37c6147,Toko_04299,SILVER,Sumatera Selatan,2020-06-24,68,3.06,False
2950cfdf-1b0c-44b8-b5d1-6a8713a24512,Toko_04300,BRONZE,Lampung,2020-10-04,114,4.35,False
7eb65f6b-b3e2-43f7-95a5-33fee11eb545,Toko_04301,GOLD,Nusa Tenggara Timur,2019-09-09,472,3.26,False
db0b118c-015f-41f1-b5c9-599fe27929a6,Toko_04302,SILVER,Sumatera Selatan,2018-11-05,217,4.77,False
348abbf8-c33d-4447-a49e-501e50193ced,Toko_04303,PLATINUM,Kalimantan Barat,2022-07-04,480,3.6,False
bcdcf599-8b5d-46f6-9de4-64e497c7069a,Toko_04304,GOLD,Sulawesi Selatan,2018-01-15,111,4.12,True
3e15e50f-4eb8-4b2a-9021-f659e3f92bab,Toko_04305,BRONZE,Jawa Barat,2021-10-04,319,3.63,False
856413c6-84b8-4400-a80b-8a20c8c49552,Toko_04306,GOLD,Banten,2021-03-24,48,4.46,True
4e7c76c0-ced5-4a2a-a594-0d9cfcaff62c,Toko_04307,SILVER,Maluku,2021-05-03,377,3.11,False
a2272fd2-5a5f-449f-beb1-6c4c07b16767,Toko_04308,BRONZE,Papua,2022-11-15,247,4.56,False
5b17d227-9b40-4f2f-b99d-fed044655229,Toko_04309,BRONZE,Sulawesi Selatan,2022-09-18,75,3.74,False
893581e1-58bf-4b30-a08d-41d5594a7f96,Toko_04310,GOLD,Kalimantan Tengah,2019-10-17,12,4.69,False
eb29eb95-bed0-4f77-9a28-3bb96094dcb0,Toko_04311,BRONZE,Jambi,2023-09-14,344,4.96,False
677c0c48-6dd3-4829-a4b6-4962e76330e5,Toko_04312,GOLD,Kalimantan Barat,2020-12-10,489,3.82,True
c443b9f2-8d52-4f7d-bb27-30fddbfbd028,Toko_04313,SILVER,Riau,2021-07-14,309,3.97,False
93f5fe24-ce35-460d-9289-69602fea8c9e,Toko_04314,BRONZE,Gorontalo,2020-06-10,305,4.4,False
63aebfab-7e29-4734-ae8d-b600533f643d,Toko_04315,SILVER,Bali,2021-02-11,436,4.99,False
ef37026a-479a-4661-b574-9dd56490ad8a,Toko_04316,BRONZE,Gorontalo,2023-09-04,223,3.07,False
c2733e8b-6abd-43a3-84be-0b8d90e419bc,Toko_04317,GOLD,Kepulauan Riau,2021-07-08,12,4.73,False
9293c7fe-0861-4b5f-a0e6-de48ed4de396,Toko_04318,GOLD,Sumatera Selatan,2019-08-09,426,3.83,False
7e039484-aa87-4948-a5c4-1a666e9e4ae6,Toko_04319,BRONZE,Banten,2019-06-24,386,3.44,False
e363ca32-c586-476d-aeb2-8b19ff99442c,Toko_04320,GOLD,Jawa Timur,2019-06-20,56,3.31,False
9153239a-f7d4-466b-837d-a0706612e274,Toko_04321,SILVER,Yogyakarta,2023-12-26,417,4.3,False
ea444944-62f0-40a1-9686-da9aa6681f24,Toko_04322,GOLD,Kalimantan Timur,2021-03-26,292,4.87,False
5b532801-bb40-4dcd-a3cb-ba05f3876086,Toko_04323,BRONZE,Maluku,2018-10-27,98,4.37,False
04736b5e-319c-4f39-8020-d18a07fddde0,Toko_04324,SILVER,Gorontalo,2019-11-01,75,4.82,False
450d7277-2ecb-47f6-a2cd-719e7c2bd853,Toko_04325,PLATINUM,Maluku,2021-05-30,485,4.0,False
2aa89789-eaa8-4973-b38c-6c1166fe65ca,Toko_04326,GOLD,Nusa Tenggara Timur,2019-10-24,179,3.8,False
f7124746-2eab-4e56-b531-92c2228bb8ed,Toko_04327,SILVER,Sulawesi Utara,2018-09-21,438,4.03,False
8ff1a32c-7f0a-4cad-bc7c-bc95df7b1f48,Toko_04328,BRONZE,Banten,2020-04-19,235,4.05,False
8256a5cc-9b79-4e3a-98c4-c3381c5b2ba4,Toko_04329,SILVER,Kalimantan Timur,2021-04-03,39,3.78,True
b7e00a48-2e70-48c3-ab84-5e3855612878,Toko_04330,SILVER,Aceh,2020-03-29,362,4.45,False
36eec4e0-463b-43cf-b7af-e859ba9005c2,Toko_04331,BRONZE,Lampung,2023-03-31,387,4.96,False
4535d684-f2ad-4546-b2d4-d78ff3c5eca4,Toko_04332,PLATINUM,Riau,2022-05-23,17,4.51,False
d4bcbff3-93a9-4c31-96c2-16b986ab82f0,Toko_04333,BRONZE,Sulawesi Selatan,2021-01-08,295,4.55,False
2c2431d3-ce23-46db-8017-d0380edbb7c6,Toko_04334,GOLD,Sulawesi Tenggara,2020-09-15,6,4.71,False
308abae0-816f-412a-9931-9d935c3e9804,Toko_04335,BRONZE,Sumatera Selatan,2022-06-06,416,3.24,False
93e7c1de-5c97-4a92-a27f-e11666a3cc18,Toko_04336,BRONZE,Yogyakarta,2019-07-31,218,3.17,False
b46442fb-abd0-456f-8173-8801a134d3bc,Toko_04337,BRONZE,Kalimantan Tengah,2021-08-14,187,4.8,False
499a09bf-cf2a-41f6-95c1-53785ca5f7a4,Toko_04338,SILVER,Kalimantan Tengah,2021-02-11,174,4.0,False
af16cf39-dc1b-4f49-965a-efff5d691079,Toko_04339,PLATINUM,Kalimantan Timur,2021-09-04,389,4.52,False
0be7342f-5eed-42b4-af61-b528fb5c6cba,Toko_04340,BRONZE,Sumatera Utara,2020-11-09,245,3.86,True
cb253f0d-3b1b-4992-9a1a-8c2b1b76889d,Toko_04341,BRONZE,Sulawesi Tengah,2023-01-03,177,4.04,False
fc75157a-cd5d-4a53-a48b-5a83d6afd68a,Toko_04342,GOLD,Bangka Belitung,2019-06-28,154,4.37,False
7728b900-8f49-4113-a2e4-e0e21bde2baf,Toko_04343,BRONZE,Kalimantan Selatan,2020-11-11,171,3.21,False
f69211c2-7873-4a67-af5d-c4c2ceeccb7b,Toko_04344,BRONZE,Lampung,2020-12-01,40,4.54,False
87524638-8c91-47ad-8678-d72bb7d1d185,Toko_04345,SILVER,Lampung,2018-01-21,78,4.6,False
30cd8ac2-367f-41dc-bcc7-7488bde98f91,Toko_04346,BRONZE,Kalimantan Tengah,2023-12-29,223,3.03,False
bfb4eb03-4c87-4970-914d-8797080720fb,Toko_04347,GOLD,Kepulauan Riau,2023-04-09,449,3.08,True
9887a7ee-3857-4f42-9f31-d3ab924d2e84,Toko_04348,BRONZE,Sumatera Barat,2022-07-31,104,3.09,False
44c4ce85-2b6b-4e7e-8493-2ac42eb83e86,Toko_04349,GOLD,Riau,2019-09-23,474,3.42,False
cd55c6a6-2969-4c21-8fdf-1599378a6e1b,Toko_04350,BRONZE,Jawa Barat,2021-09-25,379,3.1,False
a5c4f181-205c-4d97-97f6-f435337ad4e1,Toko_04351,SILVER,DKI Jakarta,2021-02-12,387,3.14,False
d9a8893a-82b1-4904-88f0-05f921062180,Toko_04352,SILVER,Bali,2022-11-10,331,3.13,False
a3393e28-55fd-4f90-9098-425be65ec265,Toko_04353,SILVER,Bangka Belitung,2023-06-18,74,4.68,False
9292455e-2c2c-4912-a7bd-ba4ded65221e,Toko_04354,BRONZE,Riau,2019-03-25,112,3.73,False
d47bf865-8475-439f-8282-c491c4b21d9b,Toko_04355,SILVER,Lampung,2021-07-25,473,3.08,False
02dd7ce2-418d-4934-82ce-8741b858781c,Toko_04356,GOLD,Kalimantan Barat,2023-07-09,158,4.98,False
172ad3e7-b681-47e0-a451-cb58b5aaaf40,Toko_04357,BRONZE,Kalimantan Timur,2023-08-03,332,4.28,False
485421c5-c9fc-4e73-b27c-6884c48f54d1,Toko_04358,BRONZE,DKI Jakarta,2021-10-11,304,4.66,False
d2b6dc5d-7744-452a-a984-0c179790d61e,Toko_04359,BRONZE,Papua,2022-11-06,5,3.34,False
0a393fc0-5739-4d98-98d3-1670eb8ef423,Toko_04360,BRONZE,Nusa Tenggara Timur,2018-07-01,415,3.47,True
f54f5717-47fc-4fc4-a945-6a9b194aec2c,Toko_04361,GOLD,Nusa Tenggara Barat,2019-07-28,175,4.04,False
d171fec7-d72c-4e1f-b2e4-6551de6495cd,Toko_04362,GOLD,Sulawesi Selatan,2020-02-23,437,3.62,True
e5dd5a9c-ae82-469f-8bf5-40cd93b3e2a9,Toko_04363,BRONZE,Aceh,2022-12-08,345,3.92,False
698a09bc-fdfa-47d3-a9bc-69fad981aa89,Toko_04364,BRONZE,Kalimantan Selatan,2022-02-05,494,4.9,False
ea0655a6-5377-42ab-a134-f729c8156eb7,Toko_04365,BRONZE,Yogyakarta,2022-10-09,382,3.53,False
7f74bd22-7d64-4e05-b791-17a29fa2719d,Toko_04366,SILVER,Sumatera Utara,2020-04-05,6,4.0,False
ada9af2b-0d40-4025-b8be-67f115fed1a6,Toko_04367,BRONZE,Nusa Tenggara Barat,2021-08-03,407,4.28,False
d7e8f641-1e62-4f89-8b1e-5aca8e646685,Toko_04368,SILVER,Jambi,2021-02-06,59,4.14,False
93d50c5a-4254-4470-bbd5-01a71dc34e4f,Toko_04369,SILVER,Sumatera Barat,2019-11-21,461,3.86,False
4bc87e0a-b30a-4e3d-9bfd-c2d91a5e35db,Toko_04370,BRONZE,Sulawesi Tenggara,2022-03-24,371,4.25,False
cd91b501-bb0a-4af7-9c3d-8d52503cb229,Toko_04371,SILVER,Kepulauan Riau,2023-05-23,154,4.86,False
8eecc58d-e87c-4c68-854c-1f71f81b8c82,Toko_04372,GOLD,Sulawesi Selatan,2020-02-28,363,3.0,False
a2d5331c-60ec-42a9-90fb-d26877c70437,Toko_04373,GOLD,Sumatera Selatan,2018-12-21,195,3.18,False
528ea7b3-a97e-4706-8aaf-1b84c8a347f6,Toko_04374,GOLD,Jambi,2019-01-05,244,4.08,True
73f11e56-b7bd-45b6-9f25-c66463b64096,Toko_04375,GOLD,Yogyakarta,2022-04-12,426,3.72,False
2f937ac9-59fb-46d4-be5d-865eda713e9b,Toko_04376,BRONZE,Nusa Tenggara Barat,2018-04-06,482,3.84,False
6a219b17-72d0-4dc9-892f-826912b3e301,Toko_04377,BRONZE,Aceh,2019-08-15,117,4.31,True
fd9c24c2-a9ea-4eed-be83-487ebc8e3270,Toko_04378,SILVER,Bali,2018-04-21,82,4.77,False
51fbbdc9-a1fc-492c-86db-b84c7a3a687f,Toko_04379,SILVER,Bali,2018-08-20,23,4.42,False
e13bbb19-7392-4e73-837a-e56a15d774d3,Toko_04380,PLATINUM,Kalimantan Timur,2021-01-22,451,4.6,False
de5d7f37-b7a4-44e6-96e5-42dd053b6a17,Toko_04381,SILVER,Jawa Barat,2021-02-23,419,3.93,False
66c739e9-375e-48e3-a515-02448fd0ae1b,Toko_04382,BRONZE,Riau,2018-10-17,326,4.58,False
f6977abb-5117-4dda-a839-c540e2b1c79e,Toko_04383,BRONZE,Sumatera Selatan,2023-11-20,44,4.98,False
6a021421-337a-4496-82e7-438031fb85b8,Toko_04384,SILVER,Nusa Tenggara Barat,2018-06-12,436,3.9,False
71a899cd-ebba-4849-b701-acf8ab03d9d4,Toko_04385,SILVER,Kalimantan Selatan,2018-09-23,169,3.99,True
c615887b-6f02-4c45-bc64-a36328d5f9e5,Toko_04386,SILVER,Kalimantan Selatan,2023-09-20,316,4.52,False
9047dbf9-98c9-4752-8df6-58ea41862254,Toko_04387,BRONZE,Kepulauan Riau,2020-05-10,263,3.53,False
293c52c6-e4fd-4752-8e39-52de5ebf216f,Toko_04388,BRONZE,Sulawesi Tengah,2018-04-04,445,3.31,True
ce03fa2b-b639-4650-b509-177cda92fe59,Toko_04389,SILVER,Jawa Tengah,2019-09-11,126,4.19,False
ba007730-fd8d-4b0b-9891-c57f342f79d3,Toko_04390,BRONZE,Gorontalo,2018-04-25,328,4.7,False
12473ee3-4d3e-4ede-875f-c53aeb4ac205,Toko_04391,SILVER,Jambi,2019-02-13,84,4.86,False
779da7e9-5139-4326-bb3d-fcde370b9879,Toko_04392,SILVER,Nusa Tenggara Timur,2022-05-05,438,4.31,False
23e9c13c-cdf8-4653-86e3-07ba4cd992a6,Toko_04393,SILVER,Banten,2018-04-19,337,4.66,True
4afd0289-7928-4115-9eef-2dc410b5b7ff,Toko_04394,BRONZE,Maluku,2018-05-31,452,3.24,False
12d8b00a-8e59-438f-bb7a-adada30a90f5,Toko_04395,BRONZE,Sulawesi Utara,2019-08-25,306,4.11,False
4c5795c6-45b0-4cf9-92b3-57fbea698038,Toko_04396,SILVER,Sumatera Barat,2020-07-06,145,4.81,False
77df2527-7b77-4868-9161-9cc0edf79012,Toko_04397,GOLD,Kalimantan Tengah,2021-05-29,316,4.8,False
57c462ad-b7a7-417f-b9a2-193d96c067f8,Toko_04398,BRONZE,Kalimantan Timur,2018-07-01,220,3.98,False
5469a8f2-8c81-4e1d-b9a5-1c7c09caa689,Toko_04399,SILVER,Bangka Belitung,2023-10-26,405,4.46,False
5970bc13-9d3e-4afe-af21-9cc9e28b7313,Toko_04400,PLATINUM,Kalimantan Timur,2021-12-22,358,3.89,False
9a08accd-3c8a-4e1b-9db4-c4e7379d36cf,Toko_04401,BRONZE,Aceh,2019-02-20,397,3.34,False
7614420b-9cfd-4492-994b-e598c3221858,Toko_04402,GOLD,Sumatera Selatan,2019-02-15,170,3.66,False
91a899ed-5f19-4abd-a08e-3fe6c71fce82,Toko_04403,SILVER,Bengkulu,2021-07-27,230,4.35,True
40de9cc6-cf33-44be-9219-391aba68e911,Toko_04404,BRONZE,Jawa Tengah,2023-11-20,249,4.24,False
347867c9-23a9-4923-b6b9-6bb717ec340c,Toko_04405,SILVER,Sulawesi Tengah,2021-01-26,368,4.64,False
37af57d6-ee13-4dae-9b22-aa6d0101e280,Toko_04406,BRONZE,Sulawesi Tengah,2020-05-07,58,4.94,False
4f8963b1-3d85-4fd9-8f78-1deff39ed8a0,Toko_04407,BRONZE,Sulawesi Utara,2018-07-30,338,4.84,True
a430568d-df81-49fd-a6f8-954b53feca2a,Toko_04408,BRONZE,Sumatera Barat,2021-08-14,440,3.1,False
35f60a6d-b7c5-4340-bb40-01d424a64f2c,Toko_04409,PLATINUM,Jawa Timur,2021-08-21,326,4.5,False
77d01e95-5e66-4b03-bdca-b625ac7643d6,Toko_04410,GOLD,Nusa Tenggara Barat,2018-11-02,385,3.07,False
762017c1-d666-4c95-bbcc-21e759968a6d,Toko_04411,GOLD,Sulawesi Selatan,2023-01-03,280,3.11,False
2f33e7f6-80af-454e-b9e7-d06989f3c1bd,Toko_04412,BRONZE,Lampung,2020-12-29,187,3.85,False
faef95ff-c78f-458a-94d7-e037a0f59bb9,Toko_04413,BRONZE,Sulawesi Utara,2021-04-16,17,4.83,False
78a16287-300c-49b0-ad1d-5ab281e6039a,Toko_04414,GOLD,Kalimantan Tengah,2022-10-17,493,3.6,True
37af07ba-674f-4290-b907-fac581d4cc57,Toko_04415,BRONZE,Banten,2021-07-31,250,3.44,False
21a05c17-86c3-4830-8776-1adb252c2e98,Toko_04416,SILVER,Bangka Belitung,2019-05-03,186,4.16,False
2cb34a1a-72f6-4b04-b17f-dfa8cc08ad02,Toko_04417,SILVER,Gorontalo,2019-10-19,312,4.82,False
3f8a0c5c-4015-454e-8fa1-09c21eef096a,Toko_04418,SILVER,Sumatera Barat,2019-03-04,265,3.79,False
48684cea-f985-472a-8a63-aa028b883439,Toko_04419,SILVER,Maluku,2018-06-04,74,4.13,True
e4a7145f-df8e-4783-9d1b-c963427569b7,Toko_04420,SILVER,Gorontalo,2021-05-31,333,3.33,False
351c9357-250e-4172-98f4-9e78563eefce,Toko_04421,BRONZE,Lampung,2019-01-06,197,4.71,False
90d1ac6f-c9bc-4079-bc1b-14ccba0e68d8,Toko_04422,BRONZE,Kalimantan Selatan,2020-11-07,280,3.49,False
fa8bafa9-3bb3-4e4f-aac3-26d00b0a48ea,Toko_04423,BRONZE,Sulawesi Selatan,2020-04-29,158,3.58,False
5cb4849e-9885-4b35-be02-9ec70cce2549,Toko_04424,SILVER,Riau,2022-05-12,95,4.45,False
03cdea71-2922-4d93-8a83-d564f5705c18,Toko_04425,SILVER,Kalimantan Selatan,2021-03-06,337,3.16,False
03f956a7-1637-47f3-8f44-56106dafe854,Toko_04426,BRONZE,Gorontalo,2019-04-16,222,3.13,True
0ba70bf4-58bd-4f2f-a4a2-4c5b79afaefc,Toko_04427,BRONZE,Sumatera Utara,2019-11-10,44,4.03,True
a88ce512-0acd-4974-a7ab-2434c9352401,Toko_04428,SILVER,Jawa Tengah,2021-03-20,461,5.0,False
33c04639-0119-4161-9ff0-036c32f523e7,Toko_04429,GOLD,Kepulauan Riau,2021-01-25,346,3.96,False
92c12d6c-9835-4fea-b70c-bf2a8a1833c4,Toko_04430,BRONZE,Bali,2020-11-11,423,4.12,False
bea26b1b-28e4-48a5-83fa-ce6f20de7de3,Toko_04431,GOLD,Lampung,2018-04-16,381,4.99,False
f24a74c2-e829-4258-8c3e-0f802a04a329,Toko_04432,SILVER,Banten,2022-07-18,152,4.33,False
200088ad-f784-4989-b32e-2a808b85c172,Toko_04433,PLATINUM,Bengkulu,2018-04-28,420,3.3,False
b422a15c-4d5c-4d52-bf02-84cf7bb80104,Toko_04434,SILVER,Gorontalo,2018-05-02,299,4.45,False
b7d75bf0-dfa6-4afc-910f-6583e2f25bbb,Toko_04435,SILVER,Sumatera Utara,2019-04-23,290,4.78,False
0265178d-6f25-4a26-8318-87a79bab3c76,Toko_04436,SILVER,Jawa Timur,2022-03-27,217,3.83,False
ca48a60f-4dd8-45f1-8059-d10920a82754,Toko_04437,BRONZE,Kalimantan Timur,2022-06-03,473,3.48,False
1ff50961-9ee1-48b1-abb7-66fc8427e270,Toko_04438,PLATINUM,Jawa Barat,2019-07-05,411,4.7,True
f06c4ddc-dcef-4e9a-a12e-7b90b6af1f79,Toko_04439,SILVER,Sumatera Barat,2021-01-05,319,4.18,True
b8a0d915-80e9-4297-bf6d-71bf2182feba,Toko_04440,GOLD,Sumatera Selatan,2022-11-28,221,4.11,False
39f91eec-3257-4fc2-91cb-8eee9692f9af,Toko_04441,SILVER,Nusa Tenggara Barat,2018-03-08,53,3.95,False
7141c99a-428f-4921-bc2a-8b181147772c,Toko_04442,BRONZE,Banten,2021-05-31,146,4.63,True
a3e756a8-614e-4e2e-82d3-45ef7ac745b1,Toko_04443,BRONZE,Nusa Tenggara Barat,2019-11-04,113,3.49,False
533ae2b4-54e7-48c8-af9b-9c885bd96788,Toko_04444,BRONZE,Lampung,2022-06-08,469,3.72,False
cf78e26f-bd76-492c-8bbf-08555d5f4243,Toko_04445,BRONZE,Jambi,2022-03-24,421,3.11,False
b7f0e80d-f0e8-4155-b970-fd854835e3b1,Toko_04446,BRONZE,Bengkulu,2019-06-10,199,3.44,False
e2eb1707-ed81-4e67-8c2c-ad7c6a1fe192,Toko_04447,GOLD,Kalimantan Selatan,2022-04-12,462,4.22,False
6385d277-ec34-4f44-bfe1-617ee24885bf,Toko_04448,SILVER,Sumatera Utara,2020-01-19,253,4.37,False
c42ce623-2ab8-47b0-8e56-b0940bc5e161,Toko_04449,GOLD,Jambi,2019-01-15,157,4.22,True
68640a5d-0cac-4fe0-b690-566bbe3473fb,Toko_04450,GOLD,Jambi,2021-08-17,6,4.95,False
9cd2a3ae-9e30-40a9-8ca4-42bf96994140,Toko_04451,BRONZE,Jawa Tengah,2020-05-03,430,4.87,False
122cdfc8-4f61-489f-98dd-315ec0126057,Toko_04452,GOLD,Gorontalo,2020-11-13,453,4.1,False
65c363ad-2750-463e-a463-3422d282fddd,Toko_04453,BRONZE,Gorontalo,2020-07-25,298,3.0,False
c1198c67-1b37-4d27-87e7-2ce7078f1307,Toko_04454,BRONZE,Sumatera Barat,2018-09-28,134,4.85,False
7efdbd26-8855-4bab-ace2-82ccfb87d79a,Toko_04455,SILVER,Maluku,2018-12-09,196,4.37,False
2d79b3ef-5d62-43a1-924c-cd1ceaf78795,Toko_04456,GOLD,Banten,2022-01-04,52,3.23,False
eabeaf7b-cb25-4a05-ab04-f1850628759a,Toko_04457,SILVER,Sulawesi Tengah,2023-10-19,243,4.18,False
ccd6e2e5-593f-467d-8864-14632cdacb5c,Toko_04458,BRONZE,Bangka Belitung,2018-02-03,153,3.03,False
53cbebd1-91ac-419e-bdf5-fceef55dcdce,Toko_04459,BRONZE,Sulawesi Utara,2022-11-19,222,3.19,False
1abae907-8cd0-48e8-8c0a-0fecbf1e5932,Toko_04460,SILVER,Jambi,2022-03-12,262,3.1,True
99a6c9b3-0573-45b2-a630-7fbe2a306c81,Toko_04461,SILVER,Sulawesi Utara,2020-09-23,48,3.62,False
b41a0ba6-8716-4d0c-a6bd-ca9e1f677dbe,Toko_04462,BRONZE,Jawa Tengah,2020-10-21,122,3.87,False
dca9cdd8-7190-4120-b0a4-a629f067f080,Toko_04463,BRONZE,Jawa Timur,2018-03-02,253,4.6,True
8d660d91-78f8-456d-82cd-b67c7b703223,Toko_04464,SILVER,Jawa Barat,2022-07-19,328,4.05,False
771073aa-1d64-447a-ae3a-4b9bc76d53f4,Toko_04465,BRONZE,Bengkulu,2023-02-04,434,3.11,False
52706cd5-28e8-41fb-9fff-6267eba0c126,Toko_04466,SILVER,DKI Jakarta,2019-08-08,447,3.86,False
becdbd42-bfad-4030-a3c4-6e541f81300a,Toko_04467,BRONZE,Gorontalo,2018-10-23,195,4.88,False
8d0d4a63-09c2-4a2a-9aef-9b7f562c432c,Toko_04468,SILVER,DKI Jakarta,2022-07-14,22,3.11,False
3502f265-d85d-4aa2-871d-ab0454ec3a34,Toko_04469,BRONZE,Sulawesi Tengah,2022-11-04,452,3.67,False
894b07e2-bd43-44ab-b31c-ef288532999e,Toko_04470,PLATINUM,Gorontalo,2018-03-19,350,3.65,False
d7a40cef-e813-4328-957d-2ea4fe7c2a4c,Toko_04471,BRONZE,Aceh,2019-01-27,54,3.58,False
e825aba4-bfde-484a-940c-2e31032ef45e,Toko_04472,BRONZE,Sulawesi Utara,2018-05-31,57,3.63,False
3be22757-3afb-47df-90fa-95b3f8682b5a,Toko_04473,SILVER,Bali,2019-08-04,14,3.19,False
806a4ec4-d0cb-46f1-8314-68cbec53b4b6,Toko_04474,BRONZE,Sumatera Barat,2020-04-22,439,4.48,True
071517ba-7102-4fb9-af03-b70876f5ab32,Toko_04475,BRONZE,Banten,2021-02-12,24,3.06,False
42f86ee6-870a-482a-bf60-4a371ea829a9,Toko_04476,GOLD,Bali,2019-06-19,99,4.33,True
89335829-95fc-403f-9591-cdd2d393e168,Toko_04477,BRONZE,Nusa Tenggara Timur,2018-04-23,53,4.92,False
77b2e8a6-55d3-4b4e-9d0e-31571bedea46,Toko_04478,GOLD,Bangka Belitung,2018-11-06,63,4.52,False
e63f2140-c86a-4514-ac56-1001059d073e,Toko_04479,BRONZE,Sumatera Barat,2019-02-18,103,3.46,False
41e54449-82e5-48d8-847c-16db99e2da99,Toko_04480,BRONZE,Kalimantan Barat,2019-04-24,412,3.43,False
539a329b-2b95-4803-bdbe-b8eb2a937d1c,Toko_04481,SILVER,Kalimantan Timur,2022-08-14,352,3.57,True
6ef8ba83-1019-41dc-a2c5-38ca478dd52e,Toko_04482,BRONZE,Sulawesi Tengah,2022-06-26,157,4.55,False
6d73f662-a3ab-4005-aef6-508e6ce70442,Toko_04483,BRONZE,Jambi,2018-01-21,93,3.53,False
feb87972-e754-4a55-9b68-0d7b9def4683,Toko_04484,BRONZE,Riau,2019-12-14,386,3.11,False
16ae7ce2-9cf7-4535-8de8-24b205dda2ea,Toko_04485,PLATINUM,Sumatera Barat,2022-11-27,389,3.91,False
84856f52-6041-4c1d-97fc-2817e6c24fb9,Toko_04486,SILVER,Bangka Belitung,2020-09-20,146,4.32,False
6941daf6-592d-45fa-a35d-0f7efcf8c9aa,Toko_04487,SILVER,Sumatera Utara,2023-04-17,430,3.46,False
d24db056-41ed-4a9e-bd48-c67cb56d8749,Toko_04488,GOLD,Kalimantan Timur,2019-12-29,201,4.96,False
1b3f36e7-3b57-4c75-8f31-bc6eb50f5306,Toko_04489,GOLD,Bali,2018-09-29,141,3.98,False
fb5e63cd-394d-4cf0-98e1-57553ea9363a,Toko_04490,PLATINUM,Kalimantan Selatan,2020-10-05,451,4.28,True
e962c737-385f-4ee6-83d3-f022fce1334b,Toko_04491,GOLD,Kalimantan Tengah,2021-05-14,58,3.53,False
ef8a9fe4-fa00-458f-b25b-15df732bd490,Toko_04492,BRONZE,Sumatera Barat,2022-07-15,439,4.16,False
f3da1ffd-baad-45b5-9c7b-c8f9a8243d1f,Toko_04493,BRONZE,Sulawesi Selatan,2021-01-14,477,4.53,False
34690e72-fafc-40c0-a566-86de02e48c88,Toko_04494,BRONZE,Sumatera Barat,2021-10-16,111,4.12,False
d24accb0-2b4a-4ed9-b148-3c0cfd8dd94b,Toko_04495,SILVER,Kalimantan Tengah,2019-06-06,395,4.27,False
9c83e4f9-a45f-4946-b71c-0c8abb16bbe9,Toko_04496,SILVER,Kalimantan Timur,2020-10-20,83,3.58,False
51211be6-2a6a-4827-ad65-04e164c092f2,Toko_04497,SILVER,Kalimantan Barat,2023-07-16,477,4.18,False
c384d04c-d63b-485d-a693-d1da97f4d869,Toko_04498,BRONZE,Jawa Tengah,2019-10-04,333,3.92,False
45210c68-5a71-4945-85f1-3c7242bc27da,Toko_04499,PLATINUM,Sumatera Selatan,2020-07-08,170,3.54,False
bd565edc-095c-45de-970f-1f95580de45b,Toko_04500,BRONZE,Sulawesi Tenggara,2021-09-07,261,4.5,False
a221e168-d5f7-434c-a049-be7d66087d01,Toko_04501,SILVER,Kalimantan Tengah,2019-02-19,206,4.46,True
cf27db22-5930-4b15-8fa8-b3768dc0ace6,Toko_04502,SILVER,Bali,2020-08-26,320,4.22,False
49c47e16-b755-41ff-a2e0-dca376f9af05,Toko_04503,SILVER,Papua,2018-11-13,217,3.19,False
3b77d397-1f41-4d20-be5b-4e8bb1228dd1,Toko_04504,SILVER,Sulawesi Tengah,2018-12-08,56,3.79,False
1ed69c7c-692c-4e0c-90a1-e47cb8bfb989,Toko_04505,SILVER,Maluku,2023-03-07,50,3.06,True
0dcd72fd-9ef1-4b3d-b33e-e57500aa7c0f,Toko_04506,GOLD,Sulawesi Utara,2019-06-20,199,3.12,False
d0126480-b477-4519-b065-15cb54297801,Toko_04507,GOLD,Bengkulu,2018-01-17,487,3.19,False
42d771dc-bced-464e-b98a-62621ad7b2d4,Toko_04508,BRONZE,Sulawesi Utara,2018-03-20,289,4.79,False
6f07df3e-9507-4dd9-9d95-1ceb7c97c7b0,Toko_04509,BRONZE,Sumatera Selatan,2019-04-28,72,4.96,False
4239db67-2eb1-4916-ba08-56a71457649d,Toko_04510,BRONZE,Sumatera Selatan,2021-05-04,405,4.55,False
debc14f8-4826-4ddc-ba9c-b41b9350b8db,Toko_04511,BRONZE,Riau,2019-08-14,388,4.16,False
ddb34844-3e3d-4442-8900-3a6ed6abaf14,Toko_04512,BRONZE,Kepulauan Riau,2021-04-29,181,4.5,False
074483f8-d95d-43db-ae5d-483021774873,Toko_04513,GOLD,Nusa Tenggara Barat,2019-03-22,240,3.28,False
85052a8e-8a50-4fcd-8477-199bda9b4a85,Toko_04514,GOLD,Bali,2021-05-16,10,3.43,False
025a9ca2-6caf-41d4-bc86-8e2ad586073a,Toko_04515,BRONZE,Bangka Belitung,2018-11-24,346,3.22,False
12441b91-c4c3-4645-ab5c-a11c04e30898,Toko_04516,SILVER,Kalimantan Barat,2021-04-11,295,3.92,False
48ccc130-fece-458d-9c38-0eae74cf279d,Toko_04517,SILVER,Papua,2018-04-15,215,4.36,False
c4cf3ba3-1096-43c2-9b5d-bbab124be4f7,Toko_04518,BRONZE,Sumatera Barat,2019-03-31,21,3.21,False
bc7df33f-f276-4a51-8489-7394e4f20fe0,Toko_04519,BRONZE,Jambi,2018-04-23,63,3.8,False
33e6265f-0f44-4b11-9a08-29b37862fe22,Toko_04520,SILVER,Riau,2018-05-19,394,4.51,False
fb539dab-3644-49cc-ade9-cb8b41c2ae65,Toko_04521,BRONZE,Riau,2020-06-01,248,4.84,False
e8517268-72bd-4aef-aff0-38c3932ccf10,Toko_04522,SILVER,Jambi,2020-04-20,494,4.37,False
c4bf68ec-0786-452f-95cf-23ac3f54caa9,Toko_04523,BRONZE,Jawa Barat,2020-12-22,50,4.46,False
ff9d5810-46f5-4b7e-ae8e-b9c817dd4002,Toko_04524,GOLD,Sulawesi Utara,2020-06-05,24,3.15,False
336c61de-ce5c-45a9-92f3-7792040bfebc,Toko_04525,SILVER,Jawa Timur,2022-06-29,10,4.95,False
d91cbaa0-ea59-403a-a1d7-60052cd27e30,Toko_04526,SILVER,Papua,2018-12-07,400,3.05,False
e0cf7301-ffab-4b82-aeee-aa76884c4c39,Toko_04527,SILVER,Gorontalo,2019-10-24,462,4.82,False
81e439f6-ebae-42d9-a438-7fd6903d8764,Toko_04528,SILVER,Yogyakarta,2022-09-05,441,3.83,True
2571a225-c931-4aae-8e9f-367698dc5587,Toko_04529,GOLD,Jawa Barat,2018-10-24,453,4.24,True
74e57e0b-544a-4f46-8f5a-87c056a49a82,Toko_04530,BRONZE,Jawa Timur,2020-04-01,137,4.0,False
a451fe4e-a0f4-4226-8ed9-5f1ab8917869,Toko_04531,BRONZE,Sulawesi Tenggara,2020-12-05,459,3.31,True
018eba48-4753-4c22-9074-6fdb9eb7c487,Toko_04532,BRONZE,Jawa Tengah,2022-10-09,36,4.39,False
b2d976b1-6830-47ed-9006-d4c1b57e0fe3,Toko_04533,SILVER,Sulawesi Utara,2019-02-13,110,4.84,False
dea0f84b-aaf4-4d2d-b0da-bed671fbef00,Toko_04534,BRONZE,Jambi,2023-05-23,55,4.71,False
bb43408b-2897-4cb1-88d6-2cfe9d1cf819,Toko_04535,GOLD,Jawa Timur,2020-04-12,453,3.27,False
6a3db295-df37-46e8-b28c-53e3ccc92ec2,Toko_04536,SILVER,Lampung,2018-03-08,74,3.61,False
91fba0af-be26-4a1b-bf07-04a6a89af3e7,Toko_04537,GOLD,Sumatera Utara,2023-11-04,289,4.61,True
90569e8b-acef-4083-84d0-5490e303ac07,Toko_04538,BRONZE,Banten,2023-12-26,240,4.7,False
93824b54-531e-4984-96fc-03b04e380867,Toko_04539,BRONZE,Sulawesi Utara,2018-11-04,400,4.86,False
dc21f915-eaa3-45c3-b567-dcbc0dcc17be,Toko_04540,BRONZE,Bangka Belitung,2023-09-21,193,3.98,False
3c397e07-1fff-49e3-b9ca-79a483297d99,Toko_04541,BRONZE,Nusa Tenggara Barat,2018-10-21,127,4.11,False
dd5bfec9-ba28-4245-b4f4-e1c5c2fb2c98,Toko_04542,BRONZE,Nusa Tenggara Timur,2023-08-08,159,4.23,True
cb917429-2186-4ec7-8e1d-bf60e60c0b69,Toko_04543,PLATINUM,Jawa Timur,2021-03-18,91,3.5,False
540e37ba-65aa-444e-997f-1f9253b8dc3a,Toko_04544,BRONZE,Yogyakarta,2018-07-16,43,4.42,True
5c338175-1147-42de-ab8f-cee66cb10305,Toko_04545,BRONZE,Kalimantan Timur,2018-07-30,215,4.19,False
71b3a51d-f69b-4d2b-a24b-7c8b82c6dc57,Toko_04546,SILVER,Kalimantan Barat,2018-09-30,213,4.1,False
7fdbd892-688a-4a65-8c49-68264291b020,Toko_04547,BRONZE,Kalimantan Timur,2019-12-20,392,4.31,False
f0ff5478-57e6-4f43-96e4-8c85e7f01463,Toko_04548,GOLD,DKI Jakarta,2019-07-24,329,3.73,False
e6bf61f5-5eda-4aa6-a339-c7cda554ce52,Toko_04549,GOLD,Gorontalo,2023-03-26,303,4.09,False
e62fbb6b-a17b-4809-802f-a36647dd6469,Toko_04550,BRONZE,Sulawesi Tengah,2022-01-10,223,3.78,False
f689bf3b-45bd-4d6a-ab8b-d82e99150eb4,Toko_04551,SILVER,Nusa Tenggara Barat,2020-06-23,34,3.06,True
9422ebf7-8563-4efa-a5a4-1f188fc8e5d1,Toko_04552,PLATINUM,Maluku,2021-10-27,226,3.9,False
a4ea0bdc-1fbe-4997-b757-71d8a169ef29,Toko_04553,GOLD,Sumatera Selatan,2022-02-06,191,4.56,False
24b70dca-37dc-44e5-96ca-582221d6bb66,Toko_04554,BRONZE,Sumatera Utara,2023-01-11,331,4.45,False
b3350668-272d-45ca-94dc-97d3b8b54d10,Toko_04555,BRONZE,Banten,2022-01-21,212,3.73,False
bf9d1ea4-7498-4f8a-9516-0a869b3c2845,Toko_04556,GOLD,Sulawesi Utara,2018-04-03,344,3.09,False
31ac6260-368f-4d2e-a158-0495760aadc2,Toko_04557,PLATINUM,Gorontalo,2021-01-29,61,4.68,True
e636299d-ab45-4633-b9f3-f6d8df935a9e,Toko_04558,GOLD,Sulawesi Tengah,2022-09-21,445,3.36,True
fe2115fe-cd29-4157-8eff-2b52dad894b9,Toko_04559,SILVER,Sulawesi Selatan,2019-02-25,453,3.01,False
29d53952-885a-4b69-bd45-6e9150014dfd,Toko_04560,PLATINUM,Kalimantan Tengah,2022-08-03,282,4.2,False
d751350c-1b2d-46b2-88e7-460caeadf47d,Toko_04561,PLATINUM,Jambi,2019-02-15,253,3.27,True
9786b917-ba69-432a-ac52-98aa507068c7,Toko_04562,SILVER,Sumatera Utara,2020-02-27,261,4.44,True
20b4bb59-6f3c-4ec4-a4c0-ea37884ef0cd,Toko_04563,GOLD,Papua,2019-10-23,76,3.46,False
dbc0eafc-10c5-40ed-8296-2d40a4244323,Toko_04564,BRONZE,Sulawesi Tenggara,2019-09-27,150,3.03,False
bbba2be6-6c9b-4ea2-90a2-2dccf765eef5,Toko_04565,BRONZE,Banten,2023-11-25,103,3.72,False
34e24005-1c2d-4e5d-bcc2-df2e7245bb23,Toko_04566,SILVER,Jawa Barat,2018-01-06,144,3.18,False
3ffa0cd3-2a0d-448d-a380-dbefa42b614c,Toko_04567,SILVER,Sulawesi Selatan,2019-04-20,121,3.75,False
73c5019e-9c3c-4650-8b3b-1cbf78693067,Toko_04568,SILVER,Gorontalo,2020-10-05,182,4.33,False
19de3611-6566-4059-bebf-b1e3bac36b05,Toko_04569,PLATINUM,Kalimantan Timur,2020-03-06,168,4.93,False
78c94bc4-c7d0-4671-9c45-221df3170d48,Toko_04570,GOLD,Sumatera Utara,2023-12-14,308,3.26,False
e25db0ab-bd59-4e69-be4e-9f1f0955d6c6,Toko_04571,GOLD,Kalimantan Tengah,2021-03-30,65,4.28,False
4f8f55bf-d4a5-4bba-91d1-e052046c2ebd,Toko_04572,BRONZE,Sulawesi Utara,2018-06-17,311,4.52,False
2a6a1332-e6fd-45f5-ba1a-0f994a1ef62e,Toko_04573,BRONZE,Gorontalo,2018-03-12,440,3.15,False
4cfd37c2-eea3-4096-bf34-d8c86f9a41b3,Toko_04574,BRONZE,Lampung,2021-09-11,129,3.6,False
4f11df18-a52e-4505-bcd1-844785380684,Toko_04575,GOLD,Banten,2023-09-23,394,4.81,False
fb7390f9-7cb6-462c-9aff-9b4613d97938,Toko_04576,BRONZE,Sulawesi Utara,2022-08-07,414,3.91,False
4acf2cc4-7fe1-4c6b-b73f-9a945beb18e4,Toko_04577,SILVER,Sulawesi Tenggara,2018-05-30,94,3.17,False
2fe12640-ed62-4c8f-b1db-d1a81f49c9b2,Toko_04578,SILVER,Nusa Tenggara Barat,2020-07-03,16,3.77,False
0e999274-8c51-4652-b2f4-193b051f564b,Toko_04579,SILVER,Gorontalo,2018-04-13,349,4.99,False
64aa1f67-b4d8-472d-9676-b55cd1618838,Toko_04580,SILVER,Jawa Timur,2019-08-21,54,3.44,False
ba2fc7a7-c976-4cb2-9b19-ea68d0474f82,Toko_04581,SILVER,Maluku,2022-12-27,133,4.86,False
b0780017-2146-494e-a32b-6fb824033c63,Toko_04582,GOLD,Kalimantan Barat,2018-02-26,168,4.63,False
9d7f1fce-8f8a-4e97-92c3-dc2b677e2319,Toko_04583,PLATINUM,Gorontalo,2023-07-13,406,3.74,False
2bf39606-1534-4ca5-b10b-6a92c21e47b1,Toko_04584,SILVER,DKI Jakarta,2021-02-13,100,4.15,False
4fa1363d-9854-443c-bc08-227f67656a3e,Toko_04585,GOLD,Nusa Tenggara Barat,2022-10-27,295,4.28,False
f8e82a60-0655-4273-a2e7-299929f81bf6,Toko_04586,BRONZE,Banten,2023-10-31,316,4.6,False
4a805ad0-5748-4d5f-9bbe-48d8ec1d5700,Toko_04587,BRONZE,Aceh,2018-07-18,203,3.66,False
df9e7180-6926-4fbf-9865-017a7ff088bb,Toko_04588,BRONZE,Bengkulu,2021-01-24,195,3.89,True
2d9df1b4-2fa6-4cd5-b628-2ed987432df1,Toko_04589,BRONZE,Banten,2022-12-25,217,3.19,False
8902b5d2-ff46-40aa-9b81-2617fd094a51,Toko_04590,SILVER,Jawa Tengah,2021-05-09,305,4.8,True
07a7007f-e72c-459e-a3f8-e55570bce052,Toko_04591,BRONZE,Nusa Tenggara Timur,2018-03-25,267,3.56,False
b10c0839-4e75-4013-9ea5-956ed801e3ed,Toko_04592,BRONZE,Nusa Tenggara Barat,2019-10-21,332,4.23,False
f4ce4542-ffc7-4473-af11-cd768b4a7a56,Toko_04593,BRONZE,Sulawesi Selatan,2023-08-06,445,4.82,False
735f92cf-469e-4561-bd4f-5e2bac099d5a,Toko_04594,GOLD,DKI Jakarta,2023-12-18,149,4.35,False
6b62c397-90a3-473b-89c1-e152f30301b8,Toko_04595,BRONZE,Riau,2019-12-15,113,3.6,True
1cd43296-1cdb-4204-b234-0bc5bf0f8de5,Toko_04596,BRONZE,Jawa Tengah,2023-02-05,368,3.25,True
accbb989-c914-40be-a3b8-504f854c8630,Toko_04597,BRONZE,Sumatera Barat,2022-06-20,312,3.22,False
549c77f6-e83c-4190-b548-3c6a621141bb,Toko_04598,BRONZE,Lampung,2018-04-28,201,3.35,False
c6e7ad98-ea23-4e5d-a5de-9a2ddcad76ff,Toko_04599,GOLD,DKI Jakarta,2019-10-27,147,3.33,False
a8180c5e-cb2c-4ba6-b79f-eec367c3ab37,Toko_04600,BRONZE,Bengkulu,2020-05-22,118,4.31,False
3563a1a4-9dea-407d-b423-079cd272f1f3,Toko_04601,BRONZE,Nusa Tenggara Barat,2021-04-07,188,3.36,False
f901edbe-44dc-4f3e-9082-fa55f10b5195,Toko_04602,BRONZE,Nusa Tenggara Timur,2019-07-25,273,3.77,True
f69b6244-7cff-41d3-9da8-2dec403e01ad,Toko_04603,BRONZE,Kepulauan Riau,2019-07-27,314,3.87,False
3ade613d-2f92-489a-9597-109f57ec2e6b,Toko_04604,GOLD,Nusa Tenggara Barat,2019-01-07,231,3.32,False
e9e55136-1e41-4507-88c7-472199c783df,Toko_04605,PLATINUM,Nusa Tenggara Barat,2019-07-23,429,3.26,False
c8120c37-21e1-46e0-b95b-142b2c200814,Toko_04606,BRONZE,Sulawesi Tenggara,2019-12-26,468,3.24,False
9eaf286a-f1ae-4d52-9198-4bd2cf0c2043,Toko_04607,SILVER,Yogyakarta,2022-07-22,200,4.21,False
5e72633b-3a2a-49e8-9249-7d7274af4d2f,Toko_04608,PLATINUM,DKI Jakarta,2022-06-11,118,4.97,False
a283d795-b4f8-4c99-930e-7fd03fbf0444,Toko_04609,GOLD,Sumatera Selatan,2019-05-12,434,3.46,False
e9a391e7-f797-4e11-817a-c185d3d04835,Toko_04610,BRONZE,Sulawesi Tenggara,2022-01-07,8,3.37,True
bd7b5552-0dbf-453c-a435-f7115c730d45,Toko_04611,BRONZE,Bali,2018-07-19,59,4.15,False
f924a51b-1ae6-4ab6-ac53-95cb542c6c70,Toko_04612,BRONZE,Nusa Tenggara Barat,2020-07-13,255,4.21,True
56470e17-f402-4153-b448-a366afbc5895,Toko_04613,BRONZE,Jawa Barat,2018-03-30,99,4.42,False
734fb2b5-acc3-4392-8f32-23e69dd4c7b9,Toko_04614,BRONZE,Kalimantan Barat,2019-08-22,99,4.68,False
b4d5b945-cfe3-4a97-b408-8ed01c5701e2,Toko_04615,SILVER,Riau,2023-07-10,37,4.03,False
e99e606f-7068-478c-b1a9-6d52da1a5b74,Toko_04616,PLATINUM,Lampung,2018-01-11,377,3.9,False
d5e1f8d2-680b-435a-98aa-ca20661ae9fd,Toko_04617,GOLD,Banten,2020-07-18,5,3.57,False
a12b2217-7934-4649-bd6c-4b62736bbc0a,Toko_04618,SILVER,Sumatera Selatan,2019-07-14,385,3.47,False
0e64b90f-8bec-472f-8fdb-a517422e47db,Toko_04619,SILVER,Sulawesi Selatan,2023-03-22,474,4.56,False
89af256c-978a-42fb-966c-ea65509de3ff,Toko_04620,BRONZE,Kalimantan Barat,2021-04-01,230,4.47,False
a7aff077-0db8-4fb9-9372-09ff4ea91a0f,Toko_04621,BRONZE,Jambi,2019-04-30,319,3.59,False
f2c9ec43-fef7-49e5-a48a-cc5a1cbd3cf3,Toko_04622,BRONZE,Nusa Tenggara Barat,2019-03-04,476,3.16,False
2cdd3da2-aafe-4b57-adc3-f1538443b579,Toko_04623,SILVER,Kalimantan Tengah,2022-10-20,179,3.12,False
79c6c54d-3b79-4251-8ce3-930954bffb72,Toko_04624,SILVER,Yogyakarta,2022-09-09,39,3.25,False
48bbea25-2257-4742-8ac0-ae1397f3a839,Toko_04625,BRONZE,Jawa Tengah,2021-08-08,249,4.09,False
ba33b9af-9255-4158-9214-0f7437dafb60,Toko_04626,BRONZE,Aceh,2018-09-03,84,3.26,True
27e2d7c2-9bb8-47a1-9a05-069dd830b1c6,Toko_04627,BRONZE,Sulawesi Utara,2022-12-15,17,3.77,False
9472f2e0-70eb-446a-95d9-a186be3c16d3,Toko_04628,SILVER,Sumatera Selatan,2021-10-05,130,3.27,False
61847162-8a3d-427d-b567-365844c8ad66,Toko_04629,SILVER,Sulawesi Tenggara,2021-12-28,304,3.31,False
5c8734b2-2dd9-47a2-8e83-8f8596895f4f,Toko_04630,BRONZE,Nusa Tenggara Timur,2023-10-18,373,3.57,False
c464c0f5-c85d-4af3-878f-dc9fe2806f99,Toko_04631,BRONZE,Gorontalo,2023-08-02,47,3.17,False
daa432db-de60-4a99-bdfa-f1ee26506f93,Toko_04632,SILVER,Sumatera Selatan,2018-03-30,25,3.06,False
75b8d344-0267-4572-a88d-4c4e425b3e29,Toko_04633,SILVER,Kalimantan Timur,2020-10-03,296,4.5,False
e533e33f-0a1b-46e2-844b-cf5618704e25,Toko_04634,SILVER,Bangka Belitung,2020-09-23,364,4.39,False
1f093410-300a-47f5-b1a9-e73bb0fe27ee,Toko_04635,BRONZE,Kalimantan Selatan,2023-08-20,440,3.76,False
a8278c05-30cc-490f-bcac-5b11cc9f5568,Toko_04636,BRONZE,Sulawesi Utara,2020-11-22,57,3.98,False
868bbfc0-d2f6-4bce-b7ce-cfbd209cf74d,Toko_04637,GOLD,Sulawesi Utara,2022-08-18,180,4.14,False
55fea892-38c2-47c7-9c4d-6717f4cbe41f,Toko_04638,BRONZE,Sumatera Selatan,2023-11-16,76,3.08,True
a0b54468-5469-420d-8fb4-b081be94f392,Toko_04639,BRONZE,Bangka Belitung,2018-05-05,422,3.78,False
c60d48e0-06f1-40a8-b01b-4fcf6cf3bfe1,Toko_04640,SILVER,Kalimantan Barat,2021-04-14,99,3.86,False
6faeffcf-126a-4ea9-875e-95d4a5151003,Toko_04641,GOLD,Bangka Belitung,2022-02-19,37,4.61,False
3805d81c-4a38-4de3-ba02-4d1ecb69dd17,Toko_04642,PLATINUM,Kalimantan Timur,2021-11-15,117,4.92,False
adb3cdc8-41af-4022-b5bd-957fca10ab8a,Toko_04643,SILVER,Kepulauan Riau,2022-02-05,349,3.78,False
dd43c073-6a48-47bb-b69a-4e23130465c4,Toko_04644,BRONZE,Sulawesi Utara,2022-08-10,138,4.06,False
219de33e-26ef-4b37-91d7-1afa6723bba5,Toko_04645,SILVER,Sumatera Utara,2019-11-06,147,4.63,False
b9200b45-6fb2-49f4-9adf-bbdb583a291a,Toko_04646,SILVER,Kepulauan Riau,2019-05-08,16,3.61,False
73c53142-e14f-4aea-99ea-816277f6dd02,Toko_04647,BRONZE,Kalimantan Tengah,2019-06-15,295,3.84,False
c007fee1-990f-42c4-bfa7-ce98b1609c6c,Toko_04648,GOLD,Bangka Belitung,2019-03-26,78,4.64,True
0f9dc22d-7810-4ad7-9684-d6369381cc19,Toko_04649,BRONZE,Banten,2023-01-07,453,3.84,False
5b40864f-6e5e-4d72-a609-d8797c1ebcda,Toko_04650,SILVER,Sumatera Barat,2021-08-01,364,3.04,False
1c3df59e-fd97-42bb-ba4b-5c69dad9b979,Toko_04651,GOLD,Riau,2021-01-08,448,3.28,True
1a60d5a1-fbdb-41d1-a892-f7e97af21fa9,Toko_04652,BRONZE,Kalimantan Tengah,2022-03-01,466,3.01,True
6b8f0aa5-d5b8-458b-a18c-bcfec4a7e815,Toko_04653,BRONZE,Yogyakarta,2023-07-15,241,4.1,False
f56eba4d-f411-49a6-a677-8051e2e2e3bc,Toko_04654,PLATINUM,Maluku,2018-01-26,151,4.82,False
5a836396-b98f-4b66-8d08-f922b3032c1b,Toko_04655,SILVER,Sulawesi Selatan,2019-07-15,196,3.23,False
62f2708c-ff4f-463e-9654-8455f1658ce0,Toko_04656,SILVER,Jawa Barat,2023-02-23,17,3.41,False
16209418-fe7e-43d7-8fbf-36d74b96c7e7,Toko_04657,SILVER,Jawa Tengah,2021-04-13,236,4.11,False
cf5b6223-a6de-40e6-bc6c-63b9450e6cde,Toko_04658,PLATINUM,Banten,2020-09-22,103,3.89,False
a67f0c9e-0777-4db4-8c82-a4c1874e27e2,Toko_04659,BRONZE,Jawa Barat,2021-01-09,167,3.13,False
f25ce008-e39a-4c83-8f3d-a46e658cecc9,Toko_04660,SILVER,Bengkulu,2022-12-29,11,3.79,False
9451d14a-57bf-4193-84ef-5cf7bf4e59d6,Toko_04661,BRONZE,Banten,2023-11-01,223,3.4,True
beefee86-bd61-44d7-bd07-0f68d67e4b0f,Toko_04662,PLATINUM,Yogyakarta,2019-09-13,18,4.64,False
277984d8-ed9a-4831-8ca3-a29853052182,Toko_04663,GOLD,Aceh,2023-10-23,154,4.01,False
41bc0f3c-9f50-488f-910d-c6348f66e851,Toko_04664,BRONZE,Riau,2020-04-13,109,4.99,False
47d22431-a8e8-4ce0-974f-6112143e8ca4,Toko_04665,GOLD,Papua,2022-04-10,16,4.89,False
35defd76-03f6-441d-b8c7-5526429f650c,Toko_04666,PLATINUM,Maluku,2022-07-19,260,4.45,False
4f2d10fc-4078-4685-8a48-2ddba43cbfa7,Toko_04667,SILVER,Kalimantan Barat,2018-02-05,441,3.67,False
c6b7e82c-77d0-4bd0-bc73-256b1cbb2991,Toko_04668,SILVER,Lampung,2022-11-17,453,4.83,True
de7f5426-64db-4bab-937b-b124204cd929,Toko_04669,SILVER,Kalimantan Selatan,2022-09-14,148,4.14,False
ba1af447-60e8-45e5-9f3e-ba72b156c6b5,Toko_04670,BRONZE,Sumatera Selatan,2019-08-20,138,4.24,False
ad9c2285-fe28-46ad-8425-11be748d7e0b,Toko_04671,BRONZE,Bali,2020-05-31,196,3.1,False
ea71a5aa-1bca-48d3-a4c4-d106027a7374,Toko_04672,GOLD,DKI Jakarta,2018-11-14,60,4.8,False
80b48e5c-e664-4d0e-b2f5-c75d61c2b39e,Toko_04673,BRONZE,Kalimantan Selatan,2023-12-14,371,4.38,False
54387b85-abf2-4415-91b8-cb4c72306436,Toko_04674,BRONZE,Yogyakarta,2018-07-19,115,4.9,False
331c9f85-c637-47c1-bff5-19381faf2a6a,Toko_04675,SILVER,Bengkulu,2018-05-27,151,3.51,True
e97b268d-38c2-4a62-9148-71318666e7f5,Toko_04676,BRONZE,Riau,2020-09-18,37,3.7,False
36bd379f-c8e2-4f67-812b-704f82799b53,Toko_04677,SILVER,Jawa Tengah,2020-05-24,431,3.66,False
6742c974-62db-4ae9-bf26-cb43f5f9968e,Toko_04678,SILVER,Riau,2023-10-11,335,3.43,False
b953b69d-aa68-4c3b-b8aa-3899f3aa16c9,Toko_04679,BRONZE,Sulawesi Tengah,2018-07-24,105,3.08,False
bda96fee-6f00-4d30-b886-4c9598ff3ba7,Toko_04680,BRONZE,Kalimantan Barat,2023-10-16,481,3.64,False
fdea866d-0722-4cb5-bab1-854bd8c5d69d,Toko_04681,BRONZE,Kepulauan Riau,2023-01-21,286,3.52,True
c5b1042b-2de2-463f-8680-ab9e868cd403,Toko_04682,GOLD,Jawa Barat,2019-09-26,459,3.93,False
fea8a19c-f75b-43d2-a4b3-94890a8f6750,Toko_04683,BRONZE,Yogyakarta,2023-11-30,360,4.12,False
49feed92-31e2-4f3c-bea5-4ad53356a9a8,Toko_04684,SILVER,Jawa Timur,2022-11-21,52,3.21,False
de4613ae-5723-49bc-b3cc-a1b0bae63d57,Toko_04685,BRONZE,Jambi,2023-10-21,221,3.23,False
ebf3e25b-956c-44bb-b96c-6bc15a9efbf9,Toko_04686,SILVER,Kepulauan Riau,2022-04-28,229,3.71,False
66e00640-7218-47d8-a4ac-ae6a719ae790,Toko_04687,SILVER,Papua,2020-03-26,86,3.83,False
d5b9f20c-6028-47f0-bc6a-6dc1c531b2c6,Toko_04688,BRONZE,Kalimantan Timur,2018-04-26,175,4.94,False
d43769bc-f3c3-4da1-92bb-03dbb87d98e6,Toko_04689,BRONZE,Riau,2021-12-31,334,4.08,False
27285e98-8bc8-4775-9e14-fb2de13fd958,Toko_04690,BRONZE,Sulawesi Selatan,2019-09-07,284,3.74,False
23302eec-5b01-4af1-9c0a-96cc2dc7a0ff,Toko_04691,BRONZE,Sumatera Barat,2023-09-17,88,3.56,False
78dcb87b-0192-4a6e-bc9d-4bd1f0c2fe09,Toko_04692,SILVER,Jawa Timur,2023-04-02,468,4.55,False
64bcded8-3051-4cc7-8033-b71ea0719479,Toko_04693,SILVER,Jawa Tengah,2021-09-14,281,4.63,False
2968b196-cca9-4410-8285-5c0239380b10,Toko_04694,BRONZE,Sulawesi Utara,2020-05-02,7,4.63,False
b99ff4b8-8877-41bb-9825-bee7e9dcf55d,Toko_04695,BRONZE,Jambi,2023-10-13,179,3.41,False
142d5a22-60a0-49ce-90b7-fc9e83f9d983,Toko_04696,SILVER,Sulawesi Utara,2022-04-23,225,4.19,False
0930fd18-e181-4fbc-acdc-3fd814b13521,Toko_04697,BRONZE,Kalimantan Timur,2018-10-13,331,3.74,False
e19bc3af-8958-4109-83bd-8d129783b23c,Toko_04698,BRONZE,Kalimantan Timur,2019-05-31,452,4.04,False
7fa76bf7-6275-4661-8f98-8e962285d1b3,Toko_04699,BRONZE,Sumatera Barat,2018-01-19,416,4.09,False
0c4de93e-f29c-4c76-973a-af8b201c74e8,Toko_04700,PLATINUM,DKI Jakarta,2023-04-17,69,4.77,False
376572ed-9010-47d5-81ba-62215dfe466c,Toko_04701,SILVER,Bengkulu,2020-07-05,289,4.73,False
c9d53654-2f67-4a25-8946-eea5a43ab5fa,Toko_04702,PLATINUM,Jambi,2023-05-01,245,3.91,False
fc999f01-8bde-440e-bf65-9098fcfb7be6,Toko_04703,GOLD,Jawa Timur,2023-08-16,154,3.28,True
ea8f49ea-674b-4609-96b3-02447999ee8d,Toko_04704,SILVER,Nusa Tenggara Timur,2023-08-27,476,3.78,True
20b6ba7e-a985-431b-9399-d278ff903153,Toko_04705,SILVER,DKI Jakarta,2022-12-18,469,3.17,True
0158dc0b-ffe3-4546-9304-c12181e111cc,Toko_04706,GOLD,Maluku,2021-02-15,77,3.39,False
ec22aefb-dc16-475a-bb86-0d02fdb66500,Toko_04707,SILVER,Yogyakarta,2018-08-01,183,4.48,False
f2b3d032-a19a-4422-ad91-413ed548a3af,Toko_04708,GOLD,Papua,2023-01-06,245,3.19,False
5794a20b-7e71-47ae-8c86-bc0c19e356e5,Toko_04709,GOLD,Maluku,2022-10-16,483,3.24,False
9e981d38-dc3d-455d-8f94-0e433e68a117,Toko_04710,SILVER,Jawa Timur,2022-03-21,191,4.42,False
2730db0a-49c1-49a2-b483-01570bbd3583,Toko_04711,GOLD,Kalimantan Barat,2023-02-08,213,3.59,False
1ea8b4a0-2909-498c-b989-a6b8da4b5884,Toko_04712,SILVER,Kalimantan Barat,2023-11-17,442,3.47,False
737b0880-8faa-447b-8501-b087f686ff61,Toko_04713,BRONZE,DKI Jakarta,2022-02-10,82,3.32,False
8ec6c6f2-c154-4210-8d7f-4ead172802c4,Toko_04714,BRONZE,Banten,2022-04-05,354,4.43,False
6487e18d-2ca9-4532-adb8-fdd6895e1019,Toko_04715,SILVER,Sumatera Selatan,2020-01-17,70,4.68,False
eedf304c-0fbe-455a-bfc5-80e9e6701af5,Toko_04716,GOLD,Sumatera Barat,2018-02-24,239,3.04,False
bd21526d-af42-4b40-9799-36d2c5221b25,Toko_04717,SILVER,Sumatera Barat,2022-09-22,30,4.52,False
897f2bdd-a4fd-4691-b606-1470c4722530,Toko_04718,GOLD,Bali,2019-04-14,47,4.82,False
440e83d9-0683-4fde-83b8-24442d119c7d,Toko_04719,SILVER,Jawa Timur,2018-06-29,40,3.79,False
520f6fa3-c6ce-467a-a492-3a4ef02ed381,Toko_04720,BRONZE,DKI Jakarta,2018-05-06,263,3.07,False
8a5fd539-9c47-4664-80a7-376b6423b977,Toko_04721,SILVER,Maluku,2020-05-05,347,3.52,False
fab00517-da0c-491e-aefe-57d9264057e9,Toko_04722,BRONZE,Sulawesi Selatan,2020-04-12,117,3.64,False
b4268d1c-818c-4104-9adb-a753cf60f33c,Toko_04723,SILVER,Kalimantan Selatan,2023-07-09,462,3.18,False
cc452917-1455-4383-955d-62d68fb5df43,Toko_04724,BRONZE,Kalimantan Barat,2023-04-18,296,3.18,False
03e4bf8f-d6cb-48a8-ad23-29b1def7021b,Toko_04725,BRONZE,Yogyakarta,2023-09-01,478,3.83,False
c3a52bcd-6dc8-4aa6-86b8-91f536da46a7,Toko_04726,GOLD,Papua,2020-09-10,420,3.31,False
978b8263-a2d5-4be6-80c6-fdcbfddf4e5c,Toko_04727,BRONZE,Sulawesi Utara,2019-07-23,423,4.31,False
711ff7b8-18cc-45b9-a67c-ce87f41f7a47,Toko_04728,BRONZE,Sulawesi Tengah,2019-08-05,163,3.79,False
3a99746c-20fd-4e36-93b1-cc15a4a82b3d,Toko_04729,GOLD,Bali,2019-11-13,373,4.0,True
d107b735-3989-4f70-92d7-1ababad8b066,Toko_04730,BRONZE,Jambi,2018-05-21,357,4.76,False
b92c1cd9-0447-40ba-9a8f-4eae74ecebf0,Toko_04731,BRONZE,Sulawesi Tenggara,2022-05-22,345,3.1,False
ef541b39-04e7-42e0-9cf9-e22af3d180db,Toko_04732,SILVER,Jambi,2018-03-13,168,3.17,True
bbbb3b03-9d22-47df-8115-02deb3c14e38,Toko_04733,GOLD,Riau,2020-05-03,426,3.29,False
0d114586-2867-40b5-839c-9b338d53d178,Toko_04734,BRONZE,Nusa Tenggara Timur,2020-04-11,378,3.11,False
db12ca08-6854-4d27-b59b-0f2bfebc4215,Toko_04735,SILVER,Sumatera Barat,2021-08-04,465,3.84,False
41884dd5-30be-469b-9e39-2f1b260ef451,Toko_04736,BRONZE,Nusa Tenggara Barat,2020-04-02,420,3.03,False
a8c04413-5ccb-4fe2-8d6a-e01c421791e5,Toko_04737,BRONZE,Jawa Barat,2018-08-03,274,4.64,False
0bfcd8b8-f67e-43d9-bd2a-203f4d41274d,Toko_04738,BRONZE,Sulawesi Selatan,2023-11-05,63,4.45,False
39aa90c5-bea7-4da0-9bed-c55e91566ad5,Toko_04739,BRONZE,Kepulauan Riau,2023-12-18,500,3.09,False
9e78ad03-2b87-4484-bcc0-00071a878427,Toko_04740,PLATINUM,Sumatera Barat,2021-10-07,362,4.9,True
7e6547e1-f530-48e1-b77a-fda978abf2aa,Toko_04741,SILVER,Nusa Tenggara Barat,2020-01-07,324,4.37,False
ca46507b-5802-42a2-a5a2-1699e643a383,Toko_04742,BRONZE,Gorontalo,2020-12-11,366,3.44,False
78028d27-908a-4c96-8473-ae823c3be300,Toko_04743,BRONZE,Sumatera Barat,2022-09-07,206,3.34,False
28064654-6334-4056-a382-95261df69815,Toko_04744,BRONZE,Jambi,2018-12-04,76,4.97,False
1b47068c-5b69-46de-a768-1127d48eea0f,Toko_04745,BRONZE,Jawa Tengah,2021-11-29,441,4.97,False
6449648c-cf00-47dc-819a-f916afc191a6,Toko_04746,BRONZE,Sulawesi Selatan,2020-11-16,398,3.92,True
5372692b-3c84-42ca-8542-e4ec37b394bc,Toko_04747,BRONZE,Maluku,2020-06-21,42,4.99,False
59ac1238-8cf6-4eed-975d-c058c0934dcb,Toko_04748,BRONZE,Kalimantan Selatan,2020-05-18,350,4.56,False
bbd8c013-8b7f-422b-8e09-a5a8a214b872,Toko_04749,GOLD,Kalimantan Tengah,2023-07-30,481,3.41,False
fade0056-eb2e-4cff-9546-4f8824ca7754,Toko_04750,SILVER,Banten,2019-01-23,290,4.17,True
0cb01473-382c-4a49-8955-ea867a9d93ec,Toko_04751,BRONZE,Papua,2022-09-26,315,3.47,False
750aa7d6-9d76-490e-86a0-ab0b97c67270,Toko_04752,SILVER,Kalimantan Selatan,2018-04-28,392,4.46,False
ad69a12d-d383-4b31-8be3-5cea645d4332,Toko_04753,SILVER,Sulawesi Utara,2019-02-07,265,3.99,False
2e1f7610-fa65-42f5-bd1e-f4b27cedbb47,Toko_04754,GOLD,Papua,2023-12-15,282,4.62,False
c4dbf7a7-b308-4572-90b2-2423433104ac,Toko_04755,GOLD,Kalimantan Tengah,2023-11-25,468,4.33,False
245fed32-9ad9-4acc-97e7-b386b51494bc,Toko_04756,BRONZE,Nusa Tenggara Timur,2022-06-13,455,4.55,False
f6ed14f1-92ea-4683-b790-a30e0f48401b,Toko_04757,SILVER,Kalimantan Barat,2019-12-06,308,3.32,False
8cc527d3-33a0-45c8-be4f-98e0dd383f55,Toko_04758,BRONZE,Sulawesi Tengah,2023-10-10,10,4.14,False
2dda6e37-06c8-4794-986b-8e995b00a02a,Toko_04759,BRONZE,Kalimantan Barat,2018-12-17,491,3.79,False
9a9b30d0-de71-465a-ba33-28bfba6aaa10,Toko_04760,BRONZE,Sulawesi Tenggara,2018-01-03,242,3.58,False
9066841e-d66c-4486-9c9c-042a65227900,Toko_04761,GOLD,Bali,2019-03-11,74,3.65,False
12ab3143-ecbc-44b6-b9cc-7e02c85d453d,Toko_04762,SILVER,Banten,2022-11-12,170,4.95,False
ecdee471-b76b-40e6-99aa-4bf5253948a6,Toko_04763,BRONZE,DKI Jakarta,2020-02-09,472,4.11,False
47c07da6-fa48-4b3f-aca6-8f7ceeb99102,Toko_04764,SILVER,Kalimantan Timur,2018-05-01,478,3.14,False
fc789003-2e47-4030-8e7d-e887333762e5,Toko_04765,PLATINUM,Jawa Timur,2022-12-11,60,4.78,False
00ca65c0-2728-4486-85b8-191ebf6b99db,Toko_04766,BRONZE,Sulawesi Tenggara,2020-02-11,297,3.14,False
942f122e-fd5c-43e1-b7ec-334da888776a,Toko_04767,SILVER,Bangka Belitung,2021-12-14,449,3.79,False
ffdae76e-d0f3-4927-a967-9e97f61f01c1,Toko_04768,SILVER,Sulawesi Selatan,2018-11-25,336,3.23,False
adfdf93c-7d00-4b8a-914b-94efe395ad2d,Toko_04769,SILVER,Jawa Barat,2018-08-18,451,4.3,False
6290ef71-9c33-461b-acc6-10cdc9377db6,Toko_04770,BRONZE,Nusa Tenggara Barat,2020-01-23,139,3.54,False
4bdde601-ad40-48aa-8ad7-f0575fa7b785,Toko_04771,BRONZE,Sulawesi Selatan,2023-07-06,183,4.28,False
46add1c7-457f-4902-b038-8213fb5ace06,Toko_04772,SILVER,Nusa Tenggara Timur,2018-03-10,401,3.28,False
8d80ca78-db92-4099-9293-db83fec77b07,Toko_04773,BRONZE,Aceh,2019-09-07,179,4.27,True
9f1e1e3e-8e04-45fa-9260-7323e3931e83,Toko_04774,SILVER,Kepulauan Riau,2018-05-28,257,3.55,False
6134a4c3-2cd2-408f-8955-0d33ae7493ef,Toko_04775,PLATINUM,Kalimantan Barat,2021-11-12,81,4.99,False
98ec596d-68c0-4a9e-8d51-5dadbad9d1ce,Toko_04776,GOLD,Kalimantan Tengah,2020-05-13,425,3.24,False
7932ea98-d355-4f59-9f3a-7b525bd3508c,Toko_04777,BRONZE,Yogyakarta,2018-06-21,11,4.56,False
860054ee-83d5-4433-9bd4-4f83081b6a47,Toko_04778,BRONZE,Banten,2020-12-07,407,3.35,False
13b5a99f-6515-4fad-9457-38635fcf131d,Toko_04779,SILVER,Banten,2020-11-29,364,4.61,False
ccd98dfc-b630-4435-825c-0449c4c723e9,Toko_04780,BRONZE,Jambi,2021-03-26,17,4.39,False
8bbe319b-4bf7-4d1b-8f60-f5ac0988e89b,Toko_04781,GOLD,Maluku,2019-01-12,418,4.28,False
a84445e5-46bc-4497-aae3-254e1a359866,Toko_04782,BRONZE,Papua,2022-02-14,466,3.82,False
b0e70333-b171-4948-a1fc-4f1e7e78c01a,Toko_04783,SILVER,Jawa Barat,2022-04-08,282,4.81,False
20633ce9-5194-471b-8444-9be7a8db9f62,Toko_04784,BRONZE,Lampung,2020-11-02,486,3.75,False
509ce223-db54-43dc-bf16-94f93c10abe0,Toko_04785,SILVER,Riau,2022-04-09,340,3.86,False
6b0cb89f-26b5-4d4b-98d8-a99b16416776,Toko_04786,SILVER,Kepulauan Riau,2022-09-12,186,4.85,False
9f7be91d-7742-4921-b79d-28b58bcbb776,Toko_04787,SILVER,Bangka Belitung,2021-01-01,264,3.4,False
7d7e7a6d-afce-4375-b7f1-8bd524a9c1a9,Toko_04788,SILVER,Sumatera Barat,2021-12-17,340,4.09,False
195e6703-90e6-4f8d-a223-ac030b03ba5f,Toko_04789,BRONZE,Kalimantan Tengah,2023-07-19,115,3.87,False
09ca47c7-7be7-4381-97b5-a77bed234866,Toko_04790,BRONZE,Kalimantan Timur,2020-09-11,83,3.06,False
77c700eb-b09a-4cb2-b2c0-2a5842b3f1c8,Toko_04791,SILVER,Kalimantan Selatan,2023-11-19,246,3.01,False
16a3e285-a1cc-46d9-92dd-b93990edb74f,Toko_04792,SILVER,Sumatera Barat,2019-10-14,400,4.77,False
4a01cf6c-3b4a-4be7-8fac-484b72e754e0,Toko_04793,GOLD,Sulawesi Tenggara,2020-06-13,341,4.66,False
5a0e1b85-48f9-4a1a-85b1-e666c1a68f64,Toko_04794,BRONZE,Aceh,2022-10-30,310,4.38,False
85671d98-9f92-4d0e-9f2c-e298033bae4e,Toko_04795,BRONZE,DKI Jakarta,2021-06-05,168,4.6,False
a15114e3-8237-48aa-8a4e-a6d7c48c5824,Toko_04796,SILVER,Nusa Tenggara Barat,2019-12-18,277,3.54,False
d30bacfe-1dcb-45fa-b3d8-f9ed5d4d4266,Toko_04797,SILVER,DKI Jakarta,2018-07-29,239,3.39,False
250ed38f-0f22-478f-bf08-cf024674888b,Toko_04798,PLATINUM,Nusa Tenggara Barat,2020-03-14,295,3.09,False
27be6b07-2fb5-4be9-8558-9540abac7fdc,Toko_04799,BRONZE,Aceh,2023-07-01,469,3.28,False
165853e2-322f-4b33-88d4-54348484045b,Toko_04800,BRONZE,Nusa Tenggara Timur,2021-11-15,346,4.26,False
392f145b-4344-470f-993b-85d776e69d61,Toko_04801,BRONZE,Gorontalo,2018-04-28,37,3.84,False
4a49b1cc-ca48-4b70-8187-02013d7c4d3d,Toko_04802,PLATINUM,Jawa Timur,2021-12-22,24,4.35,False
87a1b134-cad3-43c4-b795-5e0606440f48,Toko_04803,SILVER,Lampung,2021-11-07,16,4.32,False
b6984b6d-23f0-4894-9cb5-db9e7c2c87b2,Toko_04804,BRONZE,Sumatera Selatan,2021-11-07,121,4.77,True
baa62e53-72de-4fed-a22c-432f5717381e,Toko_04805,SILVER,Riau,2020-08-10,427,3.45,False
ff81a693-67ef-4688-bd38-30d3606ae8be,Toko_04806,GOLD,Bengkulu,2021-09-16,101,3.16,False
4435a68d-dc90-499b-83c9-50d2cca7bd64,Toko_04807,GOLD,Jawa Timur,2019-08-06,127,4.31,False
f20149dc-c756-464f-b329-33bcfbbda19a,Toko_04808,BRONZE,Bangka Belitung,2019-11-15,210,3.72,False
1467fa9e-e3ca-4a1a-9f93-89f3077b2dc9,Toko_04809,GOLD,Banten,2022-11-14,435,4.35,False
8c5e6667-1dff-4d93-b121-c231ec9fd9f3,Toko_04810,GOLD,Kalimantan Selatan,2019-03-31,359,3.1,False
438696e2-972b-48f4-8154-a92b41e40d6b,Toko_04811,BRONZE,Sumatera Selatan,2021-12-04,183,3.59,False
3fbc86b2-6314-485f-98c9-aa06c6b4439e,Toko_04812,BRONZE,Bengkulu,2022-11-02,25,4.6,False
3865f333-70dd-472e-99a4-963471e265f0,Toko_04813,SILVER,Bali,2020-08-08,170,3.19,False
4b461c94-fea1-4d4c-8da5-067ed4622125,Toko_04814,GOLD,Lampung,2021-11-10,429,3.71,False
8c5126d3-751b-4e90-b7a1-d224b6dc1bc4,Toko_04815,BRONZE,Sulawesi Selatan,2018-05-09,477,4.53,True
2520d4e4-7ac5-47f1-9c1f-633a5b83917f,Toko_04816,BRONZE,Bangka Belitung,2019-03-17,217,3.91,False
edcfeeb1-31a9-4ad1-adb9-e565f2e40b32,Toko_04817,BRONZE,Jawa Timur,2019-07-30,438,3.17,False
1cd93902-6ade-473d-9bf8-74c531e96803,Toko_04818,SILVER,Kalimantan Tengah,2019-11-15,394,3.85,False
2935f3b9-d813-481a-b65a-f6e32f456867,Toko_04819,BRONZE,Kalimantan Tengah,2018-04-28,268,3.52,True
4081617f-be6d-40bc-b396-55cdfc8d9376,Toko_04820,PLATINUM,Nusa Tenggara Timur,2022-12-16,205,3.32,False
139731fe-8c23-41ec-9da4-f267eddf3973,Toko_04821,PLATINUM,Kalimantan Tengah,2020-08-16,47,4.21,False
d089d896-4653-42eb-87aa-da0a5ea68b98,Toko_04822,BRONZE,Bangka Belitung,2020-08-20,477,4.24,False
a5745907-34b1-4579-8114-28a273cba80a,Toko_04823,BRONZE,Aceh,2023-07-17,486,3.12,False
a928ccbf-3b14-435d-a0e9-18af527d47b4,Toko_04824,SILVER,Aceh,2019-08-09,474,4.64,False
c1a8540e-c480-45b3-87c8-122eb7133f22,Toko_04825,SILVER,Kalimantan Tengah,2022-12-11,121,4.35,True
00a5be94-22bf-4337-947b-5c60e0055780,Toko_04826,BRONZE,Bengkulu,2020-05-31,148,4.56,False
46039e77-97ed-4f98-99fa-30d8d1b659d1,Toko_04827,SILVER,Sulawesi Tenggara,2023-12-14,495,3.08,False
47256a26-5140-4f7c-bf0e-0aa1adf55152,Toko_04828,GOLD,Jawa Tengah,2021-04-10,337,3.3,True
3c83fe26-87fd-49d8-812b-e71307f5567b,Toko_04829,SILVER,Sumatera Barat,2022-06-30,157,3.73,False
c58efa59-5e39-4601-af35-0a0ad17f7d36,Toko_04830,BRONZE,Sumatera Utara,2020-08-30,59,3.49,True
6d438843-c331-45c8-b04d-e5e2786d57e9,Toko_04831,BRONZE,Kalimantan Selatan,2022-12-14,198,3.93,False
20ad8da5-cf52-48d7-afd5-6a62877fc6e1,Toko_04832,BRONZE,Maluku,2021-09-18,154,4.18,False
5052bb18-95ad-4914-aedc-386ece3b71fa,Toko_04833,SILVER,Sumatera Selatan,2018-12-15,271,4.7,False
37571a3e-1c9f-4a0c-a598-20d41829e1d9,Toko_04834,BRONZE,Kalimantan Tengah,2022-03-06,120,4.83,True
9679c436-50a9-469b-9f13-54d7885f1499,Toko_04835,BRONZE,Nusa Tenggara Timur,2019-10-05,345,4.96,False
40bb47d4-3a9d-4b69-8c56-6ca107690819,Toko_04836,BRONZE,Nusa Tenggara Timur,2019-03-16,169,3.03,True
ff66b653-f7a6-4ea5-8058-f8a20fe36f78,Toko_04837,SILVER,Papua,2023-03-31,314,3.25,False
a8546853-b467-4634-91ce-c07f4c16b35e,Toko_04838,PLATINUM,Jambi,2018-09-21,470,3.9,False
e968967a-1b9e-49c1-9cb7-4b58375df364,Toko_04839,SILVER,Kepulauan Riau,2022-10-17,77,4.37,True
559fee91-cc64-4775-8d48-9f1ad5a855fb,Toko_04840,BRONZE,Sulawesi Tengah,2023-06-27,122,4.64,False
08eeca8f-6611-4c63-81d7-efec9f6e9319,Toko_04841,BRONZE,Sulawesi Tenggara,2020-10-05,208,4.13,True
248a568b-a36c-4503-adb3-1abae34cffcb,Toko_04842,BRONZE,Sumatera Selatan,2023-03-02,227,4.56,True
fe86d74f-270a-41c8-8632-f9a8c7175c68,Toko_04843,BRONZE,Banten,2023-10-06,354,3.9,True
2128fde8-e3d0-4e44-8710-ef1b3dab59a0,Toko_04844,SILVER,Kalimantan Selatan,2018-11-28,196,4.73,True
a056e376-30eb-4eb1-880a-662caaced0c6,Toko_04845,BRONZE,Jawa Barat,2018-02-12,419,4.98,True
b806ef13-7e6d-4b3e-b678-05716d7773da,Toko_04846,GOLD,Kalimantan Barat,2023-11-03,129,4.12,False
a924562b-bf05-4fbe-8c23-f35c8326227d,Toko_04847,BRONZE,Sumatera Selatan,2021-06-22,331,3.69,True
e266548b-af14-47e2-be84-e729ac3f47a4,Toko_04848,SILVER,Sulawesi Tengah,2022-06-26,236,4.52,True
4627df07-3be1-4050-8f46-4bbbbead94c6,Toko_04849,SILVER,Jawa Barat,2021-01-19,9,4.21,False
51556281-34c6-4bde-b997-6c4e671902a4,Toko_04850,BRONZE,Kalimantan Tengah,2023-02-25,352,3.7,False
94f1b261-85c9-4a1f-8167-b12ab2406481,Toko_04851,SILVER,Aceh,2019-08-22,127,4.58,False
0b801fd4-2f3b-4405-ba78-84a72092e3d5,Toko_04852,BRONZE,Jawa Tengah,2020-09-24,430,4.1,True
a7664843-f456-4355-b2a8-d6c8455becf7,Toko_04853,BRONZE,Jawa Barat,2021-07-08,56,3.49,False
7c60cef5-644d-4ac0-820a-35f4d8f10fc2,Toko_04854,BRONZE,Sulawesi Tenggara,2021-06-25,86,3.3,True
2f91cb7b-900e-415c-853f-ca2b920e76fd,Toko_04855,SILVER,Sulawesi Tenggara,2019-11-24,190,4.59,False
6c3ee9b8-cc3c-49ed-8e0a-c590947e2274,Toko_04856,GOLD,Aceh,2020-03-17,355,4.46,False
9a695f91-19ba-4c57-b35e-5db71420caf5,Toko_04857,SILVER,Sulawesi Tengah,2019-05-13,375,4.56,False
a1c78ad9-0ee2-4d99-b411-78deeb708289,Toko_04858,BRONZE,DKI Jakarta,2020-08-31,280,4.13,False
37e942c0-8a8d-49b0-9df5-591bb4d2c345,Toko_04859,BRONZE,Maluku,2023-05-16,130,4.48,False
7dfe76aa-9e4c-443e-9190-907dee534002,Toko_04860,SILVER,Sulawesi Tengah,2021-06-08,336,3.97,False
d1e817ff-ffce-40b6-9a84-ec1f419e0a86,Toko_04861,BRONZE,DKI Jakarta,2021-12-19,71,3.16,False
7df40eb4-4bda-4c42-bc37-5f3f41faba4f,Toko_04862,BRONZE,Jawa Barat,2023-04-26,472,3.02,True
b77ca147-1fb3-4253-8e19-e91c213fd330,Toko_04863,BRONZE,Sulawesi Tenggara,2022-02-04,451,4.59,False
69d47360-e79a-4ecb-ba48-f2a0166bc6c6,Toko_04864,SILVER,Kepulauan Riau,2021-08-06,58,3.36,False
3f09152e-5eaf-458c-b81b-63bf867dc7dd,Toko_04865,SILVER,Jawa Tengah,2019-03-28,456,4.56,False
c3920c22-b30d-4838-bd40-18167eb42084,Toko_04866,SILVER,Jambi,2021-05-29,190,3.52,False
06b3a6c5-480b-4c6b-8485-18783560e741,Toko_04867,SILVER,Banten,2022-06-08,181,3.68,False
b6905323-d135-4593-af36-750cd60eafd2,Toko_04868,SILVER,Sulawesi Selatan,2022-10-19,260,3.16,False
f786a4be-7d4d-4f53-83cf-55c5d9f2c60a,Toko_04869,SILVER,Jambi,2019-04-22,357,4.51,False
e32f1d37-b095-4872-9370-7b3208d93d0c,Toko_04870,BRONZE,Banten,2022-10-10,128,4.17,False
c8e63b8f-8fce-43c0-b35d-23bb05462825,Toko_04871,BRONZE,Kalimantan Barat,2022-04-13,477,4.55,False
b2f8bff0-b615-4a73-b98d-d0d918af3244,Toko_04872,PLATINUM,Kalimantan Selatan,2022-01-28,258,3.41,True
83085911-263d-4cf7-a407-6c5886a37243,Toko_04873,SILVER,Bangka Belitung,2023-11-20,249,4.49,False
0f2980a0-34d1-4a4c-8966-0b914c630be2,Toko_04874,BRONZE,Aceh,2019-07-27,116,4.37,False
afcb7616-7a97-4b8e-a07c-c6062e3f826a,Toko_04875,GOLD,Lampung,2022-04-09,497,3.14,False
3ea05e6a-c368-4786-aa6f-21bdae6ff387,Toko_04876,BRONZE,Kalimantan Barat,2019-12-22,258,3.85,False
d14db026-5202-4014-8078-5f7a18e8bcd2,Toko_04877,BRONZE,Papua,2019-03-29,41,4.61,False
2ead3e6b-fb49-4959-ad18-d407ccb92e2b,Toko_04878,BRONZE,Lampung,2019-12-15,325,4.34,False
310b74fb-ab8d-44d6-822e-9682ea6c27f8,Toko_04879,BRONZE,Sumatera Barat,2019-04-07,312,3.79,False
cad0cb7e-321f-47e8-a0b1-f2e0bf0a98f6,Toko_04880,BRONZE,Yogyakarta,2022-08-30,139,3.96,False
e7d6e6d0-215b-4f40-acf3-edab41ba7b89,Toko_04881,BRONZE,Kalimantan Barat,2022-05-07,308,4.02,False
b5bffc7a-4ae4-43a7-ac13-ef9bbc3d45b1,Toko_04882,BRONZE,Kalimantan Barat,2020-08-05,6,3.06,False
c3adffe3-7a3d-402d-b11c-be1152328084,Toko_04883,SILVER,Nusa Tenggara Barat,2020-07-22,210,4.46,False
d5061c62-67b9-4c0f-8331-72e1de9d548b,Toko_04884,BRONZE,Kalimantan Selatan,2020-01-12,387,4.9,False
a1b266c6-f2f8-4b65-aa16-95d1a800efc5,Toko_04885,SILVER,Nusa Tenggara Barat,2019-04-11,343,4.29,False
1bfc3dc3-60bc-47bd-bd08-c7937d579e69,Toko_04886,BRONZE,Kalimantan Timur,2020-07-02,148,3.13,False
7299e8b6-6dc6-4be1-a468-ad7aa24fc497,Toko_04887,BRONZE,Aceh,2019-08-18,301,3.19,False
0ae5292a-4cda-4d45-8c10-c9a66c7590be,Toko_04888,BRONZE,Sulawesi Tengah,2019-10-05,148,3.96,False
56ff7dc0-07e1-4faf-9f69-4a5a5f557c5a,Toko_04889,BRONZE,Sulawesi Tenggara,2019-04-13,233,4.39,False
a5f7caf7-6485-4627-8fe4-8809c5e198cc,Toko_04890,PLATINUM,Nusa Tenggara Timur,2018-08-07,439,4.65,False
bf0c87be-11af-4dad-9264-a357b9f7f321,Toko_04891,BRONZE,Nusa Tenggara Barat,2023-11-03,340,3.5,False
f5470fbd-ed5a-4288-8cce-b3bacb439685,Toko_04892,GOLD,Bali,2023-01-13,324,4.2,False
c7a9b939-0d98-40b3-bebe-cdec514836b2,Toko_04893,GOLD,Banten,2019-03-13,256,3.25,False
a40c3a6e-1a87-43e9-a538-be6b3ccb1c69,Toko_04894,GOLD,Jambi,2021-10-07,218,3.71,False
06b33886-81ff-4a63-a261-7804ce5041fc,Toko_04895,SILVER,Sulawesi Tenggara,2019-02-22,486,4.78,True
6171b8a9-9cd1-44ac-baed-ea7f5bf355e0,Toko_04896,BRONZE,Sumatera Selatan,2021-07-07,213,4.72,True
4464c5d2-7475-4d55-a0f5-cf01ec29f9f0,Toko_04897,BRONZE,Kepulauan Riau,2019-01-21,91,4.19,False
44c09193-3906-4afe-bed9-0fdda0d80f3b,Toko_04898,BRONZE,Kalimantan Selatan,2023-01-12,423,3.36,False
c8f51a56-66ee-4f9b-b020-372d38e83027,Toko_04899,BRONZE,Kalimantan Tengah,2021-06-03,316,3.82,False
1b7dc4fb-571c-4cec-bcd8-46ff947c37da,Toko_04900,SILVER,Jawa Tengah,2018-12-30,298,4.68,False
77e9f0fc-7efe-4ea4-985b-9b52520b175a,Toko_04901,GOLD,Maluku,2018-08-08,205,4.06,False
17ce4d7b-c968-4adc-8f12-6c12153127e5,Toko_04902,SILVER,Jawa Timur,2020-04-28,334,4.65,False
26fd29a3-ffd8-4b6d-966e-b9457cb22cb0,Toko_04903,BRONZE,Sulawesi Utara,2021-11-26,101,4.59,False
570ccb74-eb86-4265-8733-e05351045a33,Toko_04904,BRONZE,Sumatera Barat,2020-03-07,220,4.84,False
7994ef91-92d4-49aa-a89f-cb438f9a0992,Toko_04905,BRONZE,Sulawesi Utara,2023-11-29,173,3.54,True
85564204-c287-4b9c-9719-102393bdc6f5,Toko_04906,GOLD,Lampung,2018-08-19,129,3.95,False
7d0eaa90-9791-4a7c-bc1e-0c644b1de55f,Toko_04907,BRONZE,Lampung,2022-03-02,269,4.55,False
c2e71491-d79f-465c-81f4-2f667e0cf4e7,Toko_04908,BRONZE,Kalimantan Tengah,2020-08-18,353,4.2,False
0515ddac-2c7c-48c3-b8c0-be851aa39ba8,Toko_04909,GOLD,Jawa Timur,2019-09-20,251,4.7,False
67999fb6-cf9f-4521-8763-a007387fb3c3,Toko_04910,BRONZE,Nusa Tenggara Timur,2019-09-24,79,4.82,False
0cba227c-9e8a-426e-bd57-9b6ec9368eb0,Toko_04911,GOLD,Jawa Timur,2022-11-29,419,3.54,False
e0ab1dde-e75a-47ee-be7c-65c69f3fde4f,Toko_04912,SILVER,Sumatera Utara,2021-08-14,290,4.76,True
9d5368a3-6284-4275-98b1-01b21a80482e,Toko_04913,SILVER,Yogyakarta,2020-11-06,431,3.99,False
682aef10-df74-498a-981a-b4a60a6abf24,Toko_04914,BRONZE,Gorontalo,2019-03-12,424,4.41,False
b8dcefbe-e8b6-4238-baae-ec2bf85d42b1,Toko_04915,BRONZE,Jambi,2018-06-02,67,4.39,False
ba205faf-10ee-467f-a4cd-11e340062547,Toko_04916,SILVER,Riau,2022-01-06,137,3.2,False
58470948-cfca-4044-af52-7827522386d4,Toko_04917,GOLD,Riau,2021-07-27,124,3.19,False
b34ae4bb-2480-4e38-9625-591b01e6a2ac,Toko_04918,GOLD,Nusa Tenggara Barat,2020-09-19,9,4.79,False
1520d981-90b2-42b0-81e4-449f9f9dd01a,Toko_04919,SILVER,Sulawesi Tengah,2021-10-15,401,4.92,True
528cab40-9b9c-4357-85ef-44913225bee1,Toko_04920,SILVER,Maluku,2021-06-06,190,4.76,False
47a1b752-ee8c-4d14-9b8c-2ee6b09f1697,Toko_04921,SILVER,Nusa Tenggara Timur,2021-02-10,473,4.46,False
59a6192c-2cc7-4310-aace-efff4a89231c,Toko_04922,SILVER,Nusa Tenggara Barat,2019-12-22,364,3.22,False
e642bc54-d44e-4222-9192-2432b2940116,Toko_04923,GOLD,Sumatera Selatan,2021-09-08,338,4.89,False
9d6ac08b-bfc5-4b2c-9854-c0eb00f18f10,Toko_04924,BRONZE,Sulawesi Tengah,2018-09-21,39,4.75,False
a8218c74-442f-4652-958e-13f8ac744f71,Toko_04925,SILVER,Sumatera Selatan,2022-10-23,236,3.06,False
cdfa5996-fb9a-4a6e-abd1-47afb52b86d1,Toko_04926,BRONZE,Papua,2020-07-16,366,3.59,True
620e1d2e-c435-464d-9ad2-d65430af7e6a,Toko_04927,GOLD,Lampung,2019-06-28,338,3.34,False
a4b4076c-46df-4b2e-a180-d4246e5fb713,Toko_04928,GOLD,Riau,2019-01-21,357,4.23,False
d6d8ce8c-4989-4c82-ac2f-5e92d19854d3,Toko_04929,GOLD,Sumatera Barat,2018-09-09,215,4.35,False
de1c846b-1f26-420d-b49e-cc72dff97851,Toko_04930,SILVER,Kalimantan Tengah,2021-07-04,162,4.8,True
2dfe7e84-0d34-407e-961a-5fbd15e953a0,Toko_04931,SILVER,Nusa Tenggara Timur,2021-06-23,153,3.54,False
b1f55a9e-f95a-4082-b0ad-9f44346a11fb,Toko_04932,PLATINUM,Bangka Belitung,2021-01-13,84,4.34,False
23b9c04d-fa6a-4a10-bb82-2c099f879242,Toko_04933,BRONZE,Riau,2020-09-29,418,4.67,False
47e79554-e1dc-4bc4-9872-c31a1d67b6f8,Toko_04934,SILVER,Lampung,2022-12-05,215,3.7,False
79805558-f683-4626-a18b-74ce8f1bfd36,Toko_04935,BRONZE,Papua,2023-10-10,223,4.31,False
673f3d03-fad3-4137-a259-23857a1d65fd,Toko_04936,BRONZE,Riau,2018-02-03,318,4.61,False
6e838b76-f876-4d0f-9b73-9b22004090d4,Toko_04937,BRONZE,Kalimantan Selatan,2020-02-28,322,4.08,False
3400a224-22e2-41a9-99e2-f378de03dda6,Toko_04938,GOLD,Sulawesi Selatan,2018-06-09,168,3.62,False
d8e6a664-44ed-4b8f-a512-93fb9a1207b8,Toko_04939,BRONZE,Kalimantan Timur,2019-01-18,355,4.27,True
affc97fd-1d79-48f3-86b0-524d76bed923,Toko_04940,GOLD,Sumatera Utara,2022-04-29,445,3.15,False
feb28006-341c-4e96-95c0-eb5ebe3930f6,Toko_04941,GOLD,DKI Jakarta,2020-03-28,167,3.77,False
5aea40b1-576c-40df-bbcf-a2a8028fc50d,Toko_04942,BRONZE,Bali,2019-12-20,23,4.27,False
5a5130c9-be96-495f-962f-fe6a4113a1e2,Toko_04943,SILVER,Maluku,2022-04-13,226,4.17,False
f4bdc8ff-3937-4f6b-b2ca-646ab7b5cc17,Toko_04944,BRONZE,Sumatera Utara,2019-11-19,296,3.69,False
bca85030-8573-4396-9965-678870838067,Toko_04945,BRONZE,Bali,2020-10-21,52,4.67,False
46106925-055e-46c6-bfa2-ce163d652d89,Toko_04946,SILVER,Bengkulu,2020-02-25,316,4.35,False
75c3d3fe-46c7-47fa-ac64-7e765b4ef684,Toko_04947,GOLD,Jambi,2021-06-05,69,3.56,False
ca2b2400-6a88-45b2-9d3b-3218c00b65be,Toko_04948,BRONZE,DKI Jakarta,2022-03-31,222,4.35,False
14b992ff-53a5-4aa0-8d24-f26f07e67a73,Toko_04949,BRONZE,Kalimantan Tengah,2020-02-23,108,4.61,False
9a9d80dc-1efa-483c-8a92-0ce07d8d3d4c,Toko_04950,SILVER,Sumatera Barat,2020-09-02,136,3.42,False
fb8ca237-d937-4774-9fd0-8f95cd383053,Toko_04951,PLATINUM,Aceh,2023-11-28,200,3.87,False
97580165-f719-41d2-abc2-5eb40b535f3f,Toko_04952,SILVER,Sulawesi Tengah,2022-11-16,402,4.62,False
8bbd8b5f-9086-4138-9a56-cf65ae695c18,Toko_04953,BRONZE,Sumatera Barat,2019-12-25,201,4.89,False
83bb1d7d-2b43-49c5-956e-7c2d8ae5e986,Toko_04954,SILVER,Kalimantan Timur,2018-03-27,235,3.54,False
4ace7712-f05f-4bee-b37b-b3035eb6db74,Toko_04955,GOLD,Bali,2021-11-23,88,4.95,False
f5197b6d-b25b-4967-a422-91619f734f49,Toko_04956,SILVER,Gorontalo,2023-11-13,418,4.24,False
2acd38a0-fcd2-49c0-a25a-05d6f0a3ddf0,Toko_04957,BRONZE,Gorontalo,2023-05-19,436,4.26,True
c7146e88-f0a3-48f8-8439-9244b96faadc,Toko_04958,SILVER,Jambi,2022-09-25,150,3.65,False
428f4177-9247-46e8-bd90-6e3d87bfef43,Toko_04959,BRONZE,Bangka Belitung,2023-04-11,212,3.66,False
7e99c34a-f59e-4b9c-a0a2-39c6c26bf502,Toko_04960,BRONZE,Sulawesi Tenggara,2023-11-13,108,3.01,False
8b33893a-47a3-41e9-988b-7cc28d920aa2,Toko_04961,GOLD,Kalimantan Timur,2021-01-27,74,4.1,False
0a714bfe-bb3e-4bcf-9253-cc5a1be23dc8,Toko_04962,BRONZE,Riau,2021-03-12,383,4.46,False
b1dae476-4a30-46e2-b9ba-9dc4eef48546,Toko_04963,SILVER,Sulawesi Tengah,2022-11-12,225,3.9,False
86934367-7a9a-44de-ac15-483345b8ecbd,Toko_04964,SILVER,Sulawesi Selatan,2018-03-09,214,4.4,False
15c0b9eb-021b-4b12-8458-711d6f453a8d,Toko_04965,GOLD,Nusa Tenggara Timur,2018-04-02,451,4.73,False
65a9fd4e-b449-471a-abe3-aa9a519d784b,Toko_04966,SILVER,Jawa Tengah,2020-12-04,323,3.88,True
76c2880c-0032-4a8c-acf7-1ce6a22f1fab,Toko_04967,BRONZE,Bengkulu,2020-05-30,413,4.05,False
e97c8ad2-2c49-4905-a18f-b4924091a866,Toko_04968,PLATINUM,Gorontalo,2023-01-10,57,3.67,False
a67581d1-5e99-459f-83e0-87150634d731,Toko_04969,BRONZE,Kalimantan Tengah,2021-08-27,5,4.31,True
bfd76382-e163-4c91-8550-ff183e154d5e,Toko_04970,SILVER,Kalimantan Tengah,2018-03-23,356,3.19,False
4472ab0c-774e-4184-97bb-70f5abcd508e,Toko_04971,BRONZE,Bali,2020-01-11,109,3.57,False
66d53ae6-48ae-48b1-a3d0-208402339e19,Toko_04972,PLATINUM,Nusa Tenggara Barat,2022-11-17,299,4.03,True
af14a44b-9328-4a42-a41d-09bb603fe9bf,Toko_04973,PLATINUM,Gorontalo,2021-02-13,170,4.52,True
1c849894-c365-4848-aed2-fce75fd48b6e,Toko_04974,BRONZE,Kalimantan Tengah,2022-08-01,443,4.41,False
09508161-519d-41c4-8b46-7a3d73635af7,Toko_04975,BRONZE,Kalimantan Timur,2021-06-27,28,3.27,False
b89122b8-f6ec-4525-83ae-2517bacff3b7,Toko_04976,GOLD,Yogyakarta,2019-12-30,412,4.12,True
a9f85d9b-f42c-4bec-97b6-90d1b3ee1b5f,Toko_04977,GOLD,Sulawesi Tenggara,2019-11-19,465,3.66,False
168b05cd-5b6a-4198-993d-4ff2718dced6,Toko_04978,BRONZE,Jawa Barat,2019-06-17,174,3.11,False
92af01f9-61da-424b-be9b-bac072f600a1,Toko_04979,GOLD,Sulawesi Tenggara,2021-08-18,451,4.41,False
5fa291ed-1e19-4746-a192-f294a16fd59f,Toko_04980,SILVER,Bengkulu,2022-03-22,452,4.66,False
4dee7d8b-ee25-4a12-bd8d-5641426c5820,Toko_04981,GOLD,Nusa Tenggara Timur,2022-08-12,394,4.51,False
6c296507-2810-45fb-9b07-eb841ec90bfc,Toko_04982,BRONZE,Sumatera Barat,2022-07-26,445,4.12,True
e686c876-c130-4b2c-987f-96698c111602,Toko_04983,BRONZE,Kalimantan Timur,2023-09-29,184,3.44,False
220775cf-a3b2-4bff-bdac-bda9deb301ba,Toko_04984,BRONZE,Bengkulu,2018-11-22,440,4.53,False
b5241efe-60ea-4407-ad04-32fe5c07edd4,Toko_04985,SILVER,Nusa Tenggara Barat,2021-09-27,48,4.93,False
96236f75-a075-4435-a3c8-66a1d27509bb,Toko_04986,BRONZE,Bengkulu,2021-04-19,334,4.84,False
8b1631a6-c223-4160-8027-2dd81b35b342,Toko_04987,BRONZE,Bangka Belitung,2023-06-29,240,3.7,False
b89f3345-654f-48ee-8052-67749e1742e5,Toko_04988,SILVER,Yogyakarta,2020-06-04,203,3.66,True
b9e194f7-0fdd-4bda-b49c-4e3bbac59353,Toko_04989,PLATINUM,Aceh,2022-09-27,115,3.51,False
ed4146e3-4956-4ed2-afb6-8890d6ce6b8b,Toko_04990,BRONZE,Nusa Tenggara Barat,2020-11-23,211,4.02,False
cf4741f0-e771-4b44-bc7c-940b37398882,Toko_04991,SILVER,Maluku,2020-09-28,124,3.21,True
54ab987f-4185-4bc9-b1d3-2a502ee86792,Toko_04992,PLATINUM,Sumatera Selatan,2020-06-29,194,3.88,False
549f1f30-20f3-4e1e-ab02-180085557722,Toko_04993,SILVER,Kepulauan Riau,2018-07-15,234,4.77,False
12d18808-593c-4f49-b819-566d428f1414,Toko_04994,GOLD,Lampung,2021-02-20,448,3.71,False
d8d19616-f6ac-4087-8d5b-23d11a867a97,Toko_04995,BRONZE,Papua,2022-08-21,460,3.27,False
bbad997c-8199-4523-a52a-ab6f6e1f0d33,Toko_04996,BRONZE,Sulawesi Tenggara,2021-07-06,361,3.08,False
1eb89dc0-75b4-41e8-b243-fb901a061609,Toko_04997,GOLD,Gorontalo,2023-06-24,421,3.99,False
01601f36-e8b2-423a-b353-2741b15bd23c,Toko_04998,PLATINUM,Bangka Belitung,2022-03-14,318,3.55,False
358d41bb-488e-43dc-af67-bd62acf07edd,Toko_04999,BRONZE,Lampung,2023-08-20,369,3.67,False
